Workbook

Sheet CPI_Downloader
A1: Date | B1: Headline CPI - Unadjusted CDN | C1: Headline CPI - Seasonally Adjusted CDN | D1: Core CPI - Unadjusted CDN | E1: Core CPI - Seasonally Adjusted CDN | F1: Alberta CPI - Unadjusted CDN | G1: Headline CPI - Unadjusted US | H1: Headline CPI - Seasonally Adjusted US | I1: Core CPI - Unadjusted US | J1: Core CPI - Seasonally Adjusted US | K1: Unemployment Rate - Seasonally Adjusted US | L1: Monthly Effective Fed Fund Rate US | M1: Monthly Fed Fund Rate - EOP US | N1: SP by month US | O1: 10yr vs 2yr US | P1: PCE - Seasonally Adjusted US | Q1: Core PCE - Seasonally Adjusted US
A2: 4750 | G2: 9.8
A3: 4781 | G3: 9.8
A4: 4809 | G4: 9.8
A5: 4840 | G5: 9.8
A6: 4870 | G6: 9.7
A7: 4901 | G7: 9.8
A8: 4931 | G8: 9.9
A9: 4962 | G9: 9.9
A10: 4993 | G10: 10
A11: 5023 | G11: 10
A12: 5054 | G12: 10.1
A13: 5084 | G13: 10
A14: 5115 | B14: 6 | G14: 10
A15: 5146 | B15: 6 | G15: 9.9
A16: 5174 | B16: 6 | G16: 9.9
A17: 5205 | B17: 6 | G17: 9.8
A18: 5235 | B18: 5.9 | G18: 9.9
A19: 5266 | B19: 6 | G19: 9.9
A20: 5296 | B20: 5.9 | G20: 10
A21: 5327 | B21: 6 | G21: 10.2
A22: 5358 | B22: 6 | G22: 10.2
A23: 5388 | B23: 6.1 | G23: 10.1
A24: 5419 | B24: 6.1 | G24: 10.2
A25: 5449 | B25: 6.1 | G25: 10.1
... A409: 17137 | B409: 9.7 | G409: 21.5
A410: 17168 | B410: 9.7 | G410: 21.5 | H410: 21.48
A411: 17199 | B411: 9.7 | G411: 21.5 | H411: 21.62
A412: 17227 | B412: 9.8 | G412: 21.9 | H412: 22
A413: 17258 | B413: 9.9 | G413: 21.9 | H413: 22
A414: 17288 | B414: 10.1 | G414: 21.9 | H414: 21.95
A415: 17319 | B415: 10.2 | G415: 22 | H415: 22.08
A416: 17349 | B416: 10.3 | G416: 22.2 | H416: 22.23
A417: 17380 | B417: 10.3 | G417: 22.5 | H417: 22.4
A418: 17411 | B418: 10.6 | G418: 23 | H418: 22.84
A419: 17441 | B419: 10.8 | G419: 23 | H419: 22.91
A420: 17472 | B420: 10.9 | G420: 23.1 | H420: 23.06
A421: 17502 | B421: 11.1 | G421: 23.4 | H421: 23.41
A422: 17533 | B422: 11.2 | G422: 23.7 | H422: 23.68 | K422: 3.4
A423: 17564 | B423: 11.4 | G423: 23.5 | H423: 23.67 | K423: 3.8
A424: 17593 | B424: 11.4 | G424: 23.4 | H424: 23.5 | K424: 4
A425: 17624 | B425: 11.5 | G425: 23.8 | H425: 23.82 | K425: 3.9
A426: 17654 | B426: 11.6 | G426: 23.9 | H426: 24.01 | K426: 3.5
A427: 17685 | B427: 11.8 | G427: 24.1 | H427: 24.15 | K427: 3.6
A428: 17715 | B428: 11.8 | G428: 24.4 | H428: 24.4 | K428: 3.6
A429: 17746 | B429: 11.9 | G429: 24.5 | H429: 24.43 | K429: 3.9
A430: 17777 | B430: 12.1 | G430: 24.5 | H430: 24.36 | K430: 3.8
A431: 17807 | B431: 12.1 | G431: 24.4 | H431: 24.31 | K431: 3.7
A432: 17838 | B432: 12.1 | G432: 24.2 | H432: 24.16 | K432: 3.8
A433: 17868 | B433: 12.1 | G433: 24.1 | H433: 24.05 | K433: 4
... A499: 19876 | B499: 14.1 | G499: 26.9 | H499: 26.94 | K499: 5.6
A500: 19906 | B500: 14.1 | G500: 26.9 | H500: 26.86 | K500: 5.8 | L500: 0.8
A501: 19937 | B501: 14.2 | G501: 26.9 | H501: 26.85 | K501: 6 | L501: 1.22
A502: 19968 | B502: 14.2 | G502: 26.8 | H502: 26.81 | K502: 6.1 | L502: 1.07
A503: 19998 | B503: 14.2 | G503: 26.8 | H503: 26.72 | K503: 5.7 | L503: 0.85
A504: 20029 | B504: 14.2 | G504: 26.8 | H504: 26.78 | K504: 5.3 | L504: 0.83
A505: 20059 | B505: 14.1 | G505: 26.7 | H505: 26.77 | K505: 5 | L505: 1.28
A506: 20090 | B506: 14.1 | G506: 26.7 | H506: 26.77 | K506: 4.9 | L506: 1.39
A507: 20121 | B507: 14.1 | G507: 26.7 | H507: 26.82 | K507: 4.7 | L507: 1.29
A508: 20149 | B508: 14.1 | G508: 26.7 | H508: 26.79 | K508: 4.6 | L508: 1.35
A509: 20180 | B509: 14.1 | G509: 26.7 | H509: 26.79 | K509: 4.7 | L509: 1.43
A510: 20210 | B510: 14.1 | G510: 26.7 | H510: 26.77 | K510: 4.3 | L510: 1.43
A511: 20241 | B511: 14.1 | G511: 26.7 | H511: 26.71 | K511: 4.2 | L511: 1.64
... A529: 20790 | B529: 14.6 | G529: 27.6 | H529: 27.63 | K529: 4.2 | L529: 2.94
A530: 20821 | B530: 14.6 | G530: 27.6 | H530: 27.67 | I530: 28.5 | J530: 28.5 | K530: 4.2 | L530: 2.84
A531: 20852 | B531: 14.6 | G531: 27.7 | H531: 27.8 | I531: 28.5 | J531: 28.6 | K531: 3.9 | L531: 3
A532: 20880 | B532: 14.6 | G532: 27.8 | H532: 27.86 | I532: 28.7 | J532: 28.7 | K532: 3.7 | L532: 2.96
A533: 20911 | B533: 14.7 | G533: 27.9 | H533: 27.93 | I533: 28.8 | J533: 28.8 | K533: 3.9 | L533: 3
A534: 20941 | B534: 14.7 | G534: 28 | H534: 28 | I534: 28.8 | J534: 28.8 | K534: 4.1 | L534: 3
A535: 20972 | B535: 14.8 | G535: 28.1 | H535: 28.11 | I535: 28.9 | J535: 28.9 | K535: 4.3 | L535: 3
A536: 21002 | B536: 14.8 | G536: 28.3 | H536: 28.19 | I536: 28.9 | J536: 29 | K536: 4.2 | L536: 2.99
A537: 21033 | B537: 14.9 | G537: 28.3 | H537: 28.28 | I537: 29 | J537: 29 | K537: 4.1 | L537: 3.24
A538: 21064 | B538: 15 | G538: 28.3 | H538: 28.32 | I538: 29.1 | J538: 29.1 | K538: 4.4 | L538: 3.47
A539: 21094 | B539: 15 | G539: 28.3 | H539: 28.32 | I539: 29.2 | J539: 29.2 | K539: 4.5 | L539: 3.5
A540: 21125 | B540: 15 | G540: 28.4 | H540: 28.41 | I540: 29.4 | J540: 29.3 | K540: 5.1 | L540: 3.28
A541: 21155 | B541: 14.9 | G541: 28.4 | H541: 28.47 | I541: 29.4 | J541: 29.3 | K541: 5.2 | L541: 2.98
... A553: 21520 | B553: 15.3 | G553: 28.9 | H553: 28.97 | I553: 29.9 | J553: 29.9 | K553: 6.2 | L553: 2.42
A554: 21551 | B554: 15.3 | G554: 29 | H554: 29.01 | I554: 29.9 | J554: 29.9 | K554: 6 | L554: 2.48 | P554: 15.164 | Q554: 15.501
A555: 21582 | B555: 15.3 | G555: 28.9 | H555: 29 | I555: 29.9 | J555: 29.9 | K555: 5.9 | L555: 2.43 | P555: 15.179 | Q555: 15.513
A556: 21610 | B556: 15.2 | G556: 28.9 | H556: 28.97 | I556: 30 | J556: 30 | K556: 5.6 | L556: 2.8 | P556: 15.189 | Q556: 15.531
A557: 21641 | B557: 15.2 | G557: 29 | H557: 28.98 | I557: 30 | J557: 30 | K557: 5.2 | L557: 2.96 | P557: 15.219 | Q557: 15.57
A558: 21671 | B558: 15.3 | G558: 29 | H558: 29.04 | I558: 30.1 | J558: 30.1 | K558: 5.1 | L558: 2.9 | P558: 15.227 | Q558: 15.589
A559: 21702 | B559: 15.1 | G559: 29.1 | H559: 29.11 | I559: 30.1 | J559: 30.2 | K559: 5 | L559: 3.39 | P559: 15.271 | Q559: 15.635
A560: 21732 | B560: 15.3 | G560: 29.2 | H560: 29.15 | I560: 30.2 | J560: 30.2 | K560: 5.1 | L560: 3.47 | P560: 15.303 | Q560: 15.672
A561: 21763 | B561: 15.3 | G561: 29.2 | H561: 29.18 | I561: 30.2 | J561: 30.2 | K561: 5.2 | L561: 3.5 | P561: 15.325 | Q561: 15.697
A562: 21794 | B562: 15.5 | G562: 29.3 | H562: 29.25 | I562: 30.3 | J562: 30.3 | K562: 5.5 | L562: 3.76 | P562: 15.365 | Q562: 15.738
A563: 21824 | B563: 15.5 | G563: 29.4 | H563: 29.35 | I563: 30.5 | J563: 30.4 | K563: 5.7 | L563: 3.98 | P563: 15.402 | Q563: 15.765
A564: 21855 | B564: 15.5 | G564: 29.4 | H564: 29.35 | I564: 30.5 | J564: 30.4 | K564: 5.8 | L564: 4 | P564: 15.412 | Q564: 15.794
A565: 21885 | B565: 15.5 | G565: 29.4 | H565: 29.41 | I565: 30.5 | J565: 30.5 | K565: 5.3 | L565: 3.99 | P565: 15.43 | Q565: 15.818
... A577: 22251 | B577: 15.7 | G577: 29.8 | H577: 29.81 | I577: 30.8 | J577: 30.7 | K577: 6.6 | L577: 1.98 | P577: 15.662 | Q577: 16.028
A578: 22282 | B578: 15.7 | D578: 17.3 | G578: 29.8 | H578: 29.84 | I578: 30.8 | J578: 30.8 | K578: 6.6 | L578: 1.45 | P578: 15.665 | Q578: 16.032
A579: 22313 | B579: 15.7 | D579: 17.3 | G579: 29.8 | H579: 29.84 | I579: 30.8 | J579: 30.8 | K579: 6.9 | L579: 2.54 | P579: 15.679 | Q579: 16.048
A580: 22341 | B580: 15.7 | D580: 17.3 | G580: 29.8 | H580: 29.84 | I580: 30.8 | J580: 30.9 | K580: 6.9 | L580: 2.02 | P580: 15.67 | Q580: 16.053
A581: 22372 | B581: 15.7 | D581: 17.3 | G581: 29.8 | H581: 29.81 | I581: 30.9 | J581: 30.9 | K581: 7 | L581: 1.49 | P581: 15.661 | Q581: 16.075
A582: 22402 | B582: 15.7 | D582: 17.4 | G582: 29.8 | H582: 29.84 | I582: 30.9 | J582: 30.9 | K582: 7.1 | L582: 1.98 | P582: 15.67 | Q582: 16.096
A583: 22433 | B583: 15.7 | D583: 17.3 | G583: 29.8 | H583: 29.84 | I583: 30.9 | J583: 31 | K583: 6.9 | L583: 1.73 | P583: 15.677 | Q583: 16.12
A584: 22463 | B584: 15.7 | D584: 17.2 | G584: 30 | H584: 29.92 | I584: 31 | J584: 31 | K584: 7 | L584: 1.17 | P584: 15.711 | Q584: 16.145
A585: 22494 | B585: 15.7 | D585: 17.2 | G585: 29.9 | H585: 29.94 | I585: 31 | J585: 31.1 | K585: 6.6 | L585: 2 | P585: 15.724 | Q585: 16.162
A586: 22525 | B586: 15.7 | D586: 17.4 | G586: 30 | H586: 29.98 | I586: 31.1 | J586: 31.1 | K586: 6.7 | L586: 1.88 | P586: 15.742 | Q586: 16.194
A587: 22555 | B587: 15.7 | D587: 17.4 | G587: 30 | H587: 29.98 | I587: 31.2 | J587: 31.1 | K587: 6.5 | L587: 2.26 | P587: 15.741 | Q587: 16.199
...

Sheet US Headline Inflation 1

Sheet CDN Headline Inflation 1

Sheet CDN Core Inflation 1

Sheet US Core Inflation 1

Sheet Historical Recessions 1

Sheet US Data
A1: SA = Seasonally Adjusted | B1: Headline = All items | D1: Note: Each year, for the January CPI release, the seasonal adjustment factors are recalculated for the previous 5 years. https://www.bls.gov/cpi/seasonal-adjustment/home.htm | I1: https://fred.stlouisfed.org/tags/series?t=cbsa%3Bcpi&rt=cbsa&ob=pv&od=desc | M1: Core = Food/Energy excluded | T1: https://fred.stlouisfed.org/series/CPILFESL | AA1: UL = Upper limit (Ceiling) | AB1: https://fred.stlouisfed.org/series/FEDFUNDS | AE1: 0% = No recession | AF1: National Bureau of Economic Research | AG1: https://en.wikipedia.org/wiki/List_of_recessions_in_the_United_States
A2: U - Unadjusted | I2: https://fred.stlouisfed.org/series/CPIAUCNS | J2: https://fred.stlouisfed.org/series/CPIAUCSL | T2: https://fred.stlouisfed.org/series/CPILFENS | W2: NOTE: MAY NOT MATCH AS SA | X2: https://fred.stlouisfed.org/series/UNRATE | AA2: EOP = End of Period | AB2: https://fred.stlouisfed.org/series/DFEDTARU | AE2: 100% = recession | AF2: https://www.whitehouse.gov/cea/written-materials/2022/07/21/how-do-economists-determine-whether-the-economy-is-in-a-recession/ | AL2: https://fred.stlouisfed.org/series/T10Y2Y | AT2: https://fred.stlouisfed.org/series/PCEPI | BA2: https://fred.stlouisfed.org/series/PCEPILFE
A3: Month | B3: Annual Headline CPI - U | C3: Monthly Headline CPI - SA | D3: 3yr Headline CPI - U | E3: 5yr Headline CPI - U | F3: 10yr Headline CPI - U | G3: 20yr Headline CPI - U | H3: CDN Annual Headline CPI - U | I3: US Headline CPI - U - DATA | J3: US Headline CPI - SA - DATA | L3: Month | M3: Annual Core CPI - U | N3: Monthly Core CPI - SA | O3: 3yr Core CPI - U | P3: 5yr Core CPI - U | Q3: 10yr Core CPI - U | R3: 20yr Core CPI - U | S3: CDN Annual Core CPI - U | T3: Core CPI - U - DATA | U3: Core CPI - SA - DATA | W3: Annual Unemployment - SA | X3: Monthly Unemployment - SA | Y3: Unemployment Rate - SA - DATA | AA3: Monthly Fed Fund Rate - EOP | AB3: Monthly Fed Fund Rate - EOP - DATA | AC3: Monthly Effective Fed Fund Rate | AE3: US Recessions (per NBER) (https://www.nber.org/research/data/us-business-cycle-expansions-and-contractions) | AI3: S&P % by month | AJ3: S&P 500 (EOM) | AK3: https://fred.stlouisfed.org/series/SP500#0 | AL3: 10yr vs 2yr | AN3: Annual Headline PCE | AO3: Monthly Headline PCE | AP3: 3yr Headline PCE | AQ3: 5yr Headline PCE | AR3: 10yr Headline PCE | AS3: 20yr Headline PCE | AT3: PCE - SA | AU3: Annual Headline PCE | AV3: Monthly Headline PCE | AW3: 3yr Headline PCE | AX3: 5yr Headline PCE | AY3: 10yr Headline PCE | AZ3: 20yr Headline PCE | BA3: Core PCE - SA
A4: =IF(CPI_Downloader!A2="","",CPI_Downloader!A2) -> 4750 | C4: =IFERROR((J4/J3-1),"") | H4: =IF('CDN Data'!B4=0,"",IFERROR(('CDN Data'!B4),"")) | I4: =IF(CPI_Downloader!G2="","",CPI_Downloader!G2) -> 9.8 | J4: =IF(CPI_Downloader!H2="","",CPI_Downloader!H2) | L4: =A4 -> 4750 | T4: =IF(CPI_Downloader!I2="","",CPI_Downloader!I2) | U4: =IF(CPI_Downloader!J2="","",CPI_Downloader!J2) | X4: =IFERROR((Y4/100),"") | Y4: =IF(CPI_Downloader!K2="","",CPI_Downloader!K2) | AA4: =IFERROR((AB4/100),"") | AB4: =IF(CPI_Downloader!M2="","",CPI_Downloader!M2) | AC4: =IF(CPI_Downloader!L2="","",CPI_Downloader!L2/100) | AE4: 1 | AJ4: =IF(CPI_Downloader!N2="","",CPI_Downloader!N2) | AL4: =IF(CPI_Downloader!O2="","",CPI_Downloader!O2) | AT4: =IF(CPI_Downloader!P2="","",CPI_Downloader!P2) | BA4: =IF(CPI_Downloader!Q2="","",CPI_Downloader!Q2)
A5: =IF(CPI_Downloader!A3="","",CPI_Downloader!A3) -> 4781 | C5: =IFERROR((J5/J4-1),"") | H5: =IF('CDN Data'!B5=0,"",IFERROR(('CDN Data'!B5),"")) | I5: =IF(CPI_Downloader!G3="","",CPI_Downloader!G3) -> 9.8 | J5: =IF(CPI_Downloader!H3="","",CPI_Downloader!H3) | L5: =A5 -> 4781 | T5: =IF(CPI_Downloader!I3="","",CPI_Downloader!I3) | U5: =IF(CPI_Downloader!J3="","",CPI_Downloader!J3) | X5: =IFERROR((Y5/100),"") | Y5: =IF(CPI_Downloader!K3="","",CPI_Downloader!K3) | AA5: =IFERROR((AB5/100),"") | AB5: =IF(CPI_Downloader!M3="","",CPI_Downloader!M3) | AC5: =IF(CPI_Downloader!L3="","",CPI_Downloader!L3/100) | AE5: 1 | AI5: =IFERROR((AJ5/AJ4-1),"") | AJ5: =IF(CPI_Downloader!N3="","",CPI_Downloader!N3) | AL5: =IF(CPI_Downloader!O3="","",CPI_Downloader!O3) | AO5: =IFERROR((AT5/AT4-1),"") | AT5: =IF(CPI_Downloader!P3="","",CPI_Downloader!P3) | AV5: =IFERROR((BA5/BA4-1),"") | BA5: =IF(CPI_Downloader!Q3="","",CPI_Downloader!Q3)
A6: =IF(CPI_Downloader!A4="","",CPI_Downloader!A4) -> 4809 | C6: =IFERROR((J6/J5-1),"") | H6: =IF('CDN Data'!B6=0,"",IFERROR(('CDN Data'!B6),"")) | I6: =IF(CPI_Downloader!G4="","",CPI_Downloader!G4) -> 9.8 | J6: =IF(CPI_Downloader!H4="","",CPI_Downloader!H4) | L6: =A6 -> 4809 | T6: =IF(CPI_Downloader!I4="","",CPI_Downloader!I4) | U6: =IF(CPI_Downloader!J4="","",CPI_Downloader!J4) | X6: =IFERROR((Y6/100),"") | Y6: =IF(CPI_Downloader!K4="","",CPI_Downloader!K4) | AA6: =IFERROR((AB6/100),"") | AB6: =IF(CPI_Downloader!M4="","",CPI_Downloader!M4) | AC6: =IF(CPI_Downloader!L4="","",CPI_Downloader!L4/100) | AE6: 1 | AI6: =IFERROR((AJ6/AJ5-1),"") | AJ6: =IF(CPI_Downloader!N4="","",CPI_Downloader!N4) | AL6: =IF(CPI_Downloader!O4="","",CPI_Downloader!O4) | AO6: =IFERROR((AT6/AT5-1),"") | AT6: =IF(CPI_Downloader!P4="","",CPI_Downloader!P4) | AV6: =IFERROR((BA6/BA5-1),"") | BA6: =IF(CPI_Downloader!Q4="","",CPI_Downloader!Q4)
A7: =IF(CPI_Downloader!A5="","",CPI_Downloader!A5) -> 4840 | C7: =IFERROR((J7/J6-1),"") | H7: =IF('CDN Data'!B7=0,"",IFERROR(('CDN Data'!B7),"")) | I7: =IF(CPI_Downloader!G5="","",CPI_Downloader!G5) -> 9.8 | J7: =IF(CPI_Downloader!H5="","",CPI_Downloader!H5) | L7: =A7 -> 4840 | T7: =IF(CPI_Downloader!I5="","",CPI_Downloader!I5) | U7: =IF(CPI_Downloader!J5="","",CPI_Downloader!J5) | X7: =IFERROR((Y7/100),"") | Y7: =IF(CPI_Downloader!K5="","",CPI_Downloader!K5) | AA7: =IFERROR((AB7/100),"") | AB7: =IF(CPI_Downloader!M5="","",CPI_Downloader!M5) | AC7: =IF(CPI_Downloader!L5="","",CPI_Downloader!L5/100) | AE7: 1 | AI7: =IFERROR((AJ7/AJ6-1),"") | AJ7: =IF(CPI_Downloader!N5="","",CPI_Downloader!N5) | AL7: =IF(CPI_Downloader!O5="","",CPI_Downloader!O5) | AO7: =IFERROR((AT7/AT6-1),"") | AT7: =IF(CPI_Downloader!P5="","",CPI_Downloader!P5) | AV7: =IFERROR((BA7/BA6-1),"") | BA7: =IF(CPI_Downloader!Q5="","",CPI_Downloader!Q5)
A8: =IF(CPI_Downloader!A6="","",CPI_Downloader!A6) -> 4870 | C8: =IFERROR((J8/J7-1),"") | H8: =IF('CDN Data'!B8=0,"",IFERROR(('CDN Data'!B8),"")) | I8: =IF(CPI_Downloader!G6="","",CPI_Downloader!G6) -> 9.7 | J8: =IF(CPI_Downloader!H6="","",CPI_Downloader!H6) | L8: =A8 -> 4870 | T8: =IF(CPI_Downloader!I6="","",CPI_Downloader!I6) | U8: =IF(CPI_Downloader!J6="","",CPI_Downloader!J6) | X8: =IFERROR((Y8/100),"") | Y8: =IF(CPI_Downloader!K6="","",CPI_Downloader!K6) | AA8: =IFERROR((AB8/100),"") | AB8: =IF(CPI_Downloader!M6="","",CPI_Downloader!M6) | AC8: =IF(CPI_Downloader!L6="","",CPI_Downloader!L6/100) | AE8: 1 | AI8: =IFERROR((AJ8/AJ7-1),"") | AJ8: =IF(CPI_Downloader!N6="","",CPI_Downloader!N6) | AL8: =IF(CPI_Downloader!O6="","",CPI_Downloader!O6) | AO8: =IFERROR((AT8/AT7-1),"") | AT8: =IF(CPI_Downloader!P6="","",CPI_Downloader!P6) | AV8: =IFERROR((BA8/BA7-1),"") | BA8: =IF(CPI_Downloader!Q6="","",CPI_Downloader!Q6)
A9: =IF(CPI_Downloader!A7="","",CPI_Downloader!A7) -> 4901 | C9: =IFERROR((J9/J8-1),"") | H9: =IF('CDN Data'!B9=0,"",IFERROR(('CDN Data'!B9),"")) | I9: =IF(CPI_Downloader!G7="","",CPI_Downloader!G7) -> 9.8 | J9: =IF(CPI_Downloader!H7="","",CPI_Downloader!H7) | L9: =A9 -> 4901 | N9: =IFERROR((U9/U8-1),"") | T9: =IF(CPI_Downloader!I7="","",CPI_Downloader!I7) | U9: =IF(CPI_Downloader!J7="","",CPI_Downloader!J7) | X9: =IFERROR((Y9/100),"") | Y9: =IF(CPI_Downloader!K7="","",CPI_Downloader!K7) | AA9: =IFERROR((AB9/100),"") | AB9: =IF(CPI_Downloader!M7="","",CPI_Downloader!M7) | AC9: =IF(CPI_Downloader!L7="","",CPI_Downloader!L7/100) | AE9: 1 | AI9: =IFERROR((AJ9/AJ8-1),"") | AJ9: =IF(CPI_Downloader!N7="","",CPI_Downloader!N7) | AL9: =IF(CPI_Downloader!O7="","",CPI_Downloader!O7) | AO9: =IFERROR((AT9/AT8-1),"") | AT9: =IF(CPI_Downloader!P7="","",CPI_Downloader!P7) | AV9: =IFERROR((BA9/BA8-1),"") | BA9: =IF(CPI_Downloader!Q7="","",CPI_Downloader!Q7)
A10: =IF(CPI_Downloader!A8="","",CPI_Downloader!A8) -> 4931 | C10: =IFERROR((J10/J9-1),"") | H10: =IF('CDN Data'!B10=0,"",IFERROR(('CDN Data'!B10),"")) | I10: =IF(CPI_Downloader!G8="","",CPI_Downloader!G8) -> 9.9 | J10: =IF(CPI_Downloader!H8="","",CPI_Downloader!H8) | L10: =A10 -> 4931 | N10: =IFERROR((U10/U9-1),"") | T10: =IF(CPI_Downloader!I8="","",CPI_Downloader!I8) | U10: =IF(CPI_Downloader!J8="","",CPI_Downloader!J8) | X10: =IFERROR((Y10/100),"") | Y10: =IF(CPI_Downloader!K8="","",CPI_Downloader!K8) | AA10: =IFERROR((AB10/100),"") | AB10: =IF(CPI_Downloader!M8="","",CPI_Downloader!M8) | AC10: =IF(CPI_Downloader!L8="","",CPI_Downloader!L8/100) | AE10: 1 | AI10: =IFERROR((AJ10/AJ9-1),"") | AJ10: =IF(CPI_Downloader!N8="","",CPI_Downloader!N8) | AL10: =IF(CPI_Downloader!O8="","",CPI_Downloader!O8) | AO10: =IFERROR((AT10/AT9-1),"") | AT10: =IF(CPI_Downloader!P8="","",CPI_Downloader!P8) | AV10: =IFERROR((BA10/BA9-1),"") | BA10: =IF(CPI_Downloader!Q8="","",CPI_Downloader!Q8)
A11: =IF(CPI_Downloader!A9="","",CPI_Downloader!A9) -> 4962 | C11: =IFERROR((J11/J10-1),"") | H11: =IF('CDN Data'!B11=0,"",IFERROR(('CDN Data'!B11),"")) | I11: =IF(CPI_Downloader!G9="","",CPI_Downloader!G9) -> 9.9 | J11: =IF(CPI_Downloader!H9="","",CPI_Downloader!H9) | L11: =A11 -> 4962 | N11: =IFERROR((U11/U10-1),"") | T11: =IF(CPI_Downloader!I9="","",CPI_Downloader!I9) | U11: =IF(CPI_Downloader!J9="","",CPI_Downloader!J9) | X11: =IFERROR((Y11/100),"") | Y11: =IF(CPI_Downloader!K9="","",CPI_Downloader!K9) | AA11: =IFERROR((AB11/100),"") | AB11: =IF(CPI_Downloader!M9="","",CPI_Downloader!M9) | AC11: =IF(CPI_Downloader!L9="","",CPI_Downloader!L9/100) | AE11: 1 | AI11: =IFERROR((AJ11/AJ10-1),"") | AJ11: =IF(CPI_Downloader!N9="","",CPI_Downloader!N9) | AL11: =IF(CPI_Downloader!O9="","",CPI_Downloader!O9) | AO11: =IFERROR((AT11/AT10-1),"") | AT11: =IF(CPI_Downloader!P9="","",CPI_Downloader!P9) | AV11: =IFERROR((BA11/BA10-1),"") | BA11: =IF(CPI_Downloader!Q9="","",CPI_Downloader!Q9)
A12: =IF(CPI_Downloader!A10="","",CPI_Downloader!A10) -> 4993 | C12: =IFERROR((J12/J11-1),"") | H12: =IF('CDN Data'!B12=0,"",IFERROR(('CDN Data'!B12),"")) | I12: =IF(CPI_Downloader!G10="","",CPI_Downloader!G10) -> 10 | J12: =IF(CPI_Downloader!H10="","",CPI_Downloader!H10) | L12: =A12 -> 4993 | N12: =IFERROR((U12/U11-1),"") | T12: =IF(CPI_Downloader!I10="","",CPI_Downloader!I10) | U12: =IF(CPI_Downloader!J10="","",CPI_Downloader!J10) | X12: =IFERROR((Y12/100),"") | Y12: =IF(CPI_Downloader!K10="","",CPI_Downloader!K10) | AA12: =IFERROR((AB12/100),"") | AB12: =IF(CPI_Downloader!M10="","",CPI_Downloader!M10) | AC12: =IF(CPI_Downloader!L10="","",CPI_Downloader!L10/100) | AE12: 1 | AI12: =IFERROR((AJ12/AJ11-1),"") | AJ12: =IF(CPI_Downloader!N10="","",CPI_Downloader!N10) | AL12: =IF(CPI_Downloader!O10="","",CPI_Downloader!O10) | AO12: =IFERROR((AT12/AT11-1),"") | AT12: =IF(CPI_Downloader!P10="","",CPI_Downloader!P10) | AV12: =IFERROR((BA12/BA11-1),"") | BA12: =IF(CPI_Downloader!Q10="","",CPI_Downloader!Q10)
A13: =IF(CPI_Downloader!A11="","",CPI_Downloader!A11) -> 5023 | C13: =IFERROR((J13/J12-1),"") | H13: =IF('CDN Data'!B13=0,"",IFERROR(('CDN Data'!B13),"")) | I13: =IF(CPI_Downloader!G11="","",CPI_Downloader!G11) -> 10 | J13: =IF(CPI_Downloader!H11="","",CPI_Downloader!H11) | L13: =A13 -> 5023 | N13: =IFERROR((U13/U12-1),"") | T13: =IF(CPI_Downloader!I11="","",CPI_Downloader!I11) | U13: =IF(CPI_Downloader!J11="","",CPI_Downloader!J11) | X13: =IFERROR((Y13/100),"") | Y13: =IF(CPI_Downloader!K11="","",CPI_Downloader!K11) | AA13: =IFERROR((AB13/100),"") | AB13: =IF(CPI_Downloader!M11="","",CPI_Downloader!M11) | AC13: =IF(CPI_Downloader!L11="","",CPI_Downloader!L11/100) | AE13: 1 | AI13: =IFERROR((AJ13/AJ12-1),"") | AJ13: =IF(CPI_Downloader!N11="","",CPI_Downloader!N11) | AL13: =IF(CPI_Downloader!O11="","",CPI_Downloader!O11) | AO13: =IFERROR((AT13/AT12-1),"") | AT13: =IF(CPI_Downloader!P11="","",CPI_Downloader!P11) | AV13: =IFERROR((BA13/BA12-1),"") | BA13: =IF(CPI_Downloader!Q11="","",CPI_Downloader!Q11)
A14: =IF(CPI_Downloader!A12="","",CPI_Downloader!A12) -> 5054 | C14: =IFERROR((J14/J13-1),"") | H14: =IF('CDN Data'!B14=0,"",IFERROR(('CDN Data'!B14),"")) | I14: =IF(CPI_Downloader!G12="","",CPI_Downloader!G12) -> 10.1 | J14: =IF(CPI_Downloader!H12="","",CPI_Downloader!H12) | L14: =A14 -> 5054 | N14: =IFERROR((U14/U13-1),"") | T14: =IF(CPI_Downloader!I12="","",CPI_Downloader!I12) | U14: =IF(CPI_Downloader!J12="","",CPI_Downloader!J12) | X14: =IFERROR((Y14/100),"") | Y14: =IF(CPI_Downloader!K12="","",CPI_Downloader!K12) | AA14: =IFERROR((AB14/100),"") | AB14: =IF(CPI_Downloader!M12="","",CPI_Downloader!M12) | AC14: =IF(CPI_Downloader!L12="","",CPI_Downloader!L12/100) | AE14: 1 | AI14: =IFERROR((AJ14/AJ13-1),"") | AJ14: =IF(CPI_Downloader!N12="","",CPI_Downloader!N12) | AL14: =IF(CPI_Downloader!O12="","",CPI_Downloader!O12) | AO14: =IFERROR((AT14/AT13-1),"") | AT14: =IF(CPI_Downloader!P12="","",CPI_Downloader!P12) | AV14: =IFERROR((BA14/BA13-1),"") | BA14: =IF(CPI_Downloader!Q12="","",CPI_Downloader!Q12)
A15: =IF(CPI_Downloader!A13="","",CPI_Downloader!A13) -> 5084 | C15: =IFERROR((J15/J14-1),"") | H15: =IF('CDN Data'!B15=0,"",IFERROR(('CDN Data'!B15),"")) | I15: =IF(CPI_Downloader!G13="","",CPI_Downloader!G13) -> 10 | J15: =IF(CPI_Downloader!H13="","",CPI_Downloader!H13) | L15: =A15 -> 5084 | N15: =IFERROR((U15/U14-1),"") | T15: =IF(CPI_Downloader!I13="","",CPI_Downloader!I13) | U15: =IF(CPI_Downloader!J13="","",CPI_Downloader!J13) | W15: =IFERROR((AVERAGE(Y4:Y15)/100),"") | X15: =IFERROR((Y15/100),"") | Y15: =IF(CPI_Downloader!K13="","",CPI_Downloader!K13) | AA15: =IFERROR((AB15/100),"") | AB15: =IF(CPI_Downloader!M13="","",CPI_Downloader!M13) | AC15: =IF(CPI_Downloader!L13="","",CPI_Downloader!L13/100) | AE15: 1 | AI15: =IFERROR((AJ15/AJ14-1),"") | AJ15: =IF(CPI_Downloader!N13="","",CPI_Downloader!N13) | AL15: =IF(CPI_Downloader!O13="","",CPI_Downloader!O13) | AO15: =IFERROR((AT15/AT14-1),"") | AT15: =IF(CPI_Downloader!P13="","",CPI_Downloader!P13) | AV15: =IFERROR((BA15/BA14-1),"") | BA15: =IF(CPI_Downloader!Q13="","",CPI_Downloader!Q13)
A16: =IF(CPI_Downloader!A14="","",CPI_Downloader!A14) -> 5115 | B16: =IFERROR((I16/I4-1),"") -> 0.020408163 | C16: =IFERROR((J16/J15-1),"") | H16: =IFERROR(('CDN Data'!B16),"") | I16: =IF(CPI_Downloader!G14="","",CPI_Downloader!G14) -> 10 | J16: =IF(CPI_Downloader!H14="","",CPI_Downloader!H14) | L16: =A16 -> 5115 | M16: =IFERROR((T16/T4-1),"") | N16: =IFERROR((U16/U15-1),"") | S16: =IF('CDN Data'!M4=0,"",IFERROR(('CDN Data'!M4),"")) | T16: =IF(CPI_Downloader!I14="","",CPI_Downloader!I14) | U16: =IF(CPI_Downloader!J14="","",CPI_Downloader!J14) | W16: =IFERROR((AVERAGE(Y5:Y16)/100),"") | X16: =IFERROR((Y16/100),"") | Y16: =IF(CPI_Downloader!K14="","",CPI_Downloader!K14) | AA16: =IFERROR((AB16/100),"") | AB16: =IF(CPI_Downloader!M14="","",CPI_Downloader!M14) | AC16: =IF(CPI_Downloader!L14="","",CPI_Downloader!L14/100) | AE16: 1 | AI16: =IFERROR((AJ16/AJ15-1),"") | AJ16: =IF(CPI_Downloader!N14="","",CPI_Downloader!N14) | AL16: =IF(CPI_Downloader!O14="","",CPI_Downloader!O14) | AN16: =IFERROR((AT16/AT4-1),"") | AO16: =IFERROR((AT16/AT15-1),"") | AT16: =IF(CPI_Downloader!P14="","",CPI_Downloader!P14) | AU16: =IFERROR((BA16/BA4-1),"") | AV16: =IFERROR((BA16/BA15-1),"") | BA16: =IF(CPI_Downloader!Q14="","",CPI_Downloader!Q14)
A17: =IF(CPI_Downloader!A15="","",CPI_Downloader!A15) -> 5146 | B17: =IFERROR((I17/I5-1),"") -> 0.010204082 | C17: =IFERROR((J17/J16-1),"") | H17: =IFERROR(('CDN Data'!B17),"") | I17: =IF(CPI_Downloader!G15="","",CPI_Downloader!G15) -> 9.9 | J17: =IF(CPI_Downloader!H15="","",CPI_Downloader!H15) | L17: =A17 -> 5146 | M17: =IFERROR((T17/T5-1),"") | N17: =IFERROR((U17/U16-1),"") | S17: =IF('CDN Data'!M5=0,"",IFERROR(('CDN Data'!M5),"")) | T17: =IF(CPI_Downloader!I15="","",CPI_Downloader!I15) | U17: =IF(CPI_Downloader!J15="","",CPI_Downloader!J15) | W17: =IFERROR((AVERAGE(Y6:Y17)/100),"") | X17: =IFERROR((Y17/100),"") | Y17: =IF(CPI_Downloader!K15="","",CPI_Downloader!K15) | AA17: =IFERROR((AB17/100),"") | AB17: =IF(CPI_Downloader!M15="","",CPI_Downloader!M15) | AC17: =IF(CPI_Downloader!L15="","",CPI_Downloader!L15/100) | AE17: 1 | AI17: =IFERROR((AJ17/AJ16-1),"") | AJ17: =IF(CPI_Downloader!N15="","",CPI_Downloader!N15) | AL17: =IF(CPI_Downloader!O15="","",CPI_Downloader!O15) | AN17: =IFERROR((AT17/AT5-1),"") | AO17: =IFERROR((AT17/AT16-1),"") | AT17: =IF(CPI_Downloader!P15="","",CPI_Downloader!P15) | AU17: =IFERROR((BA17/BA5-1),"") | AV17: =IFERROR((BA17/BA16-1),"") | BA17: =IF(CPI_Downloader!Q15="","",CPI_Downloader!Q15)
A18: =IF(CPI_Downloader!A16="","",CPI_Downloader!A16) -> 5174 | B18: =IFERROR((I18/I6-1),"") -> 0.010204082 | C18: =IFERROR((J18/J17-1),"") | H18: =IFERROR(('CDN Data'!B18),"") | I18: =IF(CPI_Downloader!G16="","",CPI_Downloader!G16) -> 9.9 | J18: =IF(CPI_Downloader!H16="","",CPI_Downloader!H16) | L18: =A18 -> 5174 | M18: =IFERROR((T18/T6-1),"") | N18: =IFERROR((U18/U17-1),"") | S18: =IF('CDN Data'!M6=0,"",IFERROR(('CDN Data'!M6),"")) | T18: =IF(CPI_Downloader!I16="","",CPI_Downloader!I16) | U18: =IF(CPI_Downloader!J16="","",CPI_Downloader!J16) | W18: =IFERROR((AVERAGE(Y7:Y18)/100),"") | X18: =IFERROR((Y18/100),"") | Y18: =IF(CPI_Downloader!K16="","",CPI_Downloader!K16) | AA18: =IFERROR((AB18/100),"") | AB18: =IF(CPI_Downloader!M16="","",CPI_Downloader!M16) | AC18: =IF(CPI_Downloader!L16="","",CPI_Downloader!L16/100) | AE18: 1 | AI18: =IFERROR((AJ18/AJ17-1),"") | AJ18: =IF(CPI_Downloader!N16="","",CPI_Downloader!N16) | AL18: =IF(CPI_Downloader!O16="","",CPI_Downloader!O16) | AN18: =IFERROR((AT18/AT6-1),"") | AO18: =IFERROR((AT18/AT17-1),"") | AT18: =IF(CPI_Downloader!P16="","",CPI_Downloader!P16) | AU18: =IFERROR((BA18/BA6-1),"") | AV18: =IFERROR((BA18/BA17-1),"") | BA18: =IF(CPI_Downloader!Q16="","",CPI_Downloader!Q16)
A19: =IF(CPI_Downloader!A17="","",CPI_Downloader!A17) -> 5205 | B19: =IFERROR((I19/I7-1),"") -> 0 | C19: =IFERROR((J19/J18-1),"") | H19: =IFERROR(('CDN Data'!B19),"") | I19: =IF(CPI_Downloader!G17="","",CPI_Downloader!G17) -> 9.8 | J19: =IF(CPI_Downloader!H17="","",CPI_Downloader!H17) | L19: =A19 -> 5205 | M19: =IFERROR((T19/T7-1),"") | N19: =IFERROR((U19/U18-1),"") | S19: =IF('CDN Data'!M7=0,"",IFERROR(('CDN Data'!M7),"")) | T19: =IF(CPI_Downloader!I17="","",CPI_Downloader!I17) | U19: =IF(CPI_Downloader!J17="","",CPI_Downloader!J17) | W19: =IFERROR((AVERAGE(Y8:Y19)/100),"") | X19: =IFERROR((Y19/100),"") | Y19: =IF(CPI_Downloader!K17="","",CPI_Downloader!K17) | AA19: =IFERROR((AB19/100),"") | AB19: =IF(CPI_Downloader!M17="","",CPI_Downloader!M17) | AC19: =IF(CPI_Downloader!L17="","",CPI_Downloader!L17/100) | AE19: 1 | AI19: =IFERROR((AJ19/AJ18-1),"") | AJ19: =IF(CPI_Downloader!N17="","",CPI_Downloader!N17) | AL19: =IF(CPI_Downloader!O17="","",CPI_Downloader!O17) | AN19: =IFERROR((AT19/AT7-1),"") | AO19: =IFERROR((AT19/AT18-1),"") | AT19: =IF(CPI_Downloader!P17="","",CPI_Downloader!P17) | AU19: =IFERROR((BA19/BA7-1),"") | AV19: =IFERROR((BA19/BA18-1),"") | BA19: =IF(CPI_Downloader!Q17="","",CPI_Downloader!Q17)
A20: =IF(CPI_Downloader!A18="","",CPI_Downloader!A18) -> 5235 | B20: =IFERROR((I20/I8-1),"") -> 0.020618557 | C20: =IFERROR((J20/J19-1),"") | H20: =IFERROR(('CDN Data'!B20),"") | I20: =IF(CPI_Downloader!G18="","",CPI_Downloader!G18) -> 9.9 | J20: =IF(CPI_Downloader!H18="","",CPI_Downloader!H18) | L20: =A20 -> 5235 | M20: =IFERROR((T20/T8-1),"") | N20: =IFERROR((U20/U19-1),"") | S20: =IF('CDN Data'!M8=0,"",IFERROR(('CDN Data'!M8),"")) | T20: =IF(CPI_Downloader!I18="","",CPI_Downloader!I18) | U20: =IF(CPI_Downloader!J18="","",CPI_Downloader!J18) | W20: =IFERROR((AVERAGE(Y9:Y20)/100),"") | X20: =IFERROR((Y20/100),"") | Y20: =IF(CPI_Downloader!K18="","",CPI_Downloader!K18) | AA20: =IFERROR((AB20/100),"") | AB20: =IF(CPI_Downloader!M18="","",CPI_Downloader!M18) | AC20: =IF(CPI_Downloader!L18="","",CPI_Downloader!L18/100) | AE20: 1 | AI20: =IFERROR((AJ20/AJ19-1),"") | AJ20: =IF(CPI_Downloader!N18="","",CPI_Downloader!N18) | AL20: =IF(CPI_Downloader!O18="","",CPI_Downloader!O18) | AN20: =IFERROR((AT20/AT8-1),"") | AO20: =IFERROR((AT20/AT19-1),"") | AT20: =IF(CPI_Downloader!P18="","",CPI_Downloader!P18) | AU20: =IFERROR((BA20/BA8-1),"") | AV20: =IFERROR((BA20/BA19-1),"") | BA20: =IF(CPI_Downloader!Q18="","",CPI_Downloader!Q18)
A21: =IF(CPI_Downloader!A19="","",CPI_Downloader!A19) -> 5266 | B21: =IFERROR((I21/I9-1),"") -> 0.010204082 | C21: =IFERROR((J21/J20-1),"") | H21: =IFERROR(('CDN Data'!B21),"") | I21: =IF(CPI_Downloader!G19="","",CPI_Downloader!G19) -> 9.9 | J21: =IF(CPI_Downloader!H19="","",CPI_Downloader!H19) | L21: =A21 -> 5266 | M21: =IFERROR((T21/T9-1),"") | N21: =IFERROR((U21/U20-1),"") | S21: =IF('CDN Data'!M9=0,"",IFERROR(('CDN Data'!M9),"")) | T21: =IF(CPI_Downloader!I19="","",CPI_Downloader!I19) | U21: =IF(CPI_Downloader!J19="","",CPI_Downloader!J19) | W21: =IFERROR((AVERAGE(Y10:Y21)/100),"") | X21: =IFERROR((Y21/100),"") | Y21: =IF(CPI_Downloader!K19="","",CPI_Downloader!K19) | AA21: =IFERROR((AB21/100),"") | AB21: =IF(CPI_Downloader!M19="","",CPI_Downloader!M19) | AC21: =IF(CPI_Downloader!L19="","",CPI_Downloader!L19/100) | AE21: 1 | AI21: =IFERROR((AJ21/AJ20-1),"") | AJ21: =IF(CPI_Downloader!N19="","",CPI_Downloader!N19) | AL21: =IF(CPI_Downloader!O19="","",CPI_Downloader!O19) | AN21: =IFERROR((AT21/AT9-1),"") | AO21: =IFERROR((AT21/AT20-1),"") | AT21: =IF(CPI_Downloader!P19="","",CPI_Downloader!P19) | AU21: =IFERROR((BA21/BA9-1),"") | AV21: =IFERROR((BA21/BA20-1),"") | BA21: =IF(CPI_Downloader!Q19="","",CPI_Downloader!Q19)
A22: =IF(CPI_Downloader!A20="","",CPI_Downloader!A20) -> 5296 | B22: =IFERROR((I22/I10-1),"") -> 0.01010101 | C22: =IFERROR((J22/J21-1),"") | H22: =IFERROR(('CDN Data'!B22),"") | I22: =IF(CPI_Downloader!G20="","",CPI_Downloader!G20) -> 10 | J22: =IF(CPI_Downloader!H20="","",CPI_Downloader!H20) | L22: =A22 -> 5296 | M22: =IFERROR((T22/T10-1),"") | N22: =IFERROR((U22/U21-1),"") | S22: =IF('CDN Data'!M10=0,"",IFERROR(('CDN Data'!M10),"")) | T22: =IF(CPI_Downloader!I20="","",CPI_Downloader!I20) | U22: =IF(CPI_Downloader!J20="","",CPI_Downloader!J20) | W22: =IFERROR((AVERAGE(Y11:Y22)/100),"") | X22: =IFERROR((Y22/100),"") | Y22: =IF(CPI_Downloader!K20="","",CPI_Downloader!K20) | AA22: =IFERROR((AB22/100),"") | AB22: =IF(CPI_Downloader!M20="","",CPI_Downloader!M20) | AC22: =IF(CPI_Downloader!L20="","",CPI_Downloader!L20/100) | AE22: 1 | AI22: =IFERROR((AJ22/AJ21-1),"") | AJ22: =IF(CPI_Downloader!N20="","",CPI_Downloader!N20) | AL22: =IF(CPI_Downloader!O20="","",CPI_Downloader!O20) | AN22: =IFERROR((AT22/AT10-1),"") | AO22: =IFERROR((AT22/AT21-1),"") | AT22: =IF(CPI_Downloader!P20="","",CPI_Downloader!P20) | AU22: =IFERROR((BA22/BA10-1),"") | AV22: =IFERROR((BA22/BA21-1),"") | BA22: =IF(CPI_Downloader!Q20="","",CPI_Downloader!Q20)
A23: =IF(CPI_Downloader!A21="","",CPI_Downloader!A21) -> 5327 | B23: =IFERROR((I23/I11-1),"") -> 0.03030303 | C23: =IFERROR((J23/J22-1),"") | H23: =IFERROR(('CDN Data'!B23),"") | I23: =IF(CPI_Downloader!G21="","",CPI_Downloader!G21) -> 10.2 | J23: =IF(CPI_Downloader!H21="","",CPI_Downloader!H21) | L23: =A23 -> 5327 | M23: =IFERROR((T23/T11-1),"") | N23: =IFERROR((U23/U22-1),"") | S23: =IF('CDN Data'!M11=0,"",IFERROR(('CDN Data'!M11),"")) | T23: =IF(CPI_Downloader!I21="","",CPI_Downloader!I21) | U23: =IF(CPI_Downloader!J21="","",CPI_Downloader!J21) | W23: =IFERROR((AVERAGE(Y12:Y23)/100),"") | X23: =IFERROR((Y23/100),"") | Y23: =IF(CPI_Downloader!K21="","",CPI_Downloader!K21) | AA23: =IFERROR((AB23/100),"") | AB23: =IF(CPI_Downloader!M21="","",CPI_Downloader!M21) | AC23: =IF(CPI_Downloader!L21="","",CPI_Downloader!L21/100) | AE23: 1 | AI23: =IFERROR((AJ23/AJ22-1),"") | AJ23: =IF(CPI_Downloader!N21="","",CPI_Downloader!N21) | AL23: =IF(CPI_Downloader!O21="","",CPI_Downloader!O21) | AN23: =IFERROR((AT23/AT11-1),"") | AO23: =IFERROR((AT23/AT22-1),"") | AT23: =IF(CPI_Downloader!P21="","",CPI_Downloader!P21) | AU23: =IFERROR((BA23/BA11-1),"") | AV23: =IFERROR((BA23/BA22-1),"") | BA23: =IF(CPI_Downloader!Q21="","",CPI_Downloader!Q21)
A24: =IF(CPI_Downloader!A22="","",CPI_Downloader!A22) -> 5358 | B24: =IFERROR((I24/I12-1),"") -> 0.02 | C24: =IFERROR((J24/J23-1),"") | H24: =IFERROR(('CDN Data'!B24),"") | I24: =IF(CPI_Downloader!G22="","",CPI_Downloader!G22) -> 10.2 | J24: =IF(CPI_Downloader!H22="","",CPI_Downloader!H22) | L24: =A24 -> 5358 | M24: =IFERROR((T24/T12-1),"") | N24: =IFERROR((U24/U23-1),"") | S24: =IF('CDN Data'!M12=0,"",IFERROR(('CDN Data'!M12),"")) | T24: =IF(CPI_Downloader!I22="","",CPI_Downloader!I22) | U24: =IF(CPI_Downloader!J22="","",CPI_Downloader!J22) | W24: =IFERROR((AVERAGE(Y13:Y24)/100),"") | X24: =IFERROR((Y24/100),"") | Y24: =IF(CPI_Downloader!K22="","",CPI_Downloader!K22) | AA24: =IFERROR((AB24/100),"") | AB24: =IF(CPI_Downloader!M22="","",CPI_Downloader!M22) | AC24: =IF(CPI_Downloader!L22="","",CPI_Downloader!L22/100) | AE24: 1 | AI24: =IFERROR((AJ24/AJ23-1),"") | AJ24: =IF(CPI_Downloader!N22="","",CPI_Downloader!N22) | AL24: =IF(CPI_Downloader!O22="","",CPI_Downloader!O22) | AN24: =IFERROR((AT24/AT12-1),"") | AO24: =IFERROR((AT24/AT23-1),"") | AT24: =IF(CPI_Downloader!P22="","",CPI_Downloader!P22) | AU24: =IFERROR((BA24/BA12-1),"") | AV24: =IFERROR((BA24/BA23-1),"") | BA24: =IF(CPI_Downloader!Q22="","",CPI_Downloader!Q22)
A25: =IF(CPI_Downloader!A23="","",CPI_Downloader!A23) -> 5388 | B25: =IFERROR((I25/I13-1),"") -> 0.01 | C25: =IFERROR((J25/J24-1),"") | H25: =IFERROR(('CDN Data'!B25),"") | I25: =IF(CPI_Downloader!G23="","",CPI_Downloader!G23) -> 10.1 | J25: =IF(CPI_Downloader!H23="","",CPI_Downloader!H23) | L25: =A25 -> 5388 | M25: =IFERROR((T25/T13-1),"") | N25: =IFERROR((U25/U24-1),"") | S25: =IF('CDN Data'!M13=0,"",IFERROR(('CDN Data'!M13),"")) | T25: =IF(CPI_Downloader!I23="","",CPI_Downloader!I23) | U25: =IF(CPI_Downloader!J23="","",CPI_Downloader!J23) | W25: =IFERROR((AVERAGE(Y14:Y25)/100),"") | X25: =IFERROR((Y25/100),"") | Y25: =IF(CPI_Downloader!K23="","",CPI_Downloader!K23) | AA25: =IFERROR((AB25/100),"") | AB25: =IF(CPI_Downloader!M23="","",CPI_Downloader!M23) | AC25: =IF(CPI_Downloader!L23="","",CPI_Downloader!L23/100) | AE25: 1 | AI25: =IFERROR((AJ25/AJ24-1),"") | AJ25: =IF(CPI_Downloader!N23="","",CPI_Downloader!N23) | AL25: =IF(CPI_Downloader!O23="","",CPI_Downloader!O23) | AN25: =IFERROR((AT25/AT13-1),"") | AO25: =IFERROR((AT25/AT24-1),"") | AT25: =IF(CPI_Downloader!P23="","",CPI_Downloader!P23) | AU25: =IFERROR((BA25/BA13-1),"") | AV25: =IFERROR((BA25/BA24-1),"") | BA25: =IF(CPI_Downloader!Q23="","",CPI_Downloader!Q23)
A26: =IF(CPI_Downloader!A24="","",CPI_Downloader!A24) -> 5419 | B26: =IFERROR((I26/I14-1),"") -> 0.0099009901 | C26: =IFERROR((J26/J25-1),"") | H26: =IFERROR(('CDN Data'!B26),"") | I26: =IF(CPI_Downloader!G24="","",CPI_Downloader!G24) -> 10.2 | J26: =IF(CPI_Downloader!H24="","",CPI_Downloader!H24) | L26: =A26 -> 5419 | M26: =IFERROR((T26/T14-1),"") | N26: =IFERROR((U26/U25-1),"") | S26: =IF('CDN Data'!M14=0,"",IFERROR(('CDN Data'!M14),"")) | T26: =IF(CPI_Downloader!I24="","",CPI_Downloader!I24) | U26: =IF(CPI_Downloader!J24="","",CPI_Downloader!J24) | W26: =IFERROR((AVERAGE(Y15:Y26)/100),"") | X26: =IFERROR((Y26/100),"") | Y26: =IF(CPI_Downloader!K24="","",CPI_Downloader!K24) | AA26: =IFERROR((AB26/100),"") | AB26: =IF(CPI_Downloader!M24="","",CPI_Downloader!M24) | AC26: =IF(CPI_Downloader!L24="","",CPI_Downloader!L24/100) | AE26: 1 | AI26: =IFERROR((AJ26/AJ25-1),"") | AJ26: =IF(CPI_Downloader!N24="","",CPI_Downloader!N24) | AL26: =IF(CPI_Downloader!O24="","",CPI_Downloader!O24) | AN26: =IFERROR((AT26/AT14-1),"") | AO26: =IFERROR((AT26/AT25-1),"") | AT26: =IF(CPI_Downloader!P24="","",CPI_Downloader!P24) | AU26: =IFERROR((BA26/BA14-1),"") | AV26: =IFERROR((BA26/BA25-1),"") | BA26: =IF(CPI_Downloader!Q24="","",CPI_Downloader!Q24)
A27: =IF(CPI_Downloader!A25="","",CPI_Downloader!A25) -> 5449 | B27: =IFERROR((I27/I15-1),"") -> 0.01 | C27: =IFERROR((J27/J26-1),"") | H27: =IFERROR(('CDN Data'!B27),"") | I27: =IF(CPI_Downloader!G25="","",CPI_Downloader!G25) -> 10.1 | J27: =IF(CPI_Downloader!H25="","",CPI_Downloader!H25) | L27: =A27 -> 5449 | M27: =IFERROR((T27/T15-1),"") | N27: =IFERROR((U27/U26-1),"") | S27: =IF('CDN Data'!M15=0,"",IFERROR(('CDN Data'!M15),"")) | T27: =IF(CPI_Downloader!I25="","",CPI_Downloader!I25) | U27: =IF(CPI_Downloader!J25="","",CPI_Downloader!J25) | W27: =IFERROR((AVERAGE(Y16:Y27)/100),"") | X27: =IFERROR((Y27/100),"") | Y27: =IF(CPI_Downloader!K25="","",CPI_Downloader!K25) | AA27: =IFERROR((AB27/100),"") | AB27: =IF(CPI_Downloader!M25="","",CPI_Downloader!M25) | AC27: =IF(CPI_Downloader!L25="","",CPI_Downloader!L25/100) | AE27: 0 | AI27: =IFERROR((AJ27/AJ26-1),"") | AJ27: =IF(CPI_Downloader!N25="","",CPI_Downloader!N25) | AL27: =IF(CPI_Downloader!O25="","",CPI_Downloader!O25) | AN27: =IFERROR((AT27/AT15-1),"") | AO27: =IFERROR((AT27/AT26-1),"") | AT27: =IF(CPI_Downloader!P25="","",CPI_Downloader!P25) | AU27: =IFERROR((BA27/BA15-1),"") | AV27: =IFERROR((BA27/BA26-1),"") | BA27: =IF(CPI_Downloader!Q25="","",CPI_Downloader!Q25)
A28: =IF(CPI_Downloader!A26="","",CPI_Downloader!A26) -> 5480 | B28: =IFERROR((I28/I16-1),"") -> 0.01 | C28: =IFERROR((J28/J27-1),"") | H28: =IFERROR(('CDN Data'!B28),"") -> 0.016666667 | I28: =IF(CPI_Downloader!G26="","",CPI_Downloader!G26) -> 10.1 | J28: =IF(CPI_Downloader!H26="","",CPI_Downloader!H26) | L28: =A28 -> 5480 | M28: =IFERROR((T28/T16-1),"") | N28: =IFERROR((U28/U27-1),"") | S28: =IFERROR(('CDN Data'!M16),"") | T28: =IF(CPI_Downloader!I26="","",CPI_Downloader!I26) | U28: =IF(CPI_Downloader!J26="","",CPI_Downloader!J26) | W28: =IFERROR((AVERAGE(Y17:Y28)/100),"") | X28: =IFERROR((Y28/100),"") | Y28: =IF(CPI_Downloader!K26="","",CPI_Downloader!K26) | AA28: =IFERROR((AB28/100),"") | AB28: =IF(CPI_Downloader!M26="","",CPI_Downloader!M26) | AC28: =IF(CPI_Downloader!L26="","",CPI_Downloader!L26/100) | AE28: 0 | AI28: =IFERROR((AJ28/AJ27-1),"") | AJ28: =IF(CPI_Downloader!N26="","",CPI_Downloader!N26) | AL28: =IF(CPI_Downloader!O26="","",CPI_Downloader!O26) | AN28: =IFERROR((AT28/AT16-1),"") | AO28: =IFERROR((AT28/AT27-1),"") | AT28: =IF(CPI_Downloader!P26="","",CPI_Downloader!P26) | AU28: =IFERROR((BA28/BA16-1),"") | AV28: =IFERROR((BA28/BA27-1),"") | BA28: =IF(CPI_Downloader!Q26="","",CPI_Downloader!Q26)
A29: =IF(CPI_Downloader!A27="","",CPI_Downloader!A27) -> 5511 | B29: =IFERROR((I29/I17-1),"") -> 0.01010101 | C29: =IFERROR((J29/J28-1),"") | H29: =IFERROR(('CDN Data'!B29),"") -> 0.016666667 | I29: =IF(CPI_Downloader!G27="","",CPI_Downloader!G27) -> 10 | J29: =IF(CPI_Downloader!H27="","",CPI_Downloader!H27) | L29: =A29 -> 5511 | M29: =IFERROR((T29/T17-1),"") | N29: =IFERROR((U29/U28-1),"") | S29: =IFERROR(('CDN Data'!M17),"") | T29: =IF(CPI_Downloader!I27="","",CPI_Downloader!I27) | U29: =IF(CPI_Downloader!J27="","",CPI_Downloader!J27) | W29: =IFERROR((AVERAGE(Y18:Y29)/100),"") | X29: =IFERROR((Y29/100),"") | Y29: =IF(CPI_Downloader!K27="","",CPI_Downloader!K27) | AA29: =IFERROR((AB29/100),"") | AB29: =IF(CPI_Downloader!M27="","",CPI_Downloader!M27) | AC29: =IF(CPI_Downloader!L27="","",CPI_Downloader!L27/100) | AE29: 0 | AI29: =IFERROR((AJ29/AJ28-1),"") | AJ29: =IF(CPI_Downloader!N27="","",CPI_Downloader!N27) | AL29: =IF(CPI_Downloader!O27="","",CPI_Downloader!O27) | AN29: =IFERROR((AT29/AT17-1),"") | AO29: =IFERROR((AT29/AT28-1),"") | AT29: =IF(CPI_Downloader!P27="","",CPI_Downloader!P27) | AU29: =IFERROR((BA29/BA17-1),"") | AV29: =IFERROR((BA29/BA28-1),"") | BA29: =IF(CPI_Downloader!Q27="","",CPI_Downloader!Q27)
A30: =IF(CPI_Downloader!A28="","",CPI_Downloader!A28) -> 5539 | B30: =IFERROR((I30/I18-1),"") -> 0 | C30: =IFERROR((J30/J29-1),"") | H30: =IFERROR(('CDN Data'!B30),"") -> 0.016666667 | I30: =IF(CPI_Downloader!G28="","",CPI_Downloader!G28) -> 9.9 | J30: =IF(CPI_Downloader!H28="","",CPI_Downloader!H28) | L30: =A30 -> 5539 | M30: =IFERROR((T30/T18-1),"") | N30: =IFERROR((U30/U29-1),"") | S30: =IFERROR(('CDN Data'!M18),"") | T30: =IF(CPI_Downloader!I28="","",CPI_Downloader!I28) | U30: =IF(CPI_Downloader!J28="","",CPI_Downloader!J28) | W30: =IFERROR((AVERAGE(Y19:Y30)/100),"") | X30: =IFERROR((Y30/100),"") | Y30: =IF(CPI_Downloader!K28="","",CPI_Downloader!K28) | AA30: =IFERROR((AB30/100),"") | AB30: =IF(CPI_Downloader!M28="","",CPI_Downloader!M28) | AC30: =IF(CPI_Downloader!L28="","",CPI_Downloader!L28/100) | AE30: 0 | AI30: =IFERROR((AJ30/AJ29-1),"") | AJ30: =IF(CPI_Downloader!N28="","",CPI_Downloader!N28) | AL30: =IF(CPI_Downloader!O28="","",CPI_Downloader!O28) | AN30: =IFERROR((AT30/AT18-1),"") | AO30: =IFERROR((AT30/AT29-1),"") | AT30: =IF(CPI_Downloader!P28="","",CPI_Downloader!P28) | AU30: =IFERROR((BA30/BA18-1),"") | AV30: =IFERROR((BA30/BA29-1),"") | BA30: =IF(CPI_Downloader!Q28="","",CPI_Downloader!Q28)
A31: =IF(CPI_Downloader!A29="","",CPI_Downloader!A29) -> 5570 | B31: =IFERROR((I31/I19-1),"") -> 0.020408163 | C31: =IFERROR((J31/J30-1),"") | H31: =IFERROR(('CDN Data'!B31),"") -> 0.016666667 | I31: =IF(CPI_Downloader!G29="","",CPI_Downloader!G29) -> 10 | J31: =IF(CPI_Downloader!H29="","",CPI_Downloader!H29) | L31: =A31 -> 5570 | M31: =IFERROR((T31/T19-1),"") | N31: =IFERROR((U31/U30-1),"") | S31: =IFERROR(('CDN Data'!M19),"") | T31: =IF(CPI_Downloader!I29="","",CPI_Downloader!I29) | U31: =IF(CPI_Downloader!J29="","",CPI_Downloader!J29) | W31: =IFERROR((AVERAGE(Y20:Y31)/100),"") | X31: =IFERROR((Y31/100),"") | Y31: =IF(CPI_Downloader!K29="","",CPI_Downloader!K29) | AA31: =IFERROR((AB31/100),"") | AB31: =IF(CPI_Downloader!M29="","",CPI_Downloader!M29) | AC31: =IF(CPI_Downloader!L29="","",CPI_Downloader!L29/100) | AE31: 0 | AI31: =IFERROR((AJ31/AJ30-1),"") | AJ31: =IF(CPI_Downloader!N29="","",CPI_Downloader!N29) | AL31: =IF(CPI_Downloader!O29="","",CPI_Downloader!O29) | AN31: =IFERROR((AT31/AT19-1),"") | AO31: =IFERROR((AT31/AT30-1),"") | AT31: =IF(CPI_Downloader!P29="","",CPI_Downloader!P29) | AU31: =IFERROR((BA31/BA19-1),"") | AV31: =IFERROR((BA31/BA30-1),"") | BA31: =IF(CPI_Downloader!Q29="","",CPI_Downloader!Q29)
A32: =IF(CPI_Downloader!A30="","",CPI_Downloader!A30) -> 5600 | B32: =IFERROR((I32/I20-1),"") -> 0.02020202 | C32: =IFERROR((J32/J31-1),"") | H32: =IFERROR(('CDN Data'!B32),"") -> 0.033898305 | I32: =IF(CPI_Downloader!G30="","",CPI_Downloader!G30) -> 10.1 | J32: =IF(CPI_Downloader!H30="","",CPI_Downloader!H30) | L32: =A32 -> 5600 | M32: =IFERROR((T32/T20-1),"") | N32: =IFERROR((U32/U31-1),"") | S32: =IFERROR(('CDN Data'!M20),"") | T32: =IF(CPI_Downloader!I30="","",CPI_Downloader!I30) | U32: =IF(CPI_Downloader!J30="","",CPI_Downloader!J30) | W32: =IFERROR((AVERAGE(Y21:Y32)/100),"") | X32: =IFERROR((Y32/100),"") | Y32: =IF(CPI_Downloader!K30="","",CPI_Downloader!K30) | AA32: =IFERROR((AB32/100),"") | AB32: =IF(CPI_Downloader!M30="","",CPI_Downloader!M30) | AC32: =IF(CPI_Downloader!L30="","",CPI_Downloader!L30/100) | AE32: 0 | AI32: =IFERROR((AJ32/AJ31-1),"") | AJ32: =IF(CPI_Downloader!N30="","",CPI_Downloader!N30) | AL32: =IF(CPI_Downloader!O30="","",CPI_Downloader!O30) | AN32: =IFERROR((AT32/AT20-1),"") | AO32: =IFERROR((AT32/AT31-1),"") | AT32: =IF(CPI_Downloader!P30="","",CPI_Downloader!P30) | AU32: =IFERROR((BA32/BA20-1),"") | AV32: =IFERROR((BA32/BA31-1),"") | BA32: =IF(CPI_Downloader!Q30="","",CPI_Downloader!Q30)
A33: =IF(CPI_Downloader!A31="","",CPI_Downloader!A31) -> 5631 | B33: =IFERROR((I33/I21-1),"") -> 0.02020202 | C33: =IFERROR((J33/J32-1),"") | H33: =IFERROR(('CDN Data'!B33),"") -> 0.016666667 | I33: =IF(CPI_Downloader!G31="","",CPI_Downloader!G31) -> 10.1 | J33: =IF(CPI_Downloader!H31="","",CPI_Downloader!H31) | L33: =A33 -> 5631 | M33: =IFERROR((T33/T21-1),"") | N33: =IFERROR((U33/U32-1),"") | S33: =IFERROR(('CDN Data'!M21),"") | T33: =IF(CPI_Downloader!I31="","",CPI_Downloader!I31) | U33: =IF(CPI_Downloader!J31="","",CPI_Downloader!J31) | W33: =IFERROR((AVERAGE(Y22:Y33)/100),"") | X33: =IFERROR((Y33/100),"") | Y33: =IF(CPI_Downloader!K31="","",CPI_Downloader!K31) | AA33: =IFERROR((AB33/100),"") | AB33: =IF(CPI_Downloader!M31="","",CPI_Downloader!M31) | AC33: =IF(CPI_Downloader!L31="","",CPI_Downloader!L31/100) | AE33: 0 | AI33: =IFERROR((AJ33/AJ32-1),"") | AJ33: =IF(CPI_Downloader!N31="","",CPI_Downloader!N31) | AL33: =IF(CPI_Downloader!O31="","",CPI_Downloader!O31) | AN33: =IFERROR((AT33/AT21-1),"") | AO33: =IFERROR((AT33/AT32-1),"") | AT33: =IF(CPI_Downloader!P31="","",CPI_Downloader!P31) | AU33: =IFERROR((BA33/BA21-1),"") | AV33: =IFERROR((BA33/BA32-1),"") | BA33: =IF(CPI_Downloader!Q31="","",CPI_Downloader!Q31)
A34: =IF(CPI_Downloader!A32="","",CPI_Downloader!A32) -> 5661 | B34: =IFERROR((I34/I22-1),"") -> 0.01 | C34: =IFERROR((J34/J33-1),"") | H34: =IFERROR(('CDN Data'!B34),"") -> 0.033898305 | I34: =IF(CPI_Downloader!G32="","",CPI_Downloader!G32) -> 10.1 | J34: =IF(CPI_Downloader!H32="","",CPI_Downloader!H32) | L34: =A34 -> 5661 | M34: =IFERROR((T34/T22-1),"") | N34: =IFERROR((U34/U33-1),"") | S34: =IFERROR(('CDN Data'!M22),"") | T34: =IF(CPI_Downloader!I32="","",CPI_Downloader!I32) | U34: =IF(CPI_Downloader!J32="","",CPI_Downloader!J32) | W34: =IFERROR((AVERAGE(Y23:Y34)/100),"") | X34: =IFERROR((Y34/100),"") | Y34: =IF(CPI_Downloader!K32="","",CPI_Downloader!K32) | AA34: =IFERROR((AB34/100),"") | AB34: =IF(CPI_Downloader!M32="","",CPI_Downloader!M32) | AC34: =IF(CPI_Downloader!L32="","",CPI_Downloader!L32/100) | AE34: 0 | AI34: =IFERROR((AJ34/AJ33-1),"") | AJ34: =IF(CPI_Downloader!N32="","",CPI_Downloader!N32) | AL34: =IF(CPI_Downloader!O32="","",CPI_Downloader!O32) | AN34: =IFERROR((AT34/AT22-1),"") | AO34: =IFERROR((AT34/AT33-1),"") | AT34: =IF(CPI_Downloader!P32="","",CPI_Downloader!P32) | AU34: =IFERROR((BA34/BA22-1),"") | AV34: =IFERROR((BA34/BA33-1),"") | BA34: =IF(CPI_Downloader!Q32="","",CPI_Downloader!Q32)
A35: =IF(CPI_Downloader!A33="","",CPI_Downloader!A33) -> 5692 | B35: =IFERROR((I35/I23-1),"") -> -0.0098039216 | C35: =IFERROR((J35/J34-1),"") | H35: =IFERROR(('CDN Data'!B35),"") -> 0.016666667 | I35: =IF(CPI_Downloader!G33="","",CPI_Downloader!G33) -> 10.1 | J35: =IF(CPI_Downloader!H33="","",CPI_Downloader!H33) | L35: =A35 -> 5692 | M35: =IFERROR((T35/T23-1),"") | N35: =IFERROR((U35/U34-1),"") | S35: =IFERROR(('CDN Data'!M23),"") | T35: =IF(CPI_Downloader!I33="","",CPI_Downloader!I33) | U35: =IF(CPI_Downloader!J33="","",CPI_Downloader!J33) | W35: =IFERROR((AVERAGE(Y24:Y35)/100),"") | X35: =IFERROR((Y35/100),"") | Y35: =IF(CPI_Downloader!K33="","",CPI_Downloader!K33) | AA35: =IFERROR((AB35/100),"") | AB35: =IF(CPI_Downloader!M33="","",CPI_Downloader!M33) | AC35: =IF(CPI_Downloader!L33="","",CPI_Downloader!L33/100) | AE35: 0 | AI35: =IFERROR((AJ35/AJ34-1),"") | AJ35: =IF(CPI_Downloader!N33="","",CPI_Downloader!N33) | AL35: =IF(CPI_Downloader!O33="","",CPI_Downloader!O33) | AN35: =IFERROR((AT35/AT23-1),"") | AO35: =IFERROR((AT35/AT34-1),"") | AT35: =IF(CPI_Downloader!P33="","",CPI_Downloader!P33) | AU35: =IFERROR((BA35/BA23-1),"") | AV35: =IFERROR((BA35/BA34-1),"") | BA35: =IF(CPI_Downloader!Q33="","",CPI_Downloader!Q33)
A36: =IF(CPI_Downloader!A34="","",CPI_Downloader!A34) -> 5723 | B36: =IFERROR((I36/I24-1),"") -> -0.0098039216 | C36: =IFERROR((J36/J35-1),"") | H36: =IFERROR(('CDN Data'!B36),"") -> 0.016666667 | I36: =IF(CPI_Downloader!G34="","",CPI_Downloader!G34) -> 10.1 | J36: =IF(CPI_Downloader!H34="","",CPI_Downloader!H34) | L36: =A36 -> 5723 | M36: =IFERROR((T36/T24-1),"") | N36: =IFERROR((U36/U35-1),"") | S36: =IFERROR(('CDN Data'!M24),"") | T36: =IF(CPI_Downloader!I34="","",CPI_Downloader!I34) | U36: =IF(CPI_Downloader!J34="","",CPI_Downloader!J34) | W36: =IFERROR((AVERAGE(Y25:Y36)/100),"") | X36: =IFERROR((Y36/100),"") | Y36: =IF(CPI_Downloader!K34="","",CPI_Downloader!K34) | AA36: =IFERROR((AB36/100),"") | AB36: =IF(CPI_Downloader!M34="","",CPI_Downloader!M34) | AC36: =IF(CPI_Downloader!L34="","",CPI_Downloader!L34/100) | AE36: 0 | AI36: =IFERROR((AJ36/AJ35-1),"") | AJ36: =IF(CPI_Downloader!N34="","",CPI_Downloader!N34) | AL36: =IF(CPI_Downloader!O34="","",CPI_Downloader!O34) | AN36: =IFERROR((AT36/AT24-1),"") | AO36: =IFERROR((AT36/AT35-1),"") | AT36: =IF(CPI_Downloader!P34="","",CPI_Downloader!P34) | AU36: =IFERROR((BA36/BA24-1),"") | AV36: =IFERROR((BA36/BA35-1),"") | BA36: =IF(CPI_Downloader!Q34="","",CPI_Downloader!Q34)
A37: =IF(CPI_Downloader!A35="","",CPI_Downloader!A35) -> 5753 | B37: =IFERROR((I37/I25-1),"") -> 0.0099009901 | C37: =IFERROR((J37/J36-1),"") | H37: =IFERROR(('CDN Data'!B37),"") -> 0 | I37: =IF(CPI_Downloader!G35="","",CPI_Downloader!G35) -> 10.2 | J37: =IF(CPI_Downloader!H35="","",CPI_Downloader!H35) | L37: =A37 -> 5753 | M37: =IFERROR((T37/T25-1),"") | N37: =IFERROR((U37/U36-1),"") | S37: =IFERROR(('CDN Data'!M25),"") | T37: =IF(CPI_Downloader!I35="","",CPI_Downloader!I35) | U37: =IF(CPI_Downloader!J35="","",CPI_Downloader!J35) | W37: =IFERROR((AVERAGE(Y26:Y37)/100),"") | X37: =IFERROR((Y37/100),"") | Y37: =IF(CPI_Downloader!K35="","",CPI_Downloader!K35) | AA37: =IFERROR((AB37/100),"") | AB37: =IF(CPI_Downloader!M35="","",CPI_Downloader!M35) | AC37: =IF(CPI_Downloader!L35="","",CPI_Downloader!L35/100) | AE37: 0 | AI37: =IFERROR((AJ37/AJ36-1),"") | AJ37: =IF(CPI_Downloader!N35="","",CPI_Downloader!N35) | AL37: =IF(CPI_Downloader!O35="","",CPI_Downloader!O35) | AN37: =IFERROR((AT37/AT25-1),"") | AO37: =IFERROR((AT37/AT36-1),"") | AT37: =IF(CPI_Downloader!P35="","",CPI_Downloader!P35) | AU37: =IFERROR((BA37/BA25-1),"") | AV37: =IFERROR((BA37/BA36-1),"") | BA37: =IF(CPI_Downloader!Q35="","",CPI_Downloader!Q35)
A38: =IF(CPI_Downloader!A36="","",CPI_Downloader!A36) -> 5784 | B38: =IFERROR((I38/I26-1),"") -> 0.0098039216 | C38: =IFERROR((J38/J37-1),"") | H38: =IFERROR(('CDN Data'!B38),"") -> 0.032786885 | I38: =IF(CPI_Downloader!G36="","",CPI_Downloader!G36) -> 10.3 | J38: =IF(CPI_Downloader!H36="","",CPI_Downloader!H36) | L38: =A38 -> 5784 | M38: =IFERROR((T38/T26-1),"") | N38: =IFERROR((U38/U37-1),"") | S38: =IFERROR(('CDN Data'!M26),"") | T38: =IF(CPI_Downloader!I36="","",CPI_Downloader!I36) | U38: =IF(CPI_Downloader!J36="","",CPI_Downloader!J36) | W38: =IFERROR((AVERAGE(Y27:Y38)/100),"") | X38: =IFERROR((Y38/100),"") | Y38: =IF(CPI_Downloader!K36="","",CPI_Downloader!K36) | AA38: =IFERROR((AB38/100),"") | AB38: =IF(CPI_Downloader!M36="","",CPI_Downloader!M36) | AC38: =IF(CPI_Downloader!L36="","",CPI_Downloader!L36/100) | AE38: 0 | AI38: =IFERROR((AJ38/AJ37-1),"") | AJ38: =IF(CPI_Downloader!N36="","",CPI_Downloader!N36) | AL38: =IF(CPI_Downloader!O36="","",CPI_Downloader!O36) | AN38: =IFERROR((AT38/AT26-1),"") | AO38: =IFERROR((AT38/AT37-1),"") | AT38: =IF(CPI_Downloader!P36="","",CPI_Downloader!P36) | AU38: =IFERROR((BA38/BA26-1),"") | AV38: =IFERROR((BA38/BA37-1),"") | BA38: =IF(CPI_Downloader!Q36="","",CPI_Downloader!Q36)
A39: =IF(CPI_Downloader!A37="","",CPI_Downloader!A37) -> 5814 | B39: =IFERROR((I39/I27-1),"") -> 0.01980198 | C39: =IFERROR((J39/J38-1),"") | H39: =IFERROR(('CDN Data'!B39),"") -> 0.032786885 | I39: =IF(CPI_Downloader!G37="","",CPI_Downloader!G37) -> 10.3 | J39: =IF(CPI_Downloader!H37="","",CPI_Downloader!H37) | L39: =A39 -> 5814 | M39: =IFERROR((T39/T27-1),"") | N39: =IFERROR((U39/U38-1),"") | S39: =IFERROR(('CDN Data'!M27),"") | T39: =IF(CPI_Downloader!I37="","",CPI_Downloader!I37) | U39: =IF(CPI_Downloader!J37="","",CPI_Downloader!J37) | W39: =IFERROR((AVERAGE(Y28:Y39)/100),"") | X39: =IFERROR((Y39/100),"") | Y39: =IF(CPI_Downloader!K37="","",CPI_Downloader!K37) | AA39: =IFERROR((AB39/100),"") | AB39: =IF(CPI_Downloader!M37="","",CPI_Downloader!M37) | AC39: =IF(CPI_Downloader!L37="","",CPI_Downloader!L37/100) | AE39: 0 | AI39: =IFERROR((AJ39/AJ38-1),"") | AJ39: =IF(CPI_Downloader!N37="","",CPI_Downloader!N37) | AL39: =IF(CPI_Downloader!O37="","",CPI_Downloader!O37) | AN39: =IFERROR((AT39/AT27-1),"") | AO39: =IFERROR((AT39/AT38-1),"") | AT39: =IF(CPI_Downloader!P37="","",CPI_Downloader!P37) | AU39: =IFERROR((BA39/BA27-1),"") | AV39: =IFERROR((BA39/BA38-1),"") | BA39: =IF(CPI_Downloader!Q37="","",CPI_Downloader!Q37)
A40: =IF(CPI_Downloader!A38="","",CPI_Downloader!A38) -> 5845 | B40: =IFERROR((I40/I28-1),"") -> 0.02970297 | C40: =IFERROR((J40/J39-1),"") | D40: =IFERROR(((I40/I4)^(1/3)-1),"") -> 0.020005283 | H40: =IFERROR(('CDN Data'!B40),"") -> 0.049180328 | I40: =IF(CPI_Downloader!G38="","",CPI_Downloader!G38) -> 10.4 | J40: =IF(CPI_Downloader!H38="","",CPI_Downloader!H38) | L40: =A40 -> 5845 | M40: =IFERROR((T40/T28-1),"") | N40: =IFERROR((U40/U39-1),"") | O40: =IFERROR(((T40/T4)^(1/3)-1),"") | S40: =IFERROR(('CDN Data'!M28),"") | T40: =IF(CPI_Downloader!I38="","",CPI_Downloader!I38) | U40: =IF(CPI_Downloader!J38="","",CPI_Downloader!J38) | W40: =IFERROR((AVERAGE(Y29:Y40)/100),"") | X40: =IFERROR((Y40/100),"") | Y40: =IF(CPI_Downloader!K38="","",CPI_Downloader!K38) | AA40: =IFERROR((AB40/100),"") | AB40: =IF(CPI_Downloader!M38="","",CPI_Downloader!M38) | AC40: =IF(CPI_Downloader!L38="","",CPI_Downloader!L38/100) | AE40: 0 | AI40: =IFERROR((AJ40/AJ39-1),"") | AJ40: =IF(CPI_Downloader!N38="","",CPI_Downloader!N38) | AL40: =IF(CPI_Downloader!O38="","",CPI_Downloader!O38) | AN40: =IFERROR((AT40/AT28-1),"") | AO40: =IFERROR((AT40/AT39-1),"") | AP40: =IFERROR(((AT40/AT4)^(1/3)-1),"") | AT40: =IF(CPI_Downloader!P38="","",CPI_Downloader!P38) | AU40: =IFERROR((BA40/BA28-1),"") | AV40: =IFERROR((BA40/BA39-1),"") | AW40: =IFERROR(((BA40/BA4)^(1/3)-1),"") | BA40: =IF(CPI_Downloader!Q38="","",CPI_Downloader!Q38)
A41: =IF(CPI_Downloader!A39="","",CPI_Downloader!A39) -> 5876 | B41: =IFERROR((I41/I29-1),"") -> 0.04 | C41: =IFERROR((J41/J40-1),"") | D41: =IFERROR(((I41/I5)^(1/3)-1),"") -> 0.020005283 | H41: =IFERROR(('CDN Data'!B41),"") -> 0.06557377 | I41: =IF(CPI_Downloader!G39="","",CPI_Downloader!G39) -> 10.4 | J41: =IF(CPI_Downloader!H39="","",CPI_Downloader!H39) | L41: =A41 -> 5876 | M41: =IFERROR((T41/T29-1),"") | N41: =IFERROR((U41/U40-1),"") | O41: =IFERROR(((T41/T5)^(1/3)-1),"") | S41: =IFERROR(('CDN Data'!M29),"") | T41: =IF(CPI_Downloader!I39="","",CPI_Downloader!I39) | U41: =IF(CPI_Downloader!J39="","",CPI_Downloader!J39) | W41: =IFERROR((AVERAGE(Y30:Y41)/100),"") | X41: =IFERROR((Y41/100),"") | Y41: =IF(CPI_Downloader!K39="","",CPI_Downloader!K39) | AA41: =IFERROR((AB41/100),"") | AB41: =IF(CPI_Downloader!M39="","",CPI_Downloader!M39) | AC41: =IF(CPI_Downloader!L39="","",CPI_Downloader!L39/100) | AE41: 0 | AI41: =IFERROR((AJ41/AJ40-1),"") | AJ41: =IF(CPI_Downloader!N39="","",CPI_Downloader!N39) | AL41: =IF(CPI_Downloader!O39="","",CPI_Downloader!O39) | AN41: =IFERROR((AT41/AT29-1),"") | AO41: =IFERROR((AT41/AT40-1),"") | AP41: =IFERROR(((AT41/AT5)^(1/3)-1),"") | AT41: =IF(CPI_Downloader!P39="","",CPI_Downloader!P39) | AU41: =IFERROR((BA41/BA29-1),"") | AV41: =IFERROR((BA41/BA40-1),"") | AW41: =IFERROR(((BA41/BA5)^(1/3)-1),"") | BA41: =IF(CPI_Downloader!Q39="","",CPI_Downloader!Q39)
A42: =IF(CPI_Downloader!A40="","",CPI_Downloader!A40) -> 5905 | B42: =IFERROR((I42/I30-1),"") -> 0.060606061 | C42: =IFERROR((J42/J41-1),"") | D42: =IFERROR(((I42/I6)^(1/3)-1),"") -> 0.023264108 | H42: =IFERROR(('CDN Data'!B42),"") -> 0.06557377 | I42: =IF(CPI_Downloader!G40="","",CPI_Downloader!G40) -> 10.5 | J42: =IF(CPI_Downloader!H40="","",CPI_Downloader!H40) | L42: =A42 -> 5905 | M42: =IFERROR((T42/T30-1),"") | N42: =IFERROR((U42/U41-1),"") | O42: =IFERROR(((T42/T6)^(1/3)-1),"") | S42: =IFERROR(('CDN Data'!M30),"") | T42: =IF(CPI_Downloader!I40="","",CPI_Downloader!I40) | U42: =IF(CPI_Downloader!J40="","",CPI_Downloader!J40) | W42: =IFERROR((AVERAGE(Y31:Y42)/100),"") | X42: =IFERROR((Y42/100),"") | Y42: =IF(CPI_Downloader!K40="","",CPI_Downloader!K40) | AA42: =IFERROR((AB42/100),"") | AB42: =IF(CPI_Downloader!M40="","",CPI_Downloader!M40) | AC42: =IF(CPI_Downloader!L40="","",CPI_Downloader!L40/100) | AE42: 0 | AI42: =IFERROR((AJ42/AJ41-1),"") | AJ42: =IF(CPI_Downloader!N40="","",CPI_Downloader!N40) | AL42: =IF(CPI_Downloader!O40="","",CPI_Downloader!O40) | AN42: =IFERROR((AT42/AT30-1),"") | AO42: =IFERROR((AT42/AT41-1),"") | AP42: =IFERROR(((AT42/AT6)^(1/3)-1),"") | AT42: =IF(CPI_Downloader!P40="","",CPI_Downloader!P40) | AU42: =IFERROR((BA42/BA30-1),"") | AV42: =IFERROR((BA42/BA41-1),"") | AW42: =IFERROR(((BA42/BA6)^(1/3)-1),"") | BA42: =IF(CPI_Downloader!Q40="","",CPI_Downloader!Q40)
A43: =IF(CPI_Downloader!A41="","",CPI_Downloader!A41) -> 5936 | B43: =IFERROR((I43/I31-1),"") -> 0.06 | C43: =IFERROR((J43/J42-1),"") | D43: =IFERROR(((I43/I7)^(1/3)-1),"") -> 0.026502307 | H43: =IFERROR(('CDN Data'!B43),"") -> 0.06557377 | I43: =IF(CPI_Downloader!G41="","",CPI_Downloader!G41) -> 10.6 | J43: =IF(CPI_Downloader!H41="","",CPI_Downloader!H41) | L43: =A43 -> 5936 | M43: =IFERROR((T43/T31-1),"") | N43: =IFERROR((U43/U42-1),"") | O43: =IFERROR(((T43/T7)^(1/3)-1),"") | S43: =IFERROR(('CDN Data'!M31),"") | T43: =IF(CPI_Downloader!I41="","",CPI_Downloader!I41) | U43: =IF(CPI_Downloader!J41="","",CPI_Downloader!J41) | W43: =IFERROR((AVERAGE(Y32:Y43)/100),"") | X43: =IFERROR((Y43/100),"") | Y43: =IF(CPI_Downloader!K41="","",CPI_Downloader!K41) | AA43: =IFERROR((AB43/100),"") | AB43: =IF(CPI_Downloader!M41="","",CPI_Downloader!M41) | AC43: =IF(CPI_Downloader!L41="","",CPI_Downloader!L41/100) | AE43: 0 | AI43: =IFERROR((AJ43/AJ42-1),"") | AJ43: =IF(CPI_Downloader!N41="","",CPI_Downloader!N41) | AL43: =IF(CPI_Downloader!O41="","",CPI_Downloader!O41) | AN43: =IFERROR((AT43/AT31-1),"") | AO43: =IFERROR((AT43/AT42-1),"") | AP43: =IFERROR(((AT43/AT7)^(1/3)-1),"") | AT43: =IF(CPI_Downloader!P41="","",CPI_Downloader!P41) | AU43: =IFERROR((BA43/BA31-1),"") | AV43: =IFERROR((BA43/BA42-1),"") | AW43: =IFERROR(((BA43/BA7)^(1/3)-1),"") | BA43: =IF(CPI_Downloader!Q41="","",CPI_Downloader!Q41)
A44: =IF(CPI_Downloader!A42="","",CPI_Downloader!A42) -> 5966 | B44: =IFERROR((I44/I32-1),"") -> 0.059405941 | C44: =IFERROR((J44/J43-1),"") | D44: =IFERROR(((I44/I8)^(1/3)-1),"") -> 0.03324667 | H44: =IFERROR(('CDN Data'!B44),"") -> 0.06557377 | I44: =IF(CPI_Downloader!G42="","",CPI_Downloader!G42) -> 10.7 | J44: =IF(CPI_Downloader!H42="","",CPI_Downloader!H42) | L44: =A44 -> 5966 | M44: =IFERROR((T44/T32-1),"") | N44: =IFERROR((U44/U43-1),"") | O44: =IFERROR(((T44/T8)^(1/3)-1),"") | S44: =IFERROR(('CDN Data'!M32),"") | T44: =IF(CPI_Downloader!I42="","",CPI_Downloader!I42) | U44: =IF(CPI_Downloader!J42="","",CPI_Downloader!J42) | W44: =IFERROR((AVERAGE(Y33:Y44)/100),"") | X44: =IFERROR((Y44/100),"") | Y44: =IF(CPI_Downloader!K42="","",CPI_Downloader!K42) | AA44: =IFERROR((AB44/100),"") | AB44: =IF(CPI_Downloader!M42="","",CPI_Downloader!M42) | AC44: =IF(CPI_Downloader!L42="","",CPI_Downloader!L42/100) | AE44: 0 | AI44: =IFERROR((AJ44/AJ43-1),"") | AJ44: =IF(CPI_Downloader!N42="","",CPI_Downloader!N42) | AL44: =IF(CPI_Downloader!O42="","",CPI_Downloader!O42) | AN44: =IFERROR((AT44/AT32-1),"") | AO44: =IFERROR((AT44/AT43-1),"") | AP44: =IFERROR(((AT44/AT8)^(1/3)-1),"") | AT44: =IF(CPI_Downloader!P42="","",CPI_Downloader!P42) | AU44: =IFERROR((BA44/BA32-1),"") | AV44: =IFERROR((BA44/BA43-1),"") | AW44: =IFERROR(((BA44/BA8)^(1/3)-1),"") | BA44: =IF(CPI_Downloader!Q42="","",CPI_Downloader!Q42)
A45: =IF(CPI_Downloader!A43="","",CPI_Downloader!A43) -> 5997 | B45: =IFERROR((I45/I33-1),"") -> 0.069306931 | C45: =IFERROR((J45/J44-1),"") | D45: =IFERROR(((I45/I9)^(1/3)-1),"") -> 0.032918113 | H45: =IFERROR(('CDN Data'!B45),"") -> 0.081967213 | I45: =IF(CPI_Downloader!G43="","",CPI_Downloader!G43) -> 10.8 | J45: =IF(CPI_Downloader!H43="","",CPI_Downloader!H43) | L45: =A45 -> 5997 | M45: =IFERROR((T45/T33-1),"") | N45: =IFERROR((U45/U44-1),"") | O45: =IFERROR(((T45/T9)^(1/3)-1),"") | S45: =IFERROR(('CDN Data'!M33),"") | T45: =IF(CPI_Downloader!I43="","",CPI_Downloader!I43) | U45: =IF(CPI_Downloader!J43="","",CPI_Downloader!J43) | W45: =IFERROR((AVERAGE(Y34:Y45)/100),"") | X45: =IFERROR((Y45/100),"") | Y45: =IF(CPI_Downloader!K43="","",CPI_Downloader!K43) | AA45: =IFERROR((AB45/100),"") | AB45: =IF(CPI_Downloader!M43="","",CPI_Downloader!M43) | AC45: =IF(CPI_Downloader!L43="","",CPI_Downloader!L43/100) | AE45: 0 | AI45: =IFERROR((AJ45/AJ44-1),"") | AJ45: =IF(CPI_Downloader!N43="","",CPI_Downloader!N43) | AL45: =IF(CPI_Downloader!O43="","",CPI_Downloader!O43) | AN45: =IFERROR((AT45/AT33-1),"") | AO45: =IFERROR((AT45/AT44-1),"") | AP45: =IFERROR(((AT45/AT9)^(1/3)-1),"") | AT45: =IF(CPI_Downloader!P43="","",CPI_Downloader!P43) | AU45: =IFERROR((BA45/BA33-1),"") | AV45: =IFERROR((BA45/BA44-1),"") | AW45: =IFERROR(((BA45/BA9)^(1/3)-1),"") | BA45: =IF(CPI_Downloader!Q43="","",CPI_Downloader!Q43)
A46: =IF(CPI_Downloader!A44="","",CPI_Downloader!A44) -> 6027 | B46: =IFERROR((I46/I34-1),"") -> 0.069306931 | C46: =IFERROR((J46/J45-1),"") | D46: =IFERROR(((I46/I10)^(1/3)-1),"") -> 0.029428498 | H46: =IFERROR(('CDN Data'!B46),"") -> 0.081967213 | I46: =IF(CPI_Downloader!G44="","",CPI_Downloader!G44) -> 10.8 | J46: =IF(CPI_Downloader!H44="","",CPI_Downloader!H44) | L46: =A46 -> 6027 | M46: =IFERROR((T46/T34-1),"") | N46: =IFERROR((U46/U45-1),"") | O46: =IFERROR(((T46/T10)^(1/3)-1),"") | S46: =IFERROR(('CDN Data'!M34),"") | T46: =IF(CPI_Downloader!I44="","",CPI_Downloader!I44) | U46: =IF(CPI_Downloader!J44="","",CPI_Downloader!J44) | W46: =IFERROR((AVERAGE(Y35:Y46)/100),"") | X46: =IFERROR((Y46/100),"") | Y46: =IF(CPI_Downloader!K44="","",CPI_Downloader!K44) | AA46: =IFERROR((AB46/100),"") | AB46: =IF(CPI_Downloader!M44="","",CPI_Downloader!M44) | AC46: =IF(CPI_Downloader!L44="","",CPI_Downloader!L44/100) | AE46: 0 | AI46: =IFERROR((AJ46/AJ45-1),"") | AJ46: =IF(CPI_Downloader!N44="","",CPI_Downloader!N44) | AL46: =IF(CPI_Downloader!O44="","",CPI_Downloader!O44) | AN46: =IFERROR((AT46/AT34-1),"") | AO46: =IFERROR((AT46/AT45-1),"") | AP46: =IFERROR(((AT46/AT10)^(1/3)-1),"") | AT46: =IF(CPI_Downloader!P44="","",CPI_Downloader!P44) | AU46: =IFERROR((BA46/BA34-1),"") | AV46: =IFERROR((BA46/BA45-1),"") | AW46: =IFERROR(((BA46/BA10)^(1/3)-1),"") | BA46: =IF(CPI_Downloader!Q44="","",CPI_Downloader!Q44)
A47: =IF(CPI_Downloader!A45="","",CPI_Downloader!A45) -> 6058 | B47: =IFERROR((I47/I35-1),"") -> 0.079207921 | C47: =IFERROR((J47/J46-1),"") | D47: =IFERROR(((I47/I11)^(1/3)-1),"") -> 0.032595991 | H47: =IFERROR(('CDN Data'!B47),"") -> 0.081967213 | I47: =IF(CPI_Downloader!G45="","",CPI_Downloader!G45) -> 10.9 | J47: =IF(CPI_Downloader!H45="","",CPI_Downloader!H45) | L47: =A47 -> 6058 | M47: =IFERROR((T47/T35-1),"") | N47: =IFERROR((U47/U46-1),"") | O47: =IFERROR(((T47/T11)^(1/3)-1),"") | S47: =IFERROR(('CDN Data'!M35),"") | T47: =IF(CPI_Downloader!I45="","",CPI_Downloader!I45) | U47: =IF(CPI_Downloader!J45="","",CPI_Downloader!J45) | W47: =IFERROR((AVERAGE(Y36:Y47)/100),"") | X47: =IFERROR((Y47/100),"") | Y47: =IF(CPI_Downloader!K45="","",CPI_Downloader!K45) | AA47: =IFERROR((AB47/100),"") | AB47: =IF(CPI_Downloader!M45="","",CPI_Downloader!M45) | AC47: =IF(CPI_Downloader!L45="","",CPI_Downloader!L45/100) | AE47: 0 | AI47: =IFERROR((AJ47/AJ46-1),"") | AJ47: =IF(CPI_Downloader!N45="","",CPI_Downloader!N45) | AL47: =IF(CPI_Downloader!O45="","",CPI_Downloader!O45) | AN47: =IFERROR((AT47/AT35-1),"") | AO47: =IFERROR((AT47/AT46-1),"") | AP47: =IFERROR(((AT47/AT11)^(1/3)-1),"") | AT47: =IF(CPI_Downloader!P45="","",CPI_Downloader!P45) | AU47: =IFERROR((BA47/BA35-1),"") | AV47: =IFERROR((BA47/BA46-1),"") | AW47: =IFERROR(((BA47/BA11)^(1/3)-1),"") | BA47: =IF(CPI_Downloader!Q45="","",CPI_Downloader!Q45)
A48: =IF(CPI_Downloader!A46="","",CPI_Downloader!A46) -> 6089 | B48: =IFERROR((I48/I36-1),"") -> 0.099009901 | C48: =IFERROR((J48/J47-1),"") | D48: =IFERROR(((I48/I12)^(1/3)-1),"") -> 0.035398805 | H48: =IFERROR(('CDN Data'!B48),"") -> 0.1147541 | I48: =IF(CPI_Downloader!G46="","",CPI_Downloader!G46) -> 11.1 | J48: =IF(CPI_Downloader!H46="","",CPI_Downloader!H46) | L48: =A48 -> 6089 | M48: =IFERROR((T48/T36-1),"") | N48: =IFERROR((U48/U47-1),"") | O48: =IFERROR(((T48/T12)^(1/3)-1),"") | S48: =IFERROR(('CDN Data'!M36),"") | T48: =IF(CPI_Downloader!I46="","",CPI_Downloader!I46) | U48: =IF(CPI_Downloader!J46="","",CPI_Downloader!J46) | W48: =IFERROR((AVERAGE(Y37:Y48)/100),"") | X48: =IFERROR((Y48/100),"") | Y48: =IF(CPI_Downloader!K46="","",CPI_Downloader!K46) | AA48: =IFERROR((AB48/100),"") | AB48: =IF(CPI_Downloader!M46="","",CPI_Downloader!M46) | AC48: =IF(CPI_Downloader!L46="","",CPI_Downloader!L46/100) | AE48: 0 | AI48: =IFERROR((AJ48/AJ47-1),"") | AJ48: =IF(CPI_Downloader!N46="","",CPI_Downloader!N46) | AL48: =IF(CPI_Downloader!O46="","",CPI_Downloader!O46) | AN48: =IFERROR((AT48/AT36-1),"") | AO48: =IFERROR((AT48/AT47-1),"") | AP48: =IFERROR(((AT48/AT12)^(1/3)-1),"") | AT48: =IF(CPI_Downloader!P46="","",CPI_Downloader!P46) | AU48: =IFERROR((BA48/BA36-1),"") | AV48: =IFERROR((BA48/BA47-1),"") | AW48: =IFERROR(((BA48/BA12)^(1/3)-1),"") | BA48: =IF(CPI_Downloader!Q46="","",CPI_Downloader!Q46)
A49: =IF(CPI_Downloader!A47="","",CPI_Downloader!A47) -> 6119 | B49: =IFERROR((I49/I37-1),"") -> 0.10784314 | C49: =IFERROR((J49/J48-1),"") | D49: =IFERROR(((I49/I13)^(1/3)-1),"") -> 0.041580437 | H49: =IFERROR(('CDN Data'!B49),"") -> 0.13114754 | I49: =IF(CPI_Downloader!G47="","",CPI_Downloader!G47) -> 11.3 | J49: =IF(CPI_Downloader!H47="","",CPI_Downloader!H47) | L49: =A49 -> 6119 | M49: =IFERROR((T49/T37-1),"") | N49: =IFERROR((U49/U48-1),"") | O49: =IFERROR(((T49/T13)^(1/3)-1),"") | S49: =IFERROR(('CDN Data'!M37),"") | T49: =IF(CPI_Downloader!I47="","",CPI_Downloader!I47) | U49: =IF(CPI_Downloader!J47="","",CPI_Downloader!J47) | W49: =IFERROR((AVERAGE(Y38:Y49)/100),"") | X49: =IFERROR((Y49/100),"") | Y49: =IF(CPI_Downloader!K47="","",CPI_Downloader!K47) | AA49: =IFERROR((AB49/100),"") | AB49: =IF(CPI_Downloader!M47="","",CPI_Downloader!M47) | AC49: =IF(CPI_Downloader!L47="","",CPI_Downloader!L47/100) | AE49: 0 | AI49: =IFERROR((AJ49/AJ48-1),"") | AJ49: =IF(CPI_Downloader!N47="","",CPI_Downloader!N47) | AL49: =IF(CPI_Downloader!O47="","",CPI_Downloader!O47) | AN49: =IFERROR((AT49/AT37-1),"") | AO49: =IFERROR((AT49/AT48-1),"") | AP49: =IFERROR(((AT49/AT13)^(1/3)-1),"") | AT49: =IF(CPI_Downloader!P47="","",CPI_Downloader!P47) | AU49: =IFERROR((BA49/BA37-1),"") | AV49: =IFERROR((BA49/BA48-1),"") | AW49: =IFERROR(((BA49/BA13)^(1/3)-1),"") | BA49: =IF(CPI_Downloader!Q47="","",CPI_Downloader!Q47)
A50: =IF(CPI_Downloader!A48="","",CPI_Downloader!A48) -> 6150 | B50: =IFERROR((I50/I38-1),"") -> 0.11650485 | C50: =IFERROR((J50/J49-1),"") | D50: =IFERROR(((I50/I14)^(1/3)-1),"") -> 0.044220357 | H50: =IFERROR(('CDN Data'!B50),"") -> 0.12698413 | I50: =IF(CPI_Downloader!G48="","",CPI_Downloader!G48) -> 11.5 | J50: =IF(CPI_Downloader!H48="","",CPI_Downloader!H48) | L50: =A50 -> 6150 | M50: =IFERROR((T50/T38-1),"") | N50: =IFERROR((U50/U49-1),"") | O50: =IFERROR(((T50/T14)^(1/3)-1),"") | S50: =IFERROR(('CDN Data'!M38),"") | T50: =IF(CPI_Downloader!I48="","",CPI_Downloader!I48) | U50: =IF(CPI_Downloader!J48="","",CPI_Downloader!J48) | W50: =IFERROR((AVERAGE(Y39:Y50)/100),"") | X50: =IFERROR((Y50/100),"") | Y50: =IF(CPI_Downloader!K48="","",CPI_Downloader!K48) | AA50: =IFERROR((AB50/100),"") | AB50: =IF(CPI_Downloader!M48="","",CPI_Downloader!M48) | AC50: =IF(CPI_Downloader!L48="","",CPI_Downloader!L48/100) | AE50: 0 | AI50: =IFERROR((AJ50/AJ49-1),"") | AJ50: =IF(CPI_Downloader!N48="","",CPI_Downloader!N48) | AL50: =IF(CPI_Downloader!O48="","",CPI_Downloader!O48) | AN50: =IFERROR((AT50/AT38-1),"") | AO50: =IFERROR((AT50/AT49-1),"") | AP50: =IFERROR(((AT50/AT14)^(1/3)-1),"") | AT50: =IF(CPI_Downloader!P48="","",CPI_Downloader!P48) | AU50: =IFERROR((BA50/BA38-1),"") | AV50: =IFERROR((BA50/BA49-1),"") | AW50: =IFERROR(((BA50/BA14)^(1/3)-1),"") | BA50: =IF(CPI_Downloader!Q48="","",CPI_Downloader!Q48)
A51: =IF(CPI_Downloader!A49="","",CPI_Downloader!A49) -> 6180 | B51: =IFERROR((I51/I39-1),"") -> 0.12621359 | C51: =IFERROR((J51/J50-1),"") | D51: =IFERROR(((I51/I15)^(1/3)-1),"") -> 0.050717574 | H51: =IFERROR(('CDN Data'!B51),"") -> 0.14285714 | I51: =IF(CPI_Downloader!G49="","",CPI_Downloader!G49) -> 11.6 | J51: =IF(CPI_Downloader!H49="","",CPI_Downloader!H49) | L51: =A51 -> 6180 | M51: =IFERROR((T51/T39-1),"") | N51: =IFERROR((U51/U50-1),"") | O51: =IFERROR(((T51/T15)^(1/3)-1),"") | S51: =IFERROR(('CDN Data'!M39),"") | T51: =IF(CPI_Downloader!I49="","",CPI_Downloader!I49) | U51: =IF(CPI_Downloader!J49="","",CPI_Downloader!J49) | W51: =IFERROR((AVERAGE(Y40:Y51)/100),"") | X51: =IFERROR((Y51/100),"") | Y51: =IF(CPI_Downloader!K49="","",CPI_Downloader!K49) | AA51: =IFERROR((AB51/100),"") | AB51: =IF(CPI_Downloader!M49="","",CPI_Downloader!M49) | AC51: =IF(CPI_Downloader!L49="","",CPI_Downloader!L49/100) | AE51: 0 | AI51: =IFERROR((AJ51/AJ50-1),"") | AJ51: =IF(CPI_Downloader!N49="","",CPI_Downloader!N49) | AL51: =IF(CPI_Downloader!O49="","",CPI_Downloader!O49) | AN51: =IFERROR((AT51/AT39-1),"") | AO51: =IFERROR((AT51/AT50-1),"") | AP51: =IFERROR(((AT51/AT15)^(1/3)-1),"") | AT51: =IF(CPI_Downloader!P49="","",CPI_Downloader!P49) | AU51: =IFERROR((BA51/BA39-1),"") | AV51: =IFERROR((BA51/BA50-1),"") | AW51: =IFERROR(((BA51/BA15)^(1/3)-1),"") | BA51: =IF(CPI_Downloader!Q49="","",CPI_Downloader!Q49)
... A63: =IF(CPI_Downloader!A61="","",CPI_Downloader!A61) -> 6545 | B63: =IFERROR((I63/I51-1),"") -> 0.18103448 | C63: =IFERROR((J63/J62-1),"") | D63: =IFERROR(((I63/I27)^(1/3)-1),"") -> 0.1069629 | H63: =IFERROR(('CDN Data'!B63),"") -> 0.15277778 | I63: =IF(CPI_Downloader!G61="","",CPI_Downloader!G61) -> 13.7 | J63: =IF(CPI_Downloader!H61="","",CPI_Downloader!H61) | L63: =A63 -> 6545 | M63: =IFERROR((T63/T51-1),"") | N63: =IFERROR((U63/U62-1),"") | O63: =IFERROR(((T63/T27)^(1/3)-1),"") | S63: =IFERROR(('CDN Data'!M51),"") | T63: =IF(CPI_Downloader!I61="","",CPI_Downloader!I61) | U63: =IF(CPI_Downloader!J61="","",CPI_Downloader!J61) | W63: =IFERROR((AVERAGE(Y52:Y63)/100),"") | X63: =IFERROR((Y63/100),"") | Y63: =IF(CPI_Downloader!K61="","",CPI_Downloader!K61) | AA63: =IFERROR((AB63/100),"") | AB63: =IF(CPI_Downloader!M61="","",CPI_Downloader!M61) | AC63: =IF(CPI_Downloader!L61="","",CPI_Downloader!L61/100) | AE63: 0 | AI63: =IFERROR((AJ63/AJ62-1),"") | AJ63: =IF(CPI_Downloader!N61="","",CPI_Downloader!N61) | AL63: =IF(CPI_Downloader!O61="","",CPI_Downloader!O61) | AN63: =IFERROR((AT63/AT51-1),"") | AO63: =IFERROR((AT63/AT62-1),"") | AP63: =IFERROR(((AT63/AT27)^(1/3)-1),"") | AT63: =IF(CPI_Downloader!P61="","",CPI_Downloader!P61) | AU63: =IFERROR((BA63/BA51-1),"") | AV63: =IFERROR((BA63/BA62-1),"") | AW63: =IFERROR(((BA63/BA27)^(1/3)-1),"") | BA63: =IF(CPI_Downloader!Q61="","",CPI_Downloader!Q61)
A64: =IF(CPI_Downloader!A62="","",CPI_Downloader!A62) -> 6576 | B64: =IFERROR((I64/I52-1),"") -> 0.1965812 | C64: =IFERROR((J64/J63-1),"") | D64: =IFERROR(((I64/I28)^(1/3)-1),"") -> 0.11498465 | E64: =IFERROR(((I64/I4)^(1/5)-1),"") -> 0.073940924 | H64: =IFERROR(('CDN Data'!B64),"") -> 0.13513514 | I64: =IF(CPI_Downloader!G62="","",CPI_Downloader!G62) -> 14 | J64: =IF(CPI_Downloader!H62="","",CPI_Downloader!H62) | L64: =A64 -> 6576 | M64: =IFERROR((T64/T52-1),"") | N64: =IFERROR((U64/U63-1),"") | O64: =IFERROR(((T64/T28)^(1/3)-1),"") | P64: =IFERROR(((T64/T4)^(1/5)-1),"") | S64: =IFERROR(('CDN Data'!M52),"") | T64: =IF(CPI_Downloader!I62="","",CPI_Downloader!I62) | U64: =IF(CPI_Downloader!J62="","",CPI_Downloader!J62) | W64: =IFERROR((AVERAGE(Y53:Y64)/100),"") | X64: =IFERROR((Y64/100),"") | Y64: =IF(CPI_Downloader!K62="","",CPI_Downloader!K62) | AA64: =IFERROR((AB64/100),"") | AB64: =IF(CPI_Downloader!M62="","",CPI_Downloader!M62) | AC64: =IF(CPI_Downloader!L62="","",CPI_Downloader!L62/100) | AE64: 0 | AI64: =IFERROR((AJ64/AJ63-1),"") | AJ64: =IF(CPI_Downloader!N62="","",CPI_Downloader!N62) | AL64: =IF(CPI_Downloader!O62="","",CPI_Downloader!O62) | AN64: =IFERROR((AT64/AT52-1),"") | AO64: =IFERROR((AT64/AT63-1),"") | AP64: =IFERROR(((AT64/AT28)^(1/3)-1),"") | AQ64: =IFERROR(((AT64/AT4)^(1/5)-1),"") | AT64: =IF(CPI_Downloader!P62="","",CPI_Downloader!P62) | AU64: =IFERROR((BA64/BA52-1),"") | AV64: =IFERROR((BA64/BA63-1),"") | AW64: =IFERROR(((BA64/BA28)^(1/3)-1),"") | AX64: =IFERROR(((BA64/BA4)^(1/5)-1),"") | BA64: =IF(CPI_Downloader!Q62="","",CPI_Downloader!Q62)
A65: =IF(CPI_Downloader!A63="","",CPI_Downloader!A63) -> 6607 | B65: =IFERROR((I65/I53-1),"") -> 0.175 | C65: =IFERROR((J65/J64-1),"") | D65: =IFERROR(((I65/I29)^(1/3)-1),"") -> 0.12134617 | E65: =IFERROR(((I65/I5)^(1/5)-1),"") -> 0.07547076 | H65: =IFERROR(('CDN Data'!B65),"") -> 0.14864865 | I65: =IF(CPI_Downloader!G63="","",CPI_Downloader!G63) -> 14.1 | J65: =IF(CPI_Downloader!H63="","",CPI_Downloader!H63) | L65: =A65 -> 6607 | M65: =IFERROR((T65/T53-1),"") | N65: =IFERROR((U65/U64-1),"") | O65: =IFERROR(((T65/T29)^(1/3)-1),"") | P65: =IFERROR(((T65/T5)^(1/5)-1),"") | S65: =IFERROR(('CDN Data'!M53),"") | T65: =IF(CPI_Downloader!I63="","",CPI_Downloader!I63) | U65: =IF(CPI_Downloader!J63="","",CPI_Downloader!J63) | W65: =IFERROR((AVERAGE(Y54:Y65)/100),"") | X65: =IFERROR((Y65/100),"") | Y65: =IF(CPI_Downloader!K63="","",CPI_Downloader!K63) | AA65: =IFERROR((AB65/100),"") | AB65: =IF(CPI_Downloader!M63="","",CPI_Downloader!M63) | AC65: =IF(CPI_Downloader!L63="","",CPI_Downloader!L63/100) | AE65: 0 | AI65: =IFERROR((AJ65/AJ64-1),"") | AJ65: =IF(CPI_Downloader!N63="","",CPI_Downloader!N63) | AL65: =IF(CPI_Downloader!O63="","",CPI_Downloader!O63) | AN65: =IFERROR((AT65/AT53-1),"") | AO65: =IFERROR((AT65/AT64-1),"") | AP65: =IFERROR(((AT65/AT29)^(1/3)-1),"") | AQ65: =IFERROR(((AT65/AT5)^(1/5)-1),"") | AT65: =IF(CPI_Downloader!P63="","",CPI_Downloader!P63) | AU65: =IFERROR((BA65/BA53-1),"") | AV65: =IFERROR((BA65/BA64-1),"") | AW65: =IFERROR(((BA65/BA29)^(1/3)-1),"") | AX65: =IFERROR(((BA65/BA5)^(1/5)-1),"") | BA65: =IF(CPI_Downloader!Q63="","",CPI_Downloader!Q63)
A66: =IF(CPI_Downloader!A64="","",CPI_Downloader!A64) -> 6635 | B66: =IFERROR((I66/I54-1),"") -> 0.16666667 | C66: =IFERROR((J66/J65-1),"") | D66: =IFERROR(((I66/I30)^(1/3)-1),"") -> 0.12244296 | E66: =IFERROR(((I66/I6)^(1/5)-1),"") -> 0.073940924 | H66: =IFERROR(('CDN Data'!B66),"") -> 0.13157895 | I66: =IF(CPI_Downloader!G64="","",CPI_Downloader!G64) -> 14 | J66: =IF(CPI_Downloader!H64="","",CPI_Downloader!H64) | L66: =A66 -> 6635 | M66: =IFERROR((T66/T54-1),"") | N66: =IFERROR((U66/U65-1),"") | O66: =IFERROR(((T66/T30)^(1/3)-1),"") | P66: =IFERROR(((T66/T6)^(1/5)-1),"") | S66: =IFERROR(('CDN Data'!M54),"") | T66: =IF(CPI_Downloader!I64="","",CPI_Downloader!I64) | U66: =IF(CPI_Downloader!J64="","",CPI_Downloader!J64) | W66: =IFERROR((AVERAGE(Y55:Y66)/100),"") | X66: =IFERROR((Y66/100),"") | Y66: =IF(CPI_Downloader!K64="","",CPI_Downloader!K64) | AA66: =IFERROR((AB66/100),"") | AB66: =IF(CPI_Downloader!M64="","",CPI_Downloader!M64) | AC66: =IF(CPI_Downloader!L64="","",CPI_Downloader!L64/100) | AE66: 0 | AI66: =IFERROR((AJ66/AJ65-1),"") | AJ66: =IF(CPI_Downloader!N64="","",CPI_Downloader!N64) | AL66: =IF(CPI_Downloader!O64="","",CPI_Downloader!O64) | AN66: =IFERROR((AT66/AT54-1),"") | AO66: =IFERROR((AT66/AT65-1),"") | AP66: =IFERROR(((AT66/AT30)^(1/3)-1),"") | AQ66: =IFERROR(((AT66/AT6)^(1/5)-1),"") | AT66: =IF(CPI_Downloader!P64="","",CPI_Downloader!P64) | AU66: =IFERROR((BA66/BA54-1),"") | AV66: =IFERROR((BA66/BA65-1),"") | AW66: =IFERROR(((BA66/BA30)^(1/3)-1),"") | AX66: =IFERROR(((BA66/BA6)^(1/5)-1),"") | BA66: =IF(CPI_Downloader!Q64="","",CPI_Downloader!Q64)
A67: =IF(CPI_Downloader!A65="","",CPI_Downloader!A65) -> 6666 | B67: =IFERROR((I67/I55-1),"") -> 0.12698413 | C67: =IFERROR((J67/J66-1),"") | D67: =IFERROR(((I67/I31)^(1/3)-1),"") -> 0.12399086 | E67: =IFERROR(((I67/I7)^(1/5)-1),"") -> 0.076991941 | H67: =IFERROR(('CDN Data'!B67),"") -> 0.13157895 | I67: =IF(CPI_Downloader!G65="","",CPI_Downloader!G65) -> 14.2 | J67: =IF(CPI_Downloader!H65="","",CPI_Downloader!H65) | L67: =A67 -> 6666 | M67: =IFERROR((T67/T55-1),"") | N67: =IFERROR((U67/U66-1),"") | O67: =IFERROR(((T67/T31)^(1/3)-1),"") | P67: =IFERROR(((T67/T7)^(1/5)-1),"") | S67: =IFERROR(('CDN Data'!M55),"") | T67: =IF(CPI_Downloader!I65="","",CPI_Downloader!I65) | U67: =IF(CPI_Downloader!J65="","",CPI_Downloader!J65) | W67: =IFERROR((AVERAGE(Y56:Y67)/100),"") | X67: =IFERROR((Y67/100),"") | Y67: =IF(CPI_Downloader!K65="","",CPI_Downloader!K65) | AA67: =IFERROR((AB67/100),"") | AB67: =IF(CPI_Downloader!M65="","",CPI_Downloader!M65) | AC67: =IF(CPI_Downloader!L65="","",CPI_Downloader!L65/100) | AE67: 0 | AI67: =IFERROR((AJ67/AJ66-1),"") | AJ67: =IF(CPI_Downloader!N65="","",CPI_Downloader!N65) | AL67: =IF(CPI_Downloader!O65="","",CPI_Downloader!O65) | AN67: =IFERROR((AT67/AT55-1),"") | AO67: =IFERROR((AT67/AT66-1),"") | AP67: =IFERROR(((AT67/AT31)^(1/3)-1),"") | AQ67: =IFERROR(((AT67/AT7)^(1/5)-1),"") | AT67: =IF(CPI_Downloader!P65="","",CPI_Downloader!P65) | AU67: =IFERROR((BA67/BA55-1),"") | AV67: =IFERROR((BA67/BA66-1),"") | AW67: =IFERROR(((BA67/BA31)^(1/3)-1),"") | AX67: =IFERROR(((BA67/BA7)^(1/5)-1),"") | BA67: =IF(CPI_Downloader!Q65="","",CPI_Downloader!Q65)
A68: =IF(CPI_Downloader!A66="","",CPI_Downloader!A66) -> 6696 | B68: =IFERROR((I68/I56-1),"") -> 0.1328125 | C68: =IFERROR((J68/J67-1),"") | D68: =IFERROR(((I68/I32)^(1/3)-1),"") -> 0.12810332 | E68: =IFERROR(((I68/I8)^(1/5)-1),"") -> 0.083725403 | H68: =IFERROR(('CDN Data'!B68),"") -> 0.10126582 | I68: =IF(CPI_Downloader!G66="","",CPI_Downloader!G66) -> 14.5 | J68: =IF(CPI_Downloader!H66="","",CPI_Downloader!H66) | L68: =A68 -> 6696 | M68: =IFERROR((T68/T56-1),"") | N68: =IFERROR((U68/U67-1),"") | O68: =IFERROR(((T68/T32)^(1/3)-1),"") | P68: =IFERROR(((T68/T8)^(1/5)-1),"") | S68: =IFERROR(('CDN Data'!M56),"") | T68: =IF(CPI_Downloader!I66="","",CPI_Downloader!I66) | U68: =IF(CPI_Downloader!J66="","",CPI_Downloader!J66) | W68: =IFERROR((AVERAGE(Y57:Y68)/100),"") | X68: =IFERROR((Y68/100),"") | Y68: =IF(CPI_Downloader!K66="","",CPI_Downloader!K66) | AA68: =IFERROR((AB68/100),"") | AB68: =IF(CPI_Downloader!M66="","",CPI_Downloader!M66) | AC68: =IF(CPI_Downloader!L66="","",CPI_Downloader!L66/100) | AE68: 0 | AI68: =IFERROR((AJ68/AJ67-1),"") | AJ68: =IF(CPI_Downloader!N66="","",CPI_Downloader!N66) | AL68: =IF(CPI_Downloader!O66="","",CPI_Downloader!O66) | AN68: =IFERROR((AT68/AT56-1),"") | AO68: =IFERROR((AT68/AT67-1),"") | AP68: =IFERROR(((AT68/AT32)^(1/3)-1),"") | AQ68: =IFERROR(((AT68/AT8)^(1/5)-1),"") | AT68: =IF(CPI_Downloader!P66="","",CPI_Downloader!P66) | AU68: =IFERROR((BA68/BA56-1),"") | AV68: =IFERROR((BA68/BA67-1),"") | AW68: =IFERROR(((BA68/BA32)^(1/3)-1),"") | AX68: =IFERROR(((BA68/BA8)^(1/5)-1),"") | BA68: =IF(CPI_Downloader!Q66="","",CPI_Downloader!Q66)
A69: =IF(CPI_Downloader!A67="","",CPI_Downloader!A67) -> 6727 | B69: =IFERROR((I69/I57-1),"") -> 0.13076923 | C69: =IFERROR((J69/J68-1),"") | D69: =IFERROR(((I69/I33)^(1/3)-1),"") -> 0.13326633 | E69: =IFERROR(((I69/I9)^(1/5)-1),"") -> 0.084471771 | H69: =IFERROR(('CDN Data'!B69),"") -> 0.1 | I69: =IF(CPI_Downloader!G67="","",CPI_Downloader!G67) -> 14.7 | J69: =IF(CPI_Downloader!H67="","",CPI_Downloader!H67) | L69: =A69 -> 6727 | M69: =IFERROR((T69/T57-1),"") | N69: =IFERROR((U69/U68-1),"") | O69: =IFERROR(((T69/T33)^(1/3)-1),"") | P69: =IFERROR(((T69/T9)^(1/5)-1),"") | S69: =IFERROR(('CDN Data'!M57),"") | T69: =IF(CPI_Downloader!I67="","",CPI_Downloader!I67) | U69: =IF(CPI_Downloader!J67="","",CPI_Downloader!J67) | W69: =IFERROR((AVERAGE(Y58:Y69)/100),"") | X69: =IFERROR((Y69/100),"") | Y69: =IF(CPI_Downloader!K67="","",CPI_Downloader!K67) | AA69: =IFERROR((AB69/100),"") | AB69: =IF(CPI_Downloader!M67="","",CPI_Downloader!M67) | AC69: =IF(CPI_Downloader!L67="","",CPI_Downloader!L67/100) | AE69: 0 | AI69: =IFERROR((AJ69/AJ68-1),"") | AJ69: =IF(CPI_Downloader!N67="","",CPI_Downloader!N67) | AL69: =IF(CPI_Downloader!O67="","",CPI_Downloader!O67) | AN69: =IFERROR((AT69/AT57-1),"") | AO69: =IFERROR((AT69/AT68-1),"") | AP69: =IFERROR(((AT69/AT33)^(1/3)-1),"") | AQ69: =IFERROR(((AT69/AT9)^(1/5)-1),"") | AT69: =IF(CPI_Downloader!P67="","",CPI_Downloader!P67) | AU69: =IFERROR((BA69/BA57-1),"") | AV69: =IFERROR((BA69/BA68-1),"") | AW69: =IFERROR(((BA69/BA33)^(1/3)-1),"") | AX69: =IFERROR(((BA69/BA9)^(1/5)-1),"") | BA69: =IF(CPI_Downloader!Q67="","",CPI_Downloader!Q67)
A70: =IF(CPI_Downloader!A68="","",CPI_Downloader!A68) -> 6757 | B70: =IFERROR((I70/I58-1),"") -> 0.1796875 | C70: =IFERROR((J70/J69-1),"") | D70: =IFERROR(((I70/I34)^(1/3)-1),"") -> 0.14345354 | E70: =IFERROR(((I70/I10)^(1/5)-1),"") -> 0.088098848 | H70: =IFERROR(('CDN Data'!B70),"") -> 0.1125 | I70: =IF(CPI_Downloader!G68="","",CPI_Downloader!G68) -> 15.1 | J70: =IF(CPI_Downloader!H68="","",CPI_Downloader!H68) | L70: =A70 -> 6757 | M70: =IFERROR((T70/T58-1),"") | N70: =IFERROR((U70/U69-1),"") | O70: =IFERROR(((T70/T34)^(1/3)-1),"") | P70: =IFERROR(((T70/T10)^(1/5)-1),"") | S70: =IFERROR(('CDN Data'!M58),"") | T70: =IF(CPI_Downloader!I68="","",CPI_Downloader!I68) | U70: =IF(CPI_Downloader!J68="","",CPI_Downloader!J68) | W70: =IFERROR((AVERAGE(Y59:Y70)/100),"") | X70: =IFERROR((Y70/100),"") | Y70: =IF(CPI_Downloader!K68="","",CPI_Downloader!K68) | AA70: =IFERROR((AB70/100),"") | AB70: =IF(CPI_Downloader!M68="","",CPI_Downloader!M68) | AC70: =IF(CPI_Downloader!L68="","",CPI_Downloader!L68/100) | AE70: 0 | AI70: =IFERROR((AJ70/AJ69-1),"") | AJ70: =IF(CPI_Downloader!N68="","",CPI_Downloader!N68) | AL70: =IF(CPI_Downloader!O68="","",CPI_Downloader!O68) | AN70: =IFERROR((AT70/AT58-1),"") | AO70: =IFERROR((AT70/AT69-1),"") | AP70: =IFERROR(((AT70/AT34)^(1/3)-1),"") | AQ70: =IFERROR(((AT70/AT10)^(1/5)-1),"") | AT70: =IF(CPI_Downloader!P68="","",CPI_Downloader!P68) | AU70: =IFERROR((BA70/BA58-1),"") | AV70: =IFERROR((BA70/BA69-1),"") | AW70: =IFERROR(((BA70/BA34)^(1/3)-1),"") | AX70: =IFERROR(((BA70/BA10)^(1/5)-1),"") | BA70: =IF(CPI_Downloader!Q68="","",CPI_Downloader!Q68)
A71: =IF(CPI_Downloader!A69="","",CPI_Downloader!A69) -> 6788 | B71: =IFERROR((I71/I59-1),"") -> 0.18461538 | C71: =IFERROR((J71/J70-1),"") | D71: =IFERROR(((I71/I35)^(1/3)-1),"") -> 0.15097648 | E71: =IFERROR(((I71/I11)^(1/5)-1),"") -> 0.092388464 | H71: =IFERROR(('CDN Data'!B71),"") -> 0.15 | I71: =IF(CPI_Downloader!G69="","",CPI_Downloader!G69) -> 15.4 | J71: =IF(CPI_Downloader!H69="","",CPI_Downloader!H69) | L71: =A71 -> 6788 | M71: =IFERROR((T71/T59-1),"") | N71: =IFERROR((U71/U70-1),"") | O71: =IFERROR(((T71/T35)^(1/3)-1),"") | P71: =IFERROR(((T71/T11)^(1/5)-1),"") | S71: =IFERROR(('CDN Data'!M59),"") | T71: =IF(CPI_Downloader!I69="","",CPI_Downloader!I69) | U71: =IF(CPI_Downloader!J69="","",CPI_Downloader!J69) | W71: =IFERROR((AVERAGE(Y60:Y71)/100),"") | X71: =IFERROR((Y71/100),"") | Y71: =IF(CPI_Downloader!K69="","",CPI_Downloader!K69) | AA71: =IFERROR((AB71/100),"") | AB71: =IF(CPI_Downloader!M69="","",CPI_Downloader!M69) | AC71: =IF(CPI_Downloader!L69="","",CPI_Downloader!L69/100) | AE71: 1 | AI71: =IFERROR((AJ71/AJ70-1),"") | AJ71: =IF(CPI_Downloader!N69="","",CPI_Downloader!N69) | AL71: =IF(CPI_Downloader!O69="","",CPI_Downloader!O69) | AN71: =IFERROR((AT71/AT59-1),"") | AO71: =IFERROR((AT71/AT70-1),"") | AP71: =IFERROR(((AT71/AT35)^(1/3)-1),"") | AQ71: =IFERROR(((AT71/AT11)^(1/5)-1),"") | AT71: =IF(CPI_Downloader!P69="","",CPI_Downloader!P69) | AU71: =IFERROR((BA71/BA59-1),"") | AV71: =IFERROR((BA71/BA70-1),"") | AW71: =IFERROR(((BA71/BA35)^(1/3)-1),"") | AX71: =IFERROR(((BA71/BA11)^(1/5)-1),"") | BA71: =IF(CPI_Downloader!Q69="","",CPI_Downloader!Q69)
A72: =IF(CPI_Downloader!A70="","",CPI_Downloader!A70) -> 6819 | B72: =IFERROR((I72/I60-1),"") -> 0.18045113 | C72: =IFERROR((J72/J71-1),"") | D72: =IFERROR(((I72/I36)^(1/3)-1),"") -> 0.15840234 | E72: =IFERROR(((I72/I12)^(1/5)-1),"") -> 0.094409692 | H72: =IFERROR(('CDN Data'!B72),"") -> 0.15 | I72: =IF(CPI_Downloader!G70="","",CPI_Downloader!G70) -> 15.7 | J72: =IF(CPI_Downloader!H70="","",CPI_Downloader!H70) | L72: =A72 -> 6819 | M72: =IFERROR((T72/T60-1),"") | N72: =IFERROR((U72/U71-1),"") | O72: =IFERROR(((T72/T36)^(1/3)-1),"") | P72: =IFERROR(((T72/T12)^(1/5)-1),"") | S72: =IFERROR(('CDN Data'!M60),"") | T72: =IF(CPI_Downloader!I70="","",CPI_Downloader!I70) | U72: =IF(CPI_Downloader!J70="","",CPI_Downloader!J70) | W72: =IFERROR((AVERAGE(Y61:Y72)/100),"") | X72: =IFERROR((Y72/100),"") | Y72: =IF(CPI_Downloader!K70="","",CPI_Downloader!K70) | AA72: =IFERROR((AB72/100),"") | AB72: =IF(CPI_Downloader!M70="","",CPI_Downloader!M70) | AC72: =IF(CPI_Downloader!L70="","",CPI_Downloader!L70/100) | AE72: 1 | AI72: =IFERROR((AJ72/AJ71-1),"") | AJ72: =IF(CPI_Downloader!N70="","",CPI_Downloader!N70) | AL72: =IF(CPI_Downloader!O70="","",CPI_Downloader!O70) | AN72: =IFERROR((AT72/AT60-1),"") | AO72: =IFERROR((AT72/AT71-1),"") | AP72: =IFERROR(((AT72/AT36)^(1/3)-1),"") | AQ72: =IFERROR(((AT72/AT12)^(1/5)-1),"") | AT72: =IF(CPI_Downloader!P70="","",CPI_Downloader!P70) | AU72: =IFERROR((BA72/BA60-1),"") | AV72: =IFERROR((BA72/BA71-1),"") | AW72: =IFERROR(((BA72/BA36)^(1/3)-1),"") | AX72: =IFERROR(((BA72/BA12)^(1/5)-1),"") | BA72: =IF(CPI_Downloader!Q70="","",CPI_Downloader!Q70)
A73: =IF(CPI_Downloader!A71="","",CPI_Downloader!A71) -> 6849 | B73: =IFERROR((I73/I61-1),"") -> 0.18518519 | C73: =IFERROR((J73/J72-1),"") | D73: =IFERROR(((I73/I37)^(1/3)-1),"") -> 0.16191209 | E73: =IFERROR(((I73/I13)^(1/5)-1),"") -> 0.098560543 | H73: =IFERROR(('CDN Data'!B73),"") -> 0.13414634 | I73: =IF(CPI_Downloader!G71="","",CPI_Downloader!G71) -> 16 | J73: =IF(CPI_Downloader!H71="","",CPI_Downloader!H71) | L73: =A73 -> 6849 | M73: =IFERROR((T73/T61-1),"") | N73: =IFERROR((U73/U72-1),"") | O73: =IFERROR(((T73/T37)^(1/3)-1),"") | P73: =IFERROR(((T73/T13)^(1/5)-1),"") | S73: =IFERROR(('CDN Data'!M61),"") | T73: =IF(CPI_Downloader!I71="","",CPI_Downloader!I71) | U73: =IF(CPI_Downloader!J71="","",CPI_Downloader!J71) | W73: =IFERROR((AVERAGE(Y62:Y73)/100),"") | X73: =IFERROR((Y73/100),"") | Y73: =IF(CPI_Downloader!K71="","",CPI_Downloader!K71) | AA73: =IFERROR((AB73/100),"") | AB73: =IF(CPI_Downloader!M71="","",CPI_Downloader!M71) | AC73: =IF(CPI_Downloader!L71="","",CPI_Downloader!L71/100) | AE73: 1 | AI73: =IFERROR((AJ73/AJ72-1),"") | AJ73: =IF(CPI_Downloader!N71="","",CPI_Downloader!N71) | AL73: =IF(CPI_Downloader!O71="","",CPI_Downloader!O71) | AN73: =IFERROR((AT73/AT61-1),"") | AO73: =IFERROR((AT73/AT72-1),"") | AP73: =IFERROR(((AT73/AT37)^(1/3)-1),"") | AQ73: =IFERROR(((AT73/AT13)^(1/5)-1),"") | AT73: =IF(CPI_Downloader!P71="","",CPI_Downloader!P71) | AU73: =IFERROR((BA73/BA61-1),"") | AV73: =IFERROR((BA73/BA72-1),"") | AW73: =IFERROR(((BA73/BA37)^(1/3)-1),"") | AX73: =IFERROR(((BA73/BA13)^(1/5)-1),"") | BA73: =IF(CPI_Downloader!Q71="","",CPI_Downloader!Q71)
A74: =IF(CPI_Downloader!A72="","",CPI_Downloader!A72) -> 6880 | B74: =IFERROR((I74/I62-1),"") -> 0.20740741 | C74: =IFERROR((J74/J73-1),"") | D74: =IFERROR(((I74/I38)^(1/3)-1),"") -> 0.16533322 | E74: =IFERROR(((I74/I14)^(1/5)-1),"") -> 0.10045743 | H74: =IFERROR(('CDN Data'!B74),"") -> 0.14634146 | I74: =IF(CPI_Downloader!G72="","",CPI_Downloader!G72) -> 16.3 | J74: =IF(CPI_Downloader!H72="","",CPI_Downloader!H72) | L74: =A74 -> 6880 | M74: =IFERROR((T74/T62-1),"") | N74: =IFERROR((U74/U73-1),"") | O74: =IFERROR(((T74/T38)^(1/3)-1),"") | P74: =IFERROR(((T74/T14)^(1/5)-1),"") | S74: =IFERROR(('CDN Data'!M62),"") | T74: =IF(CPI_Downloader!I72="","",CPI_Downloader!I72) | U74: =IF(CPI_Downloader!J72="","",CPI_Downloader!J72) | W74: =IFERROR((AVERAGE(Y63:Y74)/100),"") | X74: =IFERROR((Y74/100),"") | Y74: =IF(CPI_Downloader!K72="","",CPI_Downloader!K72) | AA74: =IFERROR((AB74/100),"") | AB74: =IF(CPI_Downloader!M72="","",CPI_Downloader!M72) | AC74: =IF(CPI_Downloader!L72="","",CPI_Downloader!L72/100) | AE74: 1 | AI74: =IFERROR((AJ74/AJ73-1),"") | AJ74: =IF(CPI_Downloader!N72="","",CPI_Downloader!N72) | AL74: =IF(CPI_Downloader!O72="","",CPI_Downloader!O72) | AN74: =IFERROR((AT74/AT62-1),"") | AO74: =IFERROR((AT74/AT73-1),"") | AP74: =IFERROR(((AT74/AT38)^(1/3)-1),"") | AQ74: =IFERROR(((AT74/AT14)^(1/5)-1),"") | AT74: =IF(CPI_Downloader!P72="","",CPI_Downloader!P72) | AU74: =IFERROR((BA74/BA62-1),"") | AV74: =IFERROR((BA74/BA73-1),"") | AW74: =IFERROR(((BA74/BA38)^(1/3)-1),"") | AX74: =IFERROR(((BA74/BA14)^(1/5)-1),"") | BA74: =IF(CPI_Downloader!Q72="","",CPI_Downloader!Q72)
A75: =IF(CPI_Downloader!A73="","",CPI_Downloader!A73) -> 6910 | B75: =IFERROR((I75/I63-1),"") -> 0.20437956 | C75: =IFERROR((J75/J74-1),"") | D75: =IFERROR(((I75/I39)^(1/3)-1),"") -> 0.17008005 | E75: =IFERROR(((I75/I15)^(1/5)-1),"") -> 0.1053423 | H75: =IFERROR(('CDN Data'!B75),"") -> 0.13253012 | I75: =IF(CPI_Downloader!G73="","",CPI_Downloader!G73) -> 16.5 | J75: =IF(CPI_Downloader!H73="","",CPI_Downloader!H73) | L75: =A75 -> 6910 | M75: =IFERROR((T75/T63-1),"") | N75: =IFERROR((U75/U74-1),"") | O75: =IFERROR(((T75/T39)^(1/3)-1),"") | P75: =IFERROR(((T75/T15)^(1/5)-1),"") | S75: =IFERROR(('CDN Data'!M63),"") | T75: =IF(CPI_Downloader!I73="","",CPI_Downloader!I73) | U75: =IF(CPI_Downloader!J73="","",CPI_Downloader!J73) | W75: =IFERROR((AVERAGE(Y64:Y75)/100),"") | X75: =IFERROR((Y75/100),"") | Y75: =IF(CPI_Downloader!K73="","",CPI_Downloader!K73) | AA75: =IFERROR((AB75/100),"") | AB75: =IF(CPI_Downloader!M73="","",CPI_Downloader!M73) | AC75: =IF(CPI_Downloader!L73="","",CPI_Downloader!L73/100) | AE75: 1 | AI75: =IFERROR((AJ75/AJ74-1),"") | AJ75: =IF(CPI_Downloader!N73="","",CPI_Downloader!N73) | AL75: =IF(CPI_Downloader!O73="","",CPI_Downloader!O73) | AN75: =IFERROR((AT75/AT63-1),"") | AO75: =IFERROR((AT75/AT74-1),"") | AP75: =IFERROR(((AT75/AT39)^(1/3)-1),"") | AQ75: =IFERROR(((AT75/AT15)^(1/5)-1),"") | AT75: =IF(CPI_Downloader!P73="","",CPI_Downloader!P73) | AU75: =IFERROR((BA75/BA63-1),"") | AV75: =IFERROR((BA75/BA74-1),"") | AW75: =IFERROR(((BA75/BA39)^(1/3)-1),"") | AX75: =IFERROR(((BA75/BA15)^(1/5)-1),"") | BA75: =IF(CPI_Downloader!Q73="","",CPI_Downloader!Q73)
... A123: =IF(CPI_Downloader!A121="","",CPI_Downloader!A121) -> 8371 | B123: =IFERROR((I123/I111-1),"") -> -0.023121387 | C123: =IFERROR((J123/J122-1),"") | D123: =IFERROR(((I123/I87)^(1/3)-1),"") -> -0.036596322 | E123: =IFERROR(((I123/I63)^(1/5)-1),"") -> 0.042877331 | H123: =IFERROR(('CDN Data'!B123),"") -> -0.021276596 | I123: =IF(CPI_Downloader!G121="","",CPI_Downloader!G121) -> 16.9 | J123: =IF(CPI_Downloader!H121="","",CPI_Downloader!H121) | L123: =A123 -> 8371 | M123: =IFERROR((T123/T111-1),"") | N123: =IFERROR((U123/U122-1),"") | O123: =IFERROR(((T123/T87)^(1/3)-1),"") | P123: =IFERROR(((T123/T63)^(1/5)-1),"") | S123: =IFERROR(('CDN Data'!M111),"") | T123: =IF(CPI_Downloader!I121="","",CPI_Downloader!I121) | U123: =IF(CPI_Downloader!J121="","",CPI_Downloader!J121) | W123: =IFERROR((AVERAGE(Y112:Y123)/100),"") | X123: =IFERROR((Y123/100),"") | Y123: =IF(CPI_Downloader!K121="","",CPI_Downloader!K121) | AA123: =IFERROR((AB123/100),"") | AB123: =IF(CPI_Downloader!M121="","",CPI_Downloader!M121) | AC123: =IF(CPI_Downloader!L121="","",CPI_Downloader!L121/100) | AE123: 0 | AI123: =IFERROR((AJ123/AJ122-1),"") | AJ123: =IF(CPI_Downloader!N121="","",CPI_Downloader!N121) | AL123: =IF(CPI_Downloader!O121="","",CPI_Downloader!O121) | AN123: =IFERROR((AT123/AT111-1),"") | AO123: =IFERROR((AT123/AT122-1),"") | AP123: =IFERROR(((AT123/AT87)^(1/3)-1),"") | AQ123: =IFERROR(((AT123/AT63)^(1/5)-1),"") | AT123: =IF(CPI_Downloader!P121="","",CPI_Downloader!P121) | AU123: =IFERROR((BA123/BA111-1),"") | AV123: =IFERROR((BA123/BA122-1),"") | AW123: =IFERROR(((BA123/BA87)^(1/3)-1),"") | AX123: =IFERROR(((BA123/BA63)^(1/5)-1),"") | BA123: =IF(CPI_Downloader!Q121="","",CPI_Downloader!Q121)
A124: =IF(CPI_Downloader!A122="","",CPI_Downloader!A122) -> 8402 | B124: =IFERROR((I124/I112-1),"") -> -0.0059171598 | C124: =IFERROR((J124/J123-1),"") | D124: =IFERROR(((I124/I88)^(1/3)-1),"") -> -0.045189197 | E124: =IFERROR(((I124/I64)^(1/5)-1),"") -> 0.037137289 | F124: =IFERROR(((I124/I4)^(1/10)-1),"") -> 0.05537869 | H124: =IFERROR(('CDN Data'!B124),"") -> -0.021276596 | I124: =IF(CPI_Downloader!G122="","",CPI_Downloader!G122) -> 16.8 | J124: =IF(CPI_Downloader!H122="","",CPI_Downloader!H122) | L124: =A124 -> 8402 | M124: =IFERROR((T124/T112-1),"") | N124: =IFERROR((U124/U123-1),"") | O124: =IFERROR(((T124/T88)^(1/3)-1),"") | P124: =IFERROR(((T124/T64)^(1/5)-1),"") | Q124: =IFERROR(((T124/T4)^(1/10)-1),"") | S124: =IFERROR(('CDN Data'!M112),"") | T124: =IF(CPI_Downloader!I122="","",CPI_Downloader!I122) | U124: =IF(CPI_Downloader!J122="","",CPI_Downloader!J122) | W124: =IFERROR((AVERAGE(Y113:Y124)/100),"") | X124: =IFERROR((Y124/100),"") | Y124: =IF(CPI_Downloader!K122="","",CPI_Downloader!K122) | AA124: =IFERROR((AB124/100),"") | AB124: =IF(CPI_Downloader!M122="","",CPI_Downloader!M122) | AC124: =IF(CPI_Downloader!L122="","",CPI_Downloader!L122/100) | AE124: 0 | AI124: =IFERROR((AJ124/AJ123-1),"") | AJ124: =IF(CPI_Downloader!N122="","",CPI_Downloader!N122) | AL124: =IF(CPI_Downloader!O122="","",CPI_Downloader!O122) | AN124: =IFERROR((AT124/AT112-1),"") | AO124: =IFERROR((AT124/AT123-1),"") | AP124: =IFERROR(((AT124/AT88)^(1/3)-1),"") | AQ124: =IFERROR(((AT124/AT64)^(1/5)-1),"") | AR124: =IFERROR(((AT124/AT4)^(1/10)-1),"") | AT124: =IF(CPI_Downloader!P122="","",CPI_Downloader!P122) | AU124: =IFERROR((BA124/BA112-1),"") | AV124: =IFERROR((BA124/BA123-1),"") | AW124: =IFERROR(((BA124/BA88)^(1/3)-1),"") | AX124: =IFERROR(((BA124/BA64)^(1/5)-1),"") | AY124: =IFERROR(((BA124/BA4)^(1/10)-1),"") | BA124: =IF(CPI_Downloader!Q122="","",CPI_Downloader!Q122)
A125: =IF(CPI_Downloader!A123="","",CPI_Downloader!A123) -> 8433 | B125: =IFERROR((I125/I113-1),"") -> -0.0059171598 | C125: =IFERROR((J125/J124-1),"") | D125: =IFERROR(((I125/I89)^(1/3)-1),"") -> -0.048464731 | E125: =IFERROR(((I125/I65)^(1/5)-1),"") -> 0.035661981 | F125: =IFERROR(((I125/I5)^(1/10)-1),"") -> 0.05537869 | H125: =IFERROR(('CDN Data'!B125),"") -> -0.010752688 | I125: =IF(CPI_Downloader!G123="","",CPI_Downloader!G123) -> 16.8 | J125: =IF(CPI_Downloader!H123="","",CPI_Downloader!H123) | L125: =A125 -> 8433 | M125: =IFERROR((T125/T113-1),"") | N125: =IFERROR((U125/U124-1),"") | O125: =IFERROR(((T125/T89)^(1/3)-1),"") | P125: =IFERROR(((T125/T65)^(1/5)-1),"") | Q125: =IFERROR(((T125/T5)^(1/10)-1),"") | S125: =IFERROR(('CDN Data'!M113),"") | T125: =IF(CPI_Downloader!I123="","",CPI_Downloader!I123) | U125: =IF(CPI_Downloader!J123="","",CPI_Downloader!J123) | W125: =IFERROR((AVERAGE(Y114:Y125)/100),"") | X125: =IFERROR((Y125/100),"") | Y125: =IF(CPI_Downloader!K123="","",CPI_Downloader!K123) | AA125: =IFERROR((AB125/100),"") | AB125: =IF(CPI_Downloader!M123="","",CPI_Downloader!M123) | AC125: =IF(CPI_Downloader!L123="","",CPI_Downloader!L123/100) | AE125: 0 | AI125: =IFERROR((AJ125/AJ124-1),"") | AJ125: =IF(CPI_Downloader!N123="","",CPI_Downloader!N123) | AL125: =IF(CPI_Downloader!O123="","",CPI_Downloader!O123) | AN125: =IFERROR((AT125/AT113-1),"") | AO125: =IFERROR((AT125/AT124-1),"") | AP125: =IFERROR(((AT125/AT89)^(1/3)-1),"") | AQ125: =IFERROR(((AT125/AT65)^(1/5)-1),"") | AR125: =IFERROR(((AT125/AT5)^(1/10)-1),"") | AT125: =IF(CPI_Downloader!P123="","",CPI_Downloader!P123) | AU125: =IFERROR((BA125/BA113-1),"") | AV125: =IFERROR((BA125/BA124-1),"") | AW125: =IFERROR(((BA125/BA89)^(1/3)-1),"") | AX125: =IFERROR(((BA125/BA65)^(1/5)-1),"") | AY125: =IFERROR(((BA125/BA5)^(1/10)-1),"") | BA125: =IF(CPI_Downloader!Q123="","",CPI_Downloader!Q123)
A126: =IF(CPI_Downloader!A124="","",CPI_Downloader!A124) -> 8461 | B126: =IFERROR((I126/I114-1),"") -> 0.005988024 | C126: =IFERROR((J126/J125-1),"") | D126: =IFERROR(((I126/I90)^(1/3)-1),"") -> -0.051695776 | E126: =IFERROR(((I126/I66)^(1/5)-1),"") -> 0.037137289 | F126: =IFERROR(((I126/I6)^(1/10)-1),"") -> 0.05537869 | H126: =IFERROR(('CDN Data'!B126),"") -> 0.010869565 | I126: =IF(CPI_Downloader!G124="","",CPI_Downloader!G124) -> 16.8 | J126: =IF(CPI_Downloader!H124="","",CPI_Downloader!H124) | L126: =A126 -> 8461 | M126: =IFERROR((T126/T114-1),"") | N126: =IFERROR((U126/U125-1),"") | O126: =IFERROR(((T126/T90)^(1/3)-1),"") | P126: =IFERROR(((T126/T66)^(1/5)-1),"") | Q126: =IFERROR(((T126/T6)^(1/10)-1),"") | S126: =IFERROR(('CDN Data'!M114),"") | T126: =IF(CPI_Downloader!I124="","",CPI_Downloader!I124) | U126: =IF(CPI_Downloader!J124="","",CPI_Downloader!J124) | W126: =IFERROR((AVERAGE(Y115:Y126)/100),"") | X126: =IFERROR((Y126/100),"") | Y126: =IF(CPI_Downloader!K124="","",CPI_Downloader!K124) | AA126: =IFERROR((AB126/100),"") | AB126: =IF(CPI_Downloader!M124="","",CPI_Downloader!M124) | AC126: =IF(CPI_Downloader!L124="","",CPI_Downloader!L124/100) | AE126: 0 | AI126: =IFERROR((AJ126/AJ125-1),"") | AJ126: =IF(CPI_Downloader!N124="","",CPI_Downloader!N124) | AL126: =IF(CPI_Downloader!O124="","",CPI_Downloader!O124) | AN126: =IFERROR((AT126/AT114-1),"") | AO126: =IFERROR((AT126/AT125-1),"") | AP126: =IFERROR(((AT126/AT90)^(1/3)-1),"") | AQ126: =IFERROR(((AT126/AT66)^(1/5)-1),"") | AR126: =IFERROR(((AT126/AT6)^(1/10)-1),"") | AT126: =IF(CPI_Downloader!P124="","",CPI_Downloader!P124) | AU126: =IFERROR((BA126/BA114-1),"") | AV126: =IFERROR((BA126/BA125-1),"") | AW126: =IFERROR(((BA126/BA90)^(1/3)-1),"") | AX126: =IFERROR(((BA126/BA66)^(1/5)-1),"") | AY126: =IFERROR(((BA126/BA6)^(1/10)-1),"") | BA126: =IF(CPI_Downloader!Q124="","",CPI_Downloader!Q124)
A127: =IF(CPI_Downloader!A125="","",CPI_Downloader!A125) -> 8492 | B127: =IFERROR((I127/I115-1),"") -> 0.011976048 | C127: =IFERROR((J127/J126-1),"") | D127: =IFERROR(((I127/I91)^(1/3)-1),"") -> -0.059273116 | E127: =IFERROR(((I127/I67)^(1/5)-1),"") -> 0.035427445 | F127: =IFERROR(((I127/I7)^(1/10)-1),"") -> 0.056005215 | H127: =IFERROR(('CDN Data'!B127),"") -> 0 | I127: =IF(CPI_Downloader!G125="","",CPI_Downloader!G125) -> 16.9 | J127: =IF(CPI_Downloader!H125="","",CPI_Downloader!H125) | L127: =A127 -> 8492 | M127: =IFERROR((T127/T115-1),"") | N127: =IFERROR((U127/U126-1),"") | O127: =IFERROR(((T127/T91)^(1/3)-1),"") | P127: =IFERROR(((T127/T67)^(1/5)-1),"") | Q127: =IFERROR(((T127/T7)^(1/10)-1),"") | S127: =IFERROR(('CDN Data'!M115),"") | T127: =IF(CPI_Downloader!I125="","",CPI_Downloader!I125) | U127: =IF(CPI_Downloader!J125="","",CPI_Downloader!J125) | W127: =IFERROR((AVERAGE(Y116:Y127)/100),"") | X127: =IFERROR((Y127/100),"") | Y127: =IF(CPI_Downloader!K125="","",CPI_Downloader!K125) | AA127: =IFERROR((AB127/100),"") | AB127: =IF(CPI_Downloader!M125="","",CPI_Downloader!M125) | AC127: =IF(CPI_Downloader!L125="","",CPI_Downloader!L125/100) | AE127: 0 | AI127: =IFERROR((AJ127/AJ126-1),"") | AJ127: =IF(CPI_Downloader!N125="","",CPI_Downloader!N125) | AL127: =IF(CPI_Downloader!O125="","",CPI_Downloader!O125) | AN127: =IFERROR((AT127/AT115-1),"") | AO127: =IFERROR((AT127/AT126-1),"") | AP127: =IFERROR(((AT127/AT91)^(1/3)-1),"") | AQ127: =IFERROR(((AT127/AT67)^(1/5)-1),"") | AR127: =IFERROR(((AT127/AT7)^(1/10)-1),"") | AT127: =IF(CPI_Downloader!P125="","",CPI_Downloader!P125) | AU127: =IFERROR((BA127/BA115-1),"") | AV127: =IFERROR((BA127/BA126-1),"") | AW127: =IFERROR(((BA127/BA91)^(1/3)-1),"") | AX127: =IFERROR(((BA127/BA67)^(1/5)-1),"") | AY127: =IFERROR(((BA127/BA7)^(1/10)-1),"") | BA127: =IF(CPI_Downloader!Q125="","",CPI_Downloader!Q125)
A128: =IF(CPI_Downloader!A126="","",CPI_Downloader!A126) -> 8522 | B128: =IFERROR((I128/I116-1),"") -> 0.011976048 | C128: =IFERROR((J128/J127-1),"") | D128: =IFERROR(((I128/I92)^(1/3)-1),"") -> -0.0638621 | E128: =IFERROR(((I128/I68)^(1/5)-1),"") -> 0.031107012 | F128: =IFERROR(((I128/I8)^(1/10)-1),"") -> 0.057088862 | H128: =IFERROR(('CDN Data'!B128),"") -> 0.010989011 | I128: =IF(CPI_Downloader!G126="","",CPI_Downloader!G126) -> 16.9 | J128: =IF(CPI_Downloader!H126="","",CPI_Downloader!H126) | L128: =A128 -> 8522 | M128: =IFERROR((T128/T116-1),"") | N128: =IFERROR((U128/U127-1),"") | O128: =IFERROR(((T128/T92)^(1/3)-1),"") | P128: =IFERROR(((T128/T68)^(1/5)-1),"") | Q128: =IFERROR(((T128/T8)^(1/10)-1),"") | S128: =IFERROR(('CDN Data'!M116),"") | T128: =IF(CPI_Downloader!I126="","",CPI_Downloader!I126) | U128: =IF(CPI_Downloader!J126="","",CPI_Downloader!J126) | W128: =IFERROR((AVERAGE(Y117:Y128)/100),"") | X128: =IFERROR((Y128/100),"") | Y128: =IF(CPI_Downloader!K126="","",CPI_Downloader!K126) | AA128: =IFERROR((AB128/100),"") | AB128: =IF(CPI_Downloader!M126="","",CPI_Downloader!M126) | AC128: =IF(CPI_Downloader!L126="","",CPI_Downloader!L126/100) | AE128: 1 | AI128: =IFERROR((AJ128/AJ127-1),"") | AJ128: =IF(CPI_Downloader!N126="","",CPI_Downloader!N126) | AL128: =IF(CPI_Downloader!O126="","",CPI_Downloader!O126) | AN128: =IFERROR((AT128/AT116-1),"") | AO128: =IFERROR((AT128/AT127-1),"") | AP128: =IFERROR(((AT128/AT92)^(1/3)-1),"") | AQ128: =IFERROR(((AT128/AT68)^(1/5)-1),"") | AR128: =IFERROR(((AT128/AT8)^(1/10)-1),"") | AT128: =IF(CPI_Downloader!P126="","",CPI_Downloader!P126) | AU128: =IFERROR((BA128/BA116-1),"") | AV128: =IFERROR((BA128/BA127-1),"") | AW128: =IFERROR(((BA128/BA92)^(1/3)-1),"") | AX128: =IFERROR(((BA128/BA68)^(1/5)-1),"") | AY128: =IFERROR(((BA128/BA8)^(1/10)-1),"") | BA128: =IF(CPI_Downloader!Q126="","",CPI_Downloader!Q126)
A129: =IF(CPI_Downloader!A127="","",CPI_Downloader!A127) -> 8553 | B129: =IFERROR((I129/I117-1),"") -> 0.017964072 | C129: =IFERROR((J129/J128-1),"") | D129: =IFERROR(((I129/I93)^(1/3)-1),"") -> -0.066528897 | E129: =IFERROR(((I129/I69)^(1/5)-1),"") -> 0.02949992 | F129: =IFERROR(((I129/I9)^(1/10)-1),"") -> 0.056628412 | H129: =IFERROR(('CDN Data'!B129),"") -> 0.010989011 | I129: =IF(CPI_Downloader!G127="","",CPI_Downloader!G127) -> 17 | J129: =IF(CPI_Downloader!H127="","",CPI_Downloader!H127) | L129: =A129 -> 8553 | M129: =IFERROR((T129/T117-1),"") | N129: =IFERROR((U129/U128-1),"") | O129: =IFERROR(((T129/T93)^(1/3)-1),"") | P129: =IFERROR(((T129/T69)^(1/5)-1),"") | Q129: =IFERROR(((T129/T9)^(1/10)-1),"") | S129: =IFERROR(('CDN Data'!M117),"") | T129: =IF(CPI_Downloader!I127="","",CPI_Downloader!I127) | U129: =IF(CPI_Downloader!J127="","",CPI_Downloader!J127) | W129: =IFERROR((AVERAGE(Y118:Y129)/100),"") | X129: =IFERROR((Y129/100),"") | Y129: =IF(CPI_Downloader!K127="","",CPI_Downloader!K127) | AA129: =IFERROR((AB129/100),"") | AB129: =IF(CPI_Downloader!M127="","",CPI_Downloader!M127) | AC129: =IF(CPI_Downloader!L127="","",CPI_Downloader!L127/100) | AE129: 1 | AI129: =IFERROR((AJ129/AJ128-1),"") | AJ129: =IF(CPI_Downloader!N127="","",CPI_Downloader!N127) | AL129: =IF(CPI_Downloader!O127="","",CPI_Downloader!O127) | AN129: =IFERROR((AT129/AT117-1),"") | AO129: =IFERROR((AT129/AT128-1),"") | AP129: =IFERROR(((AT129/AT93)^(1/3)-1),"") | AQ129: =IFERROR(((AT129/AT69)^(1/5)-1),"") | AR129: =IFERROR(((AT129/AT9)^(1/10)-1),"") | AT129: =IF(CPI_Downloader!P127="","",CPI_Downloader!P127) | AU129: =IFERROR((BA129/BA117-1),"") | AV129: =IFERROR((BA129/BA128-1),"") | AW129: =IFERROR(((BA129/BA93)^(1/3)-1),"") | AX129: =IFERROR(((BA129/BA69)^(1/5)-1),"") | AY129: =IFERROR(((BA129/BA9)^(1/10)-1),"") | BA129: =IF(CPI_Downloader!Q127="","",CPI_Downloader!Q127)
A130: =IF(CPI_Downloader!A128="","",CPI_Downloader!A128) -> 8583 | B130: =IFERROR((I130/I118-1),"") -> 0.023809524 | C130: =IFERROR((J130/J129-1),"") | D130: =IFERROR(((I130/I94)^(1/3)-1),"") -> -0.061383098 | E130: =IFERROR(((I130/I70)^(1/5)-1),"") -> 0.026385008 | F130: =IFERROR(((I130/I10)^(1/10)-1),"") -> 0.056791533 | H130: =IFERROR(('CDN Data'!B130),"") -> 0 | I130: =IF(CPI_Downloader!G128="","",CPI_Downloader!G128) -> 17.2 | J130: =IF(CPI_Downloader!H128="","",CPI_Downloader!H128) | L130: =A130 -> 8583 | M130: =IFERROR((T130/T118-1),"") | N130: =IFERROR((U130/U129-1),"") | O130: =IFERROR(((T130/T94)^(1/3)-1),"") | P130: =IFERROR(((T130/T70)^(1/5)-1),"") | Q130: =IFERROR(((T130/T10)^(1/10)-1),"") | S130: =IFERROR(('CDN Data'!M118),"") | T130: =IF(CPI_Downloader!I128="","",CPI_Downloader!I128) | U130: =IF(CPI_Downloader!J128="","",CPI_Downloader!J128) | W130: =IFERROR((AVERAGE(Y119:Y130)/100),"") | X130: =IFERROR((Y130/100),"") | Y130: =IF(CPI_Downloader!K128="","",CPI_Downloader!K128) | AA130: =IFERROR((AB130/100),"") | AB130: =IF(CPI_Downloader!M128="","",CPI_Downloader!M128) | AC130: =IF(CPI_Downloader!L128="","",CPI_Downloader!L128/100) | AE130: 1 | AI130: =IFERROR((AJ130/AJ129-1),"") | AJ130: =IF(CPI_Downloader!N128="","",CPI_Downloader!N128) | AL130: =IF(CPI_Downloader!O128="","",CPI_Downloader!O128) | AN130: =IFERROR((AT130/AT118-1),"") | AO130: =IFERROR((AT130/AT129-1),"") | AP130: =IFERROR(((AT130/AT94)^(1/3)-1),"") | AQ130: =IFERROR(((AT130/AT70)^(1/5)-1),"") | AR130: =IFERROR(((AT130/AT10)^(1/10)-1),"") | AT130: =IF(CPI_Downloader!P128="","",CPI_Downloader!P128) | AU130: =IFERROR((BA130/BA118-1),"") | AV130: =IFERROR((BA130/BA129-1),"") | AW130: =IFERROR(((BA130/BA94)^(1/3)-1),"") | AX130: =IFERROR(((BA130/BA70)^(1/5)-1),"") | AY130: =IFERROR(((BA130/BA10)^(1/10)-1),"") | BA130: =IF(CPI_Downloader!Q128="","",CPI_Downloader!Q128)
A131: =IF(CPI_Downloader!A129="","",CPI_Downloader!A129) -> 8614 | B131: =IFERROR((I131/I119-1),"") -> 0.030120482 | C131: =IFERROR((J131/J130-1),"") | D131: =IFERROR(((I131/I95)^(1/3)-1),"") -> -0.055576705 | E131: =IFERROR(((I131/I71)^(1/5)-1),"") -> 0.021163017 | F131: =IFERROR(((I131/I11)^(1/10)-1),"") -> 0.056175506 | H131: =IFERROR(('CDN Data'!B131),"") -> 0 | I131: =IF(CPI_Downloader!G129="","",CPI_Downloader!G129) -> 17.1 | J131: =IF(CPI_Downloader!H129="","",CPI_Downloader!H129) | L131: =A131 -> 8614 | M131: =IFERROR((T131/T119-1),"") | N131: =IFERROR((U131/U130-1),"") | O131: =IFERROR(((T131/T95)^(1/3)-1),"") | P131: =IFERROR(((T131/T71)^(1/5)-1),"") | Q131: =IFERROR(((T131/T11)^(1/10)-1),"") | S131: =IFERROR(('CDN Data'!M119),"") | T131: =IF(CPI_Downloader!I129="","",CPI_Downloader!I129) | U131: =IF(CPI_Downloader!J129="","",CPI_Downloader!J129) | W131: =IFERROR((AVERAGE(Y120:Y131)/100),"") | X131: =IFERROR((Y131/100),"") | Y131: =IF(CPI_Downloader!K129="","",CPI_Downloader!K129) | AA131: =IFERROR((AB131/100),"") | AB131: =IF(CPI_Downloader!M129="","",CPI_Downloader!M129) | AC131: =IF(CPI_Downloader!L129="","",CPI_Downloader!L129/100) | AE131: 1 | AI131: =IFERROR((AJ131/AJ130-1),"") | AJ131: =IF(CPI_Downloader!N129="","",CPI_Downloader!N129) | AL131: =IF(CPI_Downloader!O129="","",CPI_Downloader!O129) | AN131: =IFERROR((AT131/AT119-1),"") | AO131: =IFERROR((AT131/AT130-1),"") | AP131: =IFERROR(((AT131/AT95)^(1/3)-1),"") | AQ131: =IFERROR(((AT131/AT71)^(1/5)-1),"") | AR131: =IFERROR(((AT131/AT11)^(1/10)-1),"") | AT131: =IF(CPI_Downloader!P129="","",CPI_Downloader!P129) | AU131: =IFERROR((BA131/BA119-1),"") | AV131: =IFERROR((BA131/BA130-1),"") | AW131: =IFERROR(((BA131/BA95)^(1/3)-1),"") | AX131: =IFERROR(((BA131/BA71)^(1/5)-1),"") | AY131: =IFERROR(((BA131/BA11)^(1/10)-1),"") | BA131: =IF(CPI_Downloader!Q129="","",CPI_Downloader!Q129)
A132: =IF(CPI_Downloader!A130="","",CPI_Downloader!A130) -> 8645 | B132: =IFERROR((I132/I120-1),"") -> 0.036144578 | C132: =IFERROR((J132/J131-1),"") | D132: =IFERROR(((I132/I96)^(1/3)-1),"") -> -0.049031459 | E132: =IFERROR(((I132/I72)^(1/5)-1),"") -> 0.018417278 | F132: =IFERROR(((I132/I12)^(1/10)-1),"") -> 0.055729956 | H132: =IFERROR(('CDN Data'!B132),"") -> 0 | I132: =IF(CPI_Downloader!G130="","",CPI_Downloader!G130) -> 17.2 | J132: =IF(CPI_Downloader!H130="","",CPI_Downloader!H130) | L132: =A132 -> 8645 | M132: =IFERROR((T132/T120-1),"") | N132: =IFERROR((U132/U131-1),"") | O132: =IFERROR(((T132/T96)^(1/3)-1),"") | P132: =IFERROR(((T132/T72)^(1/5)-1),"") | Q132: =IFERROR(((T132/T12)^(1/10)-1),"") | S132: =IFERROR(('CDN Data'!M120),"") | T132: =IF(CPI_Downloader!I130="","",CPI_Downloader!I130) | U132: =IF(CPI_Downloader!J130="","",CPI_Downloader!J130) | W132: =IFERROR((AVERAGE(Y121:Y132)/100),"") | X132: =IFERROR((Y132/100),"") | Y132: =IF(CPI_Downloader!K130="","",CPI_Downloader!K130) | AA132: =IFERROR((AB132/100),"") | AB132: =IF(CPI_Downloader!M130="","",CPI_Downloader!M130) | AC132: =IF(CPI_Downloader!L130="","",CPI_Downloader!L130/100) | AE132: 1 | AI132: =IFERROR((AJ132/AJ131-1),"") | AJ132: =IF(CPI_Downloader!N130="","",CPI_Downloader!N130) | AL132: =IF(CPI_Downloader!O130="","",CPI_Downloader!O130) | AN132: =IFERROR((AT132/AT120-1),"") | AO132: =IFERROR((AT132/AT131-1),"") | AP132: =IFERROR(((AT132/AT96)^(1/3)-1),"") | AQ132: =IFERROR(((AT132/AT72)^(1/5)-1),"") | AR132: =IFERROR(((AT132/AT12)^(1/10)-1),"") | AT132: =IF(CPI_Downloader!P130="","",CPI_Downloader!P130) | AU132: =IFERROR((BA132/BA120-1),"") | AV132: =IFERROR((BA132/BA131-1),"") | AW132: =IFERROR(((BA132/BA96)^(1/3)-1),"") | AX132: =IFERROR(((BA132/BA72)^(1/5)-1),"") | AY132: =IFERROR(((BA132/BA12)^(1/10)-1),"") | BA132: =IF(CPI_Downloader!Q130="","",CPI_Downloader!Q130)
A133: =IF(CPI_Downloader!A131="","",CPI_Downloader!A131) -> 8675 | B133: =IFERROR((I133/I121-1),"") -> 0.035928144 | C133: =IFERROR((J133/J132-1),"") | D133: =IFERROR(((I133/I97)^(1/3)-1),"") -> -0.045598729 | E133: =IFERROR(((I133/I73)^(1/5)-1),"") -> 0.015746242 | F133: =IFERROR(((I133/I13)^(1/10)-1),"") -> 0.056342152 | H133: =IFERROR(('CDN Data'!B133),"") -> 0 | I133: =IF(CPI_Downloader!G131="","",CPI_Downloader!G131) -> 17.3 | J133: =IF(CPI_Downloader!H131="","",CPI_Downloader!H131) | L133: =A133 -> 8675 | M133: =IFERROR((T133/T121-1),"") | N133: =IFERROR((U133/U132-1),"") | O133: =IFERROR(((T133/T97)^(1/3)-1),"") | P133: =IFERROR(((T133/T73)^(1/5)-1),"") | Q133: =IFERROR(((T133/T13)^(1/10)-1),"") | S133: =IFERROR(('CDN Data'!M121),"") | T133: =IF(CPI_Downloader!I131="","",CPI_Downloader!I131) | U133: =IF(CPI_Downloader!J131="","",CPI_Downloader!J131) | W133: =IFERROR((AVERAGE(Y122:Y133)/100),"") | X133: =IFERROR((Y133/100),"") | Y133: =IF(CPI_Downloader!K131="","",CPI_Downloader!K131) | AA133: =IFERROR((AB133/100),"") | AB133: =IF(CPI_Downloader!M131="","",CPI_Downloader!M131) | AC133: =IF(CPI_Downloader!L131="","",CPI_Downloader!L131/100) | AE133: 1 | AI133: =IFERROR((AJ133/AJ132-1),"") | AJ133: =IF(CPI_Downloader!N131="","",CPI_Downloader!N131) | AL133: =IF(CPI_Downloader!O131="","",CPI_Downloader!O131) | AN133: =IFERROR((AT133/AT121-1),"") | AO133: =IFERROR((AT133/AT132-1),"") | AP133: =IFERROR(((AT133/AT97)^(1/3)-1),"") | AQ133: =IFERROR(((AT133/AT73)^(1/5)-1),"") | AR133: =IFERROR(((AT133/AT13)^(1/10)-1),"") | AT133: =IF(CPI_Downloader!P131="","",CPI_Downloader!P131) | AU133: =IFERROR((BA133/BA121-1),"") | AV133: =IFERROR((BA133/BA132-1),"") | AW133: =IFERROR(((BA133/BA97)^(1/3)-1),"") | AX133: =IFERROR(((BA133/BA73)^(1/5)-1),"") | AY133: =IFERROR(((BA133/BA13)^(1/10)-1),"") | BA133: =IF(CPI_Downloader!Q131="","",CPI_Downloader!Q131)
A134: =IF(CPI_Downloader!A132="","",CPI_Downloader!A132) -> 8706 | B134: =IFERROR((I134/I122-1),"") -> 0.029761905 | C134: =IFERROR((J134/J133-1),"") | D134: =IFERROR(((I134/I98)^(1/3)-1),"") -> -0.04399469 | E134: =IFERROR(((I134/I74)^(1/5)-1),"") -> 0.011979465 | F134: =IFERROR(((I134/I14)^(1/10)-1),"") -> 0.05529158 | H134: =IFERROR(('CDN Data'!B134),"") -> 0 | I134: =IF(CPI_Downloader!G132="","",CPI_Downloader!G132) -> 17.3 | J134: =IF(CPI_Downloader!H132="","",CPI_Downloader!H132) | L134: =A134 -> 8706 | M134: =IFERROR((T134/T122-1),"") | N134: =IFERROR((U134/U133-1),"") | O134: =IFERROR(((T134/T98)^(1/3)-1),"") | P134: =IFERROR(((T134/T74)^(1/5)-1),"") | Q134: =IFERROR(((T134/T14)^(1/10)-1),"") | S134: =IFERROR(('CDN Data'!M122),"") | T134: =IF(CPI_Downloader!I132="","",CPI_Downloader!I132) | U134: =IF(CPI_Downloader!J132="","",CPI_Downloader!J132) | W134: =IFERROR((AVERAGE(Y123:Y134)/100),"") | X134: =IFERROR((Y134/100),"") | Y134: =IF(CPI_Downloader!K132="","",CPI_Downloader!K132) | AA134: =IFERROR((AB134/100),"") | AB134: =IF(CPI_Downloader!M132="","",CPI_Downloader!M132) | AC134: =IF(CPI_Downloader!L132="","",CPI_Downloader!L132/100) | AE134: 1 | AI134: =IFERROR((AJ134/AJ133-1),"") | AJ134: =IF(CPI_Downloader!N132="","",CPI_Downloader!N132) | AL134: =IF(CPI_Downloader!O132="","",CPI_Downloader!O132) | AN134: =IFERROR((AT134/AT122-1),"") | AO134: =IFERROR((AT134/AT133-1),"") | AP134: =IFERROR(((AT134/AT98)^(1/3)-1),"") | AQ134: =IFERROR(((AT134/AT74)^(1/5)-1),"") | AR134: =IFERROR(((AT134/AT14)^(1/10)-1),"") | AT134: =IF(CPI_Downloader!P132="","",CPI_Downloader!P132) | AU134: =IFERROR((BA134/BA122-1),"") | AV134: =IFERROR((BA134/BA133-1),"") | AW134: =IFERROR(((BA134/BA98)^(1/3)-1),"") | AX134: =IFERROR(((BA134/BA74)^(1/5)-1),"") | AY134: =IFERROR(((BA134/BA14)^(1/10)-1),"") | BA134: =IF(CPI_Downloader!Q132="","",CPI_Downloader!Q132)
A135: =IF(CPI_Downloader!A133="","",CPI_Downloader!A133) -> 8736 | B135: =IFERROR((I135/I123-1),"") -> 0.023668639 | C135: =IFERROR((J135/J134-1),"") | D135: =IFERROR(((I135/I99)^(1/3)-1),"") -> -0.037468855 | E135: =IFERROR(((I135/I75)^(1/5)-1),"") -> 0.0095141991 | F135: =IFERROR(((I135/I15)^(1/10)-1),"") -> 0.056342152 | H135: =IFERROR(('CDN Data'!B135),"") -> 0 | I135: =IF(CPI_Downloader!G133="","",CPI_Downloader!G133) -> 17.3 | J135: =IF(CPI_Downloader!H133="","",CPI_Downloader!H133) | L135: =A135 -> 8736 | M135: =IFERROR((T135/T123-1),"") | N135: =IFERROR((U135/U134-1),"") | O135: =IFERROR(((T135/T99)^(1/3)-1),"") | P135: =IFERROR(((T135/T75)^(1/5)-1),"") | Q135: =IFERROR(((T135/T15)^(1/10)-1),"") | S135: =IFERROR(('CDN Data'!M123),"") | T135: =IF(CPI_Downloader!I133="","",CPI_Downloader!I133) | U135: =IF(CPI_Downloader!J133="","",CPI_Downloader!J133) | W135: =IFERROR((AVERAGE(Y124:Y135)/100),"") | X135: =IFERROR((Y135/100),"") | Y135: =IF(CPI_Downloader!K133="","",CPI_Downloader!K133) | AA135: =IFERROR((AB135/100),"") | AB135: =IF(CPI_Downloader!M133="","",CPI_Downloader!M133) | AC135: =IF(CPI_Downloader!L133="","",CPI_Downloader!L133/100) | AE135: 1 | AI135: =IFERROR((AJ135/AJ134-1),"") | AJ135: =IF(CPI_Downloader!N133="","",CPI_Downloader!N133) | AL135: =IF(CPI_Downloader!O133="","",CPI_Downloader!O133) | AN135: =IFERROR((AT135/AT123-1),"") | AO135: =IFERROR((AT135/AT134-1),"") | AP135: =IFERROR(((AT135/AT99)^(1/3)-1),"") | AQ135: =IFERROR(((AT135/AT75)^(1/5)-1),"") | AR135: =IFERROR(((AT135/AT15)^(1/10)-1),"") | AT135: =IF(CPI_Downloader!P133="","",CPI_Downloader!P133) | AU135: =IFERROR((BA135/BA123-1),"") | AV135: =IFERROR((BA135/BA134-1),"") | AW135: =IFERROR(((BA135/BA99)^(1/3)-1),"") | AX135: =IFERROR(((BA135/BA75)^(1/5)-1),"") | AY135: =IFERROR(((BA135/BA15)^(1/10)-1),"") | BA135: =IF(CPI_Downloader!Q133="","",CPI_Downloader!Q133)
... A243: =IF(CPI_Downloader!A241="","",CPI_Downloader!A241) -> 12024 | B243: =IFERROR((I243/I231-1),"") -> -0.10273973 | C243: =IFERROR((J243/J242-1),"") | D243: =IFERROR(((I243/I207)^(1/3)-1),"") -> -0.08676836 | E243: =IFERROR(((I243/I183)^(1/5)-1),"") -> -0.054100407 | F243: =IFERROR(((I243/I123)^(1/10)-1),"") -> -0.025148512 | H243: =IFERROR(('CDN Data'!B243),"") -> -0.075949367 | I243: =IF(CPI_Downloader!G241="","",CPI_Downloader!G241) -> 13.1 | J243: =IF(CPI_Downloader!H241="","",CPI_Downloader!H241) | L243: =A243 -> 12024 | M243: =IFERROR((T243/T231-1),"") | N243: =IFERROR((U243/U242-1),"") | O243: =IFERROR(((T243/T207)^(1/3)-1),"") | P243: =IFERROR(((T243/T183)^(1/5)-1),"") | Q243: =IFERROR(((T243/T123)^(1/10)-1),"") | S243: =IFERROR(('CDN Data'!M231),"") | T243: =IF(CPI_Downloader!I241="","",CPI_Downloader!I241) | U243: =IF(CPI_Downloader!J241="","",CPI_Downloader!J241) | W243: =IFERROR((AVERAGE(Y232:Y243)/100),"") | X243: =IFERROR((Y243/100),"") | Y243: =IF(CPI_Downloader!K241="","",CPI_Downloader!K241) | AA243: =IFERROR((AB243/100),"") | AB243: =IF(CPI_Downloader!M241="","",CPI_Downloader!M241) | AC243: =IF(CPI_Downloader!L241="","",CPI_Downloader!L241/100) | AE243: 1 | AI243: =IFERROR((AJ243/AJ242-1),"") | AJ243: =IF(CPI_Downloader!N241="","",CPI_Downloader!N241) | AL243: =IF(CPI_Downloader!O241="","",CPI_Downloader!O241) | AN243: =IFERROR((AT243/AT231-1),"") | AO243: =IFERROR((AT243/AT242-1),"") | AP243: =IFERROR(((AT243/AT207)^(1/3)-1),"") | AQ243: =IFERROR(((AT243/AT183)^(1/5)-1),"") | AR243: =IFERROR(((AT243/AT123)^(1/10)-1),"") | AT243: =IF(CPI_Downloader!P241="","",CPI_Downloader!P241) | AU243: =IFERROR((BA243/BA231-1),"") | AV243: =IFERROR((BA243/BA242-1),"") | AW243: =IFERROR(((BA243/BA207)^(1/3)-1),"") | AX243: =IFERROR(((BA243/BA183)^(1/5)-1),"") | AY243: =IFERROR(((BA243/BA123)^(1/10)-1),"") | BA243: =IF(CPI_Downloader!Q241="","",CPI_Downloader!Q241)
A244: =IF(CPI_Downloader!A242="","",CPI_Downloader!A242) -> 12055 | B244: =IFERROR((I244/I232-1),"") -> -0.097902098 | C244: =IFERROR((J244/J243-1),"") | D244: =IFERROR(((I244/I208)^(1/3)-1),"") -> -0.089672072 | E244: =IFERROR(((I244/I184)^(1/5)-1),"") -> -0.057006452 | F244: =IFERROR(((I244/I124)^(1/10)-1),"") -> -0.026069329 | G244: =IFERROR(((I244/I4)^(1/20)-1),"") -> 0.013837105 | H244: =IFERROR(('CDN Data'!B244),"") -> -0.076923077 | I244: =IF(CPI_Downloader!G242="","",CPI_Downloader!G242) -> 12.9 | J244: =IF(CPI_Downloader!H242="","",CPI_Downloader!H242) | L244: =A244 -> 12055 | M244: =IFERROR((T244/T232-1),"") | N244: =IFERROR((U244/U243-1),"") | O244: =IFERROR(((T244/T208)^(1/3)-1),"") | P244: =IFERROR(((T244/T184)^(1/5)-1),"") | Q244: =IFERROR(((T244/T124)^(1/10)-1),"") | R244: =IFERROR(((T244/T4)^(1/20)-1),"") | S244: =IFERROR(('CDN Data'!M232),"") | T244: =IF(CPI_Downloader!I242="","",CPI_Downloader!I242) | U244: =IF(CPI_Downloader!J242="","",CPI_Downloader!J242) | W244: =IFERROR((AVERAGE(Y233:Y244)/100),"") | X244: =IFERROR((Y244/100),"") | Y244: =IF(CPI_Downloader!K242="","",CPI_Downloader!K242) | AA244: =IFERROR((AB244/100),"") | AB244: =IF(CPI_Downloader!M242="","",CPI_Downloader!M242) | AC244: =IF(CPI_Downloader!L242="","",CPI_Downloader!L242/100) | AE244: 1 | AI244: =IFERROR((AJ244/AJ243-1),"") | AJ244: =IF(CPI_Downloader!N242="","",CPI_Downloader!N242) | AL244: =IF(CPI_Downloader!O242="","",CPI_Downloader!O242) | AN244: =IFERROR((AT244/AT232-1),"") | AO244: =IFERROR((AT244/AT243-1),"") | AP244: =IFERROR(((AT244/AT208)^(1/3)-1),"") | AQ244: =IFERROR(((AT244/AT184)^(1/5)-1),"") | AR244: =IFERROR(((AT244/AT124)^(1/10)-1),"") | AS244: =IFERROR(((AT244/AT4)^(1/20)-1),"") | AT244: =IF(CPI_Downloader!P242="","",CPI_Downloader!P242) | AU244: =IFERROR((BA244/BA232-1),"") | AV244: =IFERROR((BA244/BA243-1),"") | AW244: =IFERROR(((BA244/BA208)^(1/3)-1),"") | AX244: =IFERROR(((BA244/BA184)^(1/5)-1),"") | AY244: =IFERROR(((BA244/BA124)^(1/10)-1),"") | AZ244: =IFERROR(((BA244/BA4)^(1/20)-1),"") | BA244: =IF(CPI_Downloader!Q242="","",CPI_Downloader!Q242)
A245: =IF(CPI_Downloader!A243="","",CPI_Downloader!A243) -> 12086 | B245: =IFERROR((I245/I233-1),"") -> -0.09929078 | C245: =IFERROR((J245/J244-1),"") | D245: =IFERROR(((I245/I209)^(1/3)-1),"") -> -0.09262892 | E245: =IFERROR(((I245/I185)^(1/5)-1),"") -> -0.057760032 | F245: =IFERROR(((I245/I125)^(1/10)-1),"") -> -0.027589938 | G245: =IFERROR(((I245/I5)^(1/20)-1),"") -> 0.013045338 | H245: =IFERROR(('CDN Data'!B245),"") -> -0.052631579 | I245: =IF(CPI_Downloader!G243="","",CPI_Downloader!G243) -> 12.7 | J245: =IF(CPI_Downloader!H243="","",CPI_Downloader!H243) | L245: =A245 -> 12086 | M245: =IFERROR((T245/T233-1),"") | N245: =IFERROR((U245/U244-1),"") | O245: =IFERROR(((T245/T209)^(1/3)-1),"") | P245: =IFERROR(((T245/T185)^(1/5)-1),"") | Q245: =IFERROR(((T245/T125)^(1/10)-1),"") | R245: =IFERROR(((T245/T5)^(1/20)-1),"") | S245: =IFERROR(('CDN Data'!M233),"") | T245: =IF(CPI_Downloader!I243="","",CPI_Downloader!I243) | U245: =IF(CPI_Downloader!J243="","",CPI_Downloader!J243) | W245: =IFERROR((AVERAGE(Y234:Y245)/100),"") | X245: =IFERROR((Y245/100),"") | Y245: =IF(CPI_Downloader!K243="","",CPI_Downloader!K243) | AA245: =IFERROR((AB245/100),"") | AB245: =IF(CPI_Downloader!M243="","",CPI_Downloader!M243) | AC245: =IF(CPI_Downloader!L243="","",CPI_Downloader!L243/100) | AE245: 1 | AI245: =IFERROR((AJ245/AJ244-1),"") | AJ245: =IF(CPI_Downloader!N243="","",CPI_Downloader!N243) | AL245: =IF(CPI_Downloader!O243="","",CPI_Downloader!O243) | AN245: =IFERROR((AT245/AT233-1),"") | AO245: =IFERROR((AT245/AT244-1),"") | AP245: =IFERROR(((AT245/AT209)^(1/3)-1),"") | AQ245: =IFERROR(((AT245/AT185)^(1/5)-1),"") | AR245: =IFERROR(((AT245/AT125)^(1/10)-1),"") | AS245: =IFERROR(((AT245/AT5)^(1/20)-1),"") | AT245: =IF(CPI_Downloader!P243="","",CPI_Downloader!P243) | AU245: =IFERROR((BA245/BA233-1),"") | AV245: =IFERROR((BA245/BA244-1),"") | AW245: =IFERROR(((BA245/BA209)^(1/3)-1),"") | AX245: =IFERROR(((BA245/BA185)^(1/5)-1),"") | AY245: =IFERROR(((BA245/BA125)^(1/10)-1),"") | AZ245: =IFERROR(((BA245/BA5)^(1/20)-1),"") | BA245: =IF(CPI_Downloader!Q243="","",CPI_Downloader!Q243)
A246: =IF(CPI_Downloader!A244="","",CPI_Downloader!A244) -> 12114 | B246: =IFERROR((I246/I234-1),"") -> -0.1 | C246: =IFERROR((J246/J245-1),"") | D246: =IFERROR(((I246/I210)^(1/3)-1),"") -> -0.093235282 | E246: =IFERROR(((I246/I186)^(1/5)-1),"") -> -0.05924857 | F246: =IFERROR(((I246/I126)^(1/10)-1),"") -> -0.028358342 | G246: =IFERROR(((I246/I6)^(1/20)-1),"") -> 0.012645002 | H246: =IFERROR(('CDN Data'!B246),"") -> -0.065789474 | I246: =IF(CPI_Downloader!G244="","",CPI_Downloader!G244) -> 12.6 | J246: =IF(CPI_Downloader!H244="","",CPI_Downloader!H244) | L246: =A246 -> 12114 | M246: =IFERROR((T246/T234-1),"") | N246: =IFERROR((U246/U245-1),"") | O246: =IFERROR(((T246/T210)^(1/3)-1),"") | P246: =IFERROR(((T246/T186)^(1/5)-1),"") | Q246: =IFERROR(((T246/T126)^(1/10)-1),"") | R246: =IFERROR(((T246/T6)^(1/20)-1),"") | S246: =IFERROR(('CDN Data'!M234),"") | T246: =IF(CPI_Downloader!I244="","",CPI_Downloader!I244) | U246: =IF(CPI_Downloader!J244="","",CPI_Downloader!J244) | W246: =IFERROR((AVERAGE(Y235:Y246)/100),"") | X246: =IFERROR((Y246/100),"") | Y246: =IF(CPI_Downloader!K244="","",CPI_Downloader!K244) | AA246: =IFERROR((AB246/100),"") | AB246: =IF(CPI_Downloader!M244="","",CPI_Downloader!M244) | AC246: =IF(CPI_Downloader!L244="","",CPI_Downloader!L244/100) | AE246: 0 | AI246: =IFERROR((AJ246/AJ245-1),"") | AJ246: =IF(CPI_Downloader!N244="","",CPI_Downloader!N244) | AL246: =IF(CPI_Downloader!O244="","",CPI_Downloader!O244) | AN246: =IFERROR((AT246/AT234-1),"") | AO246: =IFERROR((AT246/AT245-1),"") | AP246: =IFERROR(((AT246/AT210)^(1/3)-1),"") | AQ246: =IFERROR(((AT246/AT186)^(1/5)-1),"") | AR246: =IFERROR(((AT246/AT126)^(1/10)-1),"") | AS246: =IFERROR(((AT246/AT6)^(1/20)-1),"") | AT246: =IF(CPI_Downloader!P244="","",CPI_Downloader!P244) | AU246: =IFERROR((BA246/BA234-1),"") | AV246: =IFERROR((BA246/BA245-1),"") | AW246: =IFERROR(((BA246/BA210)^(1/3)-1),"") | AX246: =IFERROR(((BA246/BA186)^(1/5)-1),"") | AY246: =IFERROR(((BA246/BA126)^(1/10)-1),"") | AZ246: =IFERROR(((BA246/BA6)^(1/20)-1),"") | BA246: =IF(CPI_Downloader!Q244="","",CPI_Downloader!Q244)
A247: =IF(CPI_Downloader!A245="","",CPI_Downloader!A245) -> 12145 | B247: =IFERROR((I247/I235-1),"") -> -0.09352518 | C247: =IFERROR((J247/J246-1),"") | D247: =IFERROR(((I247/I211)^(1/3)-1),"") -> -0.09501675 | E247: =IFERROR(((I247/I187)^(1/5)-1),"") -> -0.05924857 | F247: =IFERROR(((I247/I127)^(1/10)-1),"") -> -0.028934815 | G247: =IFERROR(((I247/I7)^(1/20)-1),"") -> 0.012645002 | H247: =IFERROR(('CDN Data'!B247),"") -> -0.065789474 | I247: =IF(CPI_Downloader!G245="","",CPI_Downloader!G245) -> 12.6 | J247: =IF(CPI_Downloader!H245="","",CPI_Downloader!H245) | L247: =A247 -> 12145 | M247: =IFERROR((T247/T235-1),"") | N247: =IFERROR((U247/U246-1),"") | O247: =IFERROR(((T247/T211)^(1/3)-1),"") | P247: =IFERROR(((T247/T187)^(1/5)-1),"") | Q247: =IFERROR(((T247/T127)^(1/10)-1),"") | R247: =IFERROR(((T247/T7)^(1/20)-1),"") | S247: =IFERROR(('CDN Data'!M235),"") | T247: =IF(CPI_Downloader!I245="","",CPI_Downloader!I245) | U247: =IF(CPI_Downloader!J245="","",CPI_Downloader!J245) | W247: =IFERROR((AVERAGE(Y236:Y247)/100),"") | X247: =IFERROR((Y247/100),"") | Y247: =IF(CPI_Downloader!K245="","",CPI_Downloader!K245) | AA247: =IFERROR((AB247/100),"") | AB247: =IF(CPI_Downloader!M245="","",CPI_Downloader!M245) | AC247: =IF(CPI_Downloader!L245="","",CPI_Downloader!L245/100) | AE247: 0 | AI247: =IFERROR((AJ247/AJ246-1),"") | AJ247: =IF(CPI_Downloader!N245="","",CPI_Downloader!N245) | AL247: =IF(CPI_Downloader!O245="","",CPI_Downloader!O245) | AN247: =IFERROR((AT247/AT235-1),"") | AO247: =IFERROR((AT247/AT246-1),"") | AP247: =IFERROR(((AT247/AT211)^(1/3)-1),"") | AQ247: =IFERROR(((AT247/AT187)^(1/5)-1),"") | AR247: =IFERROR(((AT247/AT127)^(1/10)-1),"") | AS247: =IFERROR(((AT247/AT7)^(1/20)-1),"") | AT247: =IF(CPI_Downloader!P245="","",CPI_Downloader!P245) | AU247: =IFERROR((BA247/BA235-1),"") | AV247: =IFERROR((BA247/BA246-1),"") | AW247: =IFERROR(((BA247/BA211)^(1/3)-1),"") | AX247: =IFERROR(((BA247/BA187)^(1/5)-1),"") | AY247: =IFERROR(((BA247/BA127)^(1/10)-1),"") | AZ247: =IFERROR(((BA247/BA7)^(1/20)-1),"") | BA247: =IF(CPI_Downloader!Q245="","",CPI_Downloader!Q245)
A248: =IF(CPI_Downloader!A246="","",CPI_Downloader!A246) -> 12175 | B248: =IFERROR((I248/I236-1),"") -> -0.080291971 | C248: =IFERROR((J248/J247-1),"") | D248: =IFERROR(((I248/I212)^(1/3)-1),"") -> -0.093235282 | E248: =IFERROR(((I248/I188)^(1/5)-1),"") -> -0.06034502 | F248: =IFERROR(((I248/I128)^(1/10)-1),"") -> -0.028934815 | G248: =IFERROR(((I248/I8)^(1/20)-1),"") -> 0.013164445 | H248: =IFERROR(('CDN Data'!B248),"") -> -0.040540541 | I248: =IF(CPI_Downloader!G246="","",CPI_Downloader!G246) -> 12.6 | J248: =IF(CPI_Downloader!H246="","",CPI_Downloader!H246) | L248: =A248 -> 12175 | M248: =IFERROR((T248/T236-1),"") | N248: =IFERROR((U248/U247-1),"") | O248: =IFERROR(((T248/T212)^(1/3)-1),"") | P248: =IFERROR(((T248/T188)^(1/5)-1),"") | Q248: =IFERROR(((T248/T128)^(1/10)-1),"") | R248: =IFERROR(((T248/T8)^(1/20)-1),"") | S248: =IFERROR(('CDN Data'!M236),"") | T248: =IF(CPI_Downloader!I246="","",CPI_Downloader!I246) | U248: =IF(CPI_Downloader!J246="","",CPI_Downloader!J246) | W248: =IFERROR((AVERAGE(Y237:Y248)/100),"") | X248: =IFERROR((Y248/100),"") | Y248: =IF(CPI_Downloader!K246="","",CPI_Downloader!K246) | AA248: =IFERROR((AB248/100),"") | AB248: =IF(CPI_Downloader!M246="","",CPI_Downloader!M246) | AC248: =IF(CPI_Downloader!L246="","",CPI_Downloader!L246/100) | AE248: 0 | AI248: =IFERROR((AJ248/AJ247-1),"") | AJ248: =IF(CPI_Downloader!N246="","",CPI_Downloader!N246) | AL248: =IF(CPI_Downloader!O246="","",CPI_Downloader!O246) | AN248: =IFERROR((AT248/AT236-1),"") | AO248: =IFERROR((AT248/AT247-1),"") | AP248: =IFERROR(((AT248/AT212)^(1/3)-1),"") | AQ248: =IFERROR(((AT248/AT188)^(1/5)-1),"") | AR248: =IFERROR(((AT248/AT128)^(1/10)-1),"") | AS248: =IFERROR(((AT248/AT8)^(1/20)-1),"") | AT248: =IF(CPI_Downloader!P246="","",CPI_Downloader!P246) | AU248: =IFERROR((BA248/BA236-1),"") | AV248: =IFERROR((BA248/BA247-1),"") | AW248: =IFERROR(((BA248/BA212)^(1/3)-1),"") | AX248: =IFERROR(((BA248/BA188)^(1/5)-1),"") | AY248: =IFERROR(((BA248/BA128)^(1/10)-1),"") | AZ248: =IFERROR(((BA248/BA8)^(1/20)-1),"") | BA248: =IF(CPI_Downloader!Q246="","",CPI_Downloader!Q246)
A249: =IF(CPI_Downloader!A247="","",CPI_Downloader!A247) -> 12206 | B249: =IFERROR((I249/I237-1),"") -> -0.066176471 | C249: =IFERROR((J249/J248-1),"") | D249: =IFERROR(((I249/I213)^(1/3)-1),"") -> -0.089042436 | E249: =IFERROR(((I249/I189)^(1/5)-1),"") -> -0.057760032 | F249: =IFERROR(((I249/I129)^(1/10)-1),"") -> -0.028740052 | G249: =IFERROR(((I249/I9)^(1/20)-1),"") -> 0.013045338 | H249: =IFERROR(('CDN Data'!B249),"") -> -0.040540541 | I249: =IF(CPI_Downloader!G247="","",CPI_Downloader!G247) -> 12.7 | J249: =IF(CPI_Downloader!H247="","",CPI_Downloader!H247) | L249: =A249 -> 12206 | M249: =IFERROR((T249/T237-1),"") | N249: =IFERROR((U249/U248-1),"") | O249: =IFERROR(((T249/T213)^(1/3)-1),"") | P249: =IFERROR(((T249/T189)^(1/5)-1),"") | Q249: =IFERROR(((T249/T129)^(1/10)-1),"") | R249: =IFERROR(((T249/T9)^(1/20)-1),"") | S249: =IFERROR(('CDN Data'!M237),"") | T249: =IF(CPI_Downloader!I247="","",CPI_Downloader!I247) | U249: =IF(CPI_Downloader!J247="","",CPI_Downloader!J247) | W249: =IFERROR((AVERAGE(Y238:Y249)/100),"") | X249: =IFERROR((Y249/100),"") | Y249: =IF(CPI_Downloader!K247="","",CPI_Downloader!K247) | AA249: =IFERROR((AB249/100),"") | AB249: =IF(CPI_Downloader!M247="","",CPI_Downloader!M247) | AC249: =IF(CPI_Downloader!L247="","",CPI_Downloader!L247/100) | AE249: 0 | AI249: =IFERROR((AJ249/AJ248-1),"") | AJ249: =IF(CPI_Downloader!N247="","",CPI_Downloader!N247) | AL249: =IF(CPI_Downloader!O247="","",CPI_Downloader!O247) | AN249: =IFERROR((AT249/AT237-1),"") | AO249: =IFERROR((AT249/AT248-1),"") | AP249: =IFERROR(((AT249/AT213)^(1/3)-1),"") | AQ249: =IFERROR(((AT249/AT189)^(1/5)-1),"") | AR249: =IFERROR(((AT249/AT129)^(1/10)-1),"") | AS249: =IFERROR(((AT249/AT9)^(1/20)-1),"") | AT249: =IF(CPI_Downloader!P247="","",CPI_Downloader!P247) | AU249: =IFERROR((BA249/BA237-1),"") | AV249: =IFERROR((BA249/BA248-1),"") | AW249: =IFERROR(((BA249/BA213)^(1/3)-1),"") | AX249: =IFERROR(((BA249/BA189)^(1/5)-1),"") | AY249: =IFERROR(((BA249/BA129)^(1/10)-1),"") | AZ249: =IFERROR(((BA249/BA9)^(1/20)-1),"") | BA249: =IF(CPI_Downloader!Q247="","",CPI_Downloader!Q247)
A250: =IF(CPI_Downloader!A248="","",CPI_Downloader!A248) -> 12236 | B250: =IFERROR((I250/I238-1),"") -> -0.036764706 | C250: =IFERROR((J250/J249-1),"") | D250: =IFERROR(((I250/I214)^(1/3)-1),"") -> -0.075895534 | E250: =IFERROR(((I250/I190)^(1/5)-1),"") -> -0.051898056 | F250: =IFERROR(((I250/I130)^(1/10)-1),"") -> -0.026862329 | G250: =IFERROR(((I250/I10)^(1/20)-1),"") -> 0.014102387 | H250: =IFERROR(('CDN Data'!B250),"") -> -0.040540541 | I250: =IF(CPI_Downloader!G248="","",CPI_Downloader!G248) -> 13.1 | J250: =IF(CPI_Downloader!H248="","",CPI_Downloader!H248) | L250: =A250 -> 12236 | M250: =IFERROR((T250/T238-1),"") | N250: =IFERROR((U250/U249-1),"") | O250: =IFERROR(((T250/T214)^(1/3)-1),"") | P250: =IFERROR(((T250/T190)^(1/5)-1),"") | Q250: =IFERROR(((T250/T130)^(1/10)-1),"") | R250: =IFERROR(((T250/T10)^(1/20)-1),"") | S250: =IFERROR(('CDN Data'!M238),"") | T250: =IF(CPI_Downloader!I248="","",CPI_Downloader!I248) | U250: =IF(CPI_Downloader!J248="","",CPI_Downloader!J248) | W250: =IFERROR((AVERAGE(Y239:Y250)/100),"") | X250: =IFERROR((Y250/100),"") | Y250: =IF(CPI_Downloader!K248="","",CPI_Downloader!K248) | AA250: =IFERROR((AB250/100),"") | AB250: =IF(CPI_Downloader!M248="","",CPI_Downloader!M248) | AC250: =IF(CPI_Downloader!L248="","",CPI_Downloader!L248/100) | AE250: 0 | AI250: =IFERROR((AJ250/AJ249-1),"") | AJ250: =IF(CPI_Downloader!N248="","",CPI_Downloader!N248) | AL250: =IF(CPI_Downloader!O248="","",CPI_Downloader!O248) | AN250: =IFERROR((AT250/AT238-1),"") | AO250: =IFERROR((AT250/AT249-1),"") | AP250: =IFERROR(((AT250/AT214)^(1/3)-1),"") | AQ250: =IFERROR(((AT250/AT190)^(1/5)-1),"") | AR250: =IFERROR(((AT250/AT130)^(1/10)-1),"") | AS250: =IFERROR(((AT250/AT10)^(1/20)-1),"") | AT250: =IF(CPI_Downloader!P248="","",CPI_Downloader!P248) | AU250: =IFERROR((BA250/BA238-1),"") | AV250: =IFERROR((BA250/BA249-1),"") | AW250: =IFERROR(((BA250/BA214)^(1/3)-1),"") | AX250: =IFERROR(((BA250/BA190)^(1/5)-1),"") | AY250: =IFERROR(((BA250/BA130)^(1/10)-1),"") | AZ250: =IFERROR(((BA250/BA10)^(1/20)-1),"") | BA250: =IF(CPI_Downloader!Q248="","",CPI_Downloader!Q248)
A251: =IF(CPI_Downloader!A249="","",CPI_Downloader!A249) -> 12267 | B251: =IFERROR((I251/I239-1),"") -> -0.022222222 | C251: =IFERROR((J251/J250-1),"") | D251: =IFERROR(((I251/I215)^(1/3)-1),"") -> -0.071682233 | E251: =IFERROR(((I251/I191)^(1/5)-1),"") -> -0.050454972 | F251: =IFERROR(((I251/I131)^(1/10)-1),"") -> -0.025553989 | G251: =IFERROR(((I251/I11)^(1/20)-1),"") -> 0.014488053 | H251: =IFERROR(('CDN Data'!B251),"") -> -0.027027027 | I251: =IF(CPI_Downloader!G249="","",CPI_Downloader!G249) -> 13.2 | J251: =IF(CPI_Downloader!H249="","",CPI_Downloader!H249) | L251: =A251 -> 12267 | M251: =IFERROR((T251/T239-1),"") | N251: =IFERROR((U251/U250-1),"") | O251: =IFERROR(((T251/T215)^(1/3)-1),"") | P251: =IFERROR(((T251/T191)^(1/5)-1),"") | Q251: =IFERROR(((T251/T131)^(1/10)-1),"") | R251: =IFERROR(((T251/T11)^(1/20)-1),"") | S251: =IFERROR(('CDN Data'!M239),"") | T251: =IF(CPI_Downloader!I249="","",CPI_Downloader!I249) | U251: =IF(CPI_Downloader!J249="","",CPI_Downloader!J249) | W251: =IFERROR((AVERAGE(Y240:Y251)/100),"") | X251: =IFERROR((Y251/100),"") | Y251: =IF(CPI_Downloader!K249="","",CPI_Downloader!K249) | AA251: =IFERROR((AB251/100),"") | AB251: =IF(CPI_Downloader!M249="","",CPI_Downloader!M249) | AC251: =IF(CPI_Downloader!L249="","",CPI_Downloader!L249/100) | AE251: 0 | AI251: =IFERROR((AJ251/AJ250-1),"") | AJ251: =IF(CPI_Downloader!N249="","",CPI_Downloader!N249) | AL251: =IF(CPI_Downloader!O249="","",CPI_Downloader!O249) | AN251: =IFERROR((AT251/AT239-1),"") | AO251: =IFERROR((AT251/AT250-1),"") | AP251: =IFERROR(((AT251/AT215)^(1/3)-1),"") | AQ251: =IFERROR(((AT251/AT191)^(1/5)-1),"") | AR251: =IFERROR(((AT251/AT131)^(1/10)-1),"") | AS251: =IFERROR(((AT251/AT11)^(1/20)-1),"") | AT251: =IF(CPI_Downloader!P249="","",CPI_Downloader!P249) | AU251: =IFERROR((BA251/BA239-1),"") | AV251: =IFERROR((BA251/BA250-1),"") | AW251: =IFERROR(((BA251/BA215)^(1/3)-1),"") | AX251: =IFERROR(((BA251/BA191)^(1/5)-1),"") | AY251: =IFERROR(((BA251/BA131)^(1/10)-1),"") | AZ251: =IFERROR(((BA251/BA11)^(1/20)-1),"") | BA251: =IF(CPI_Downloader!Q249="","",CPI_Downloader!Q249)
A252: =IF(CPI_Downloader!A250="","",CPI_Downloader!A250) -> 12298 | B252: =IFERROR((I252/I240-1),"") -> -0.014925373 | C252: =IFERROR((J252/J251-1),"") | D252: =IFERROR(((I252/I216)^(1/3)-1),"") -> -0.073550081 | E252: =IFERROR(((I252/I192)^(1/5)-1),"") -> -0.052660675 | F252: =IFERROR(((I252/I132)^(1/10)-1),"") -> -0.026122015 | G252: =IFERROR(((I252/I12)^(1/20)-1),"") -> 0.013978383 | H252: =IFERROR(('CDN Data'!B252),"") -> -0.027027027 | I252: =IF(CPI_Downloader!G250="","",CPI_Downloader!G250) -> 13.2 | J252: =IF(CPI_Downloader!H250="","",CPI_Downloader!H250) | L252: =A252 -> 12298 | M252: =IFERROR((T252/T240-1),"") | N252: =IFERROR((U252/U251-1),"") | O252: =IFERROR(((T252/T216)^(1/3)-1),"") | P252: =IFERROR(((T252/T192)^(1/5)-1),"") | Q252: =IFERROR(((T252/T132)^(1/10)-1),"") | R252: =IFERROR(((T252/T12)^(1/20)-1),"") | S252: =IFERROR(('CDN Data'!M240),"") | T252: =IF(CPI_Downloader!I250="","",CPI_Downloader!I250) | U252: =IF(CPI_Downloader!J250="","",CPI_Downloader!J250) | W252: =IFERROR((AVERAGE(Y241:Y252)/100),"") | X252: =IFERROR((Y252/100),"") | Y252: =IF(CPI_Downloader!K250="","",CPI_Downloader!K250) | AA252: =IFERROR((AB252/100),"") | AB252: =IF(CPI_Downloader!M250="","",CPI_Downloader!M250) | AC252: =IF(CPI_Downloader!L250="","",CPI_Downloader!L250/100) | AE252: 0 | AI252: =IFERROR((AJ252/AJ251-1),"") | AJ252: =IF(CPI_Downloader!N250="","",CPI_Downloader!N250) | AL252: =IF(CPI_Downloader!O250="","",CPI_Downloader!O250) | AN252: =IFERROR((AT252/AT240-1),"") | AO252: =IFERROR((AT252/AT251-1),"") | AP252: =IFERROR(((AT252/AT216)^(1/3)-1),"") | AQ252: =IFERROR(((AT252/AT192)^(1/5)-1),"") | AR252: =IFERROR(((AT252/AT132)^(1/10)-1),"") | AS252: =IFERROR(((AT252/AT12)^(1/20)-1),"") | AT252: =IF(CPI_Downloader!P250="","",CPI_Downloader!P250) | AU252: =IFERROR((BA252/BA240-1),"") | AV252: =IFERROR((BA252/BA251-1),"") | AW252: =IFERROR(((BA252/BA216)^(1/3)-1),"") | AX252: =IFERROR(((BA252/BA192)^(1/5)-1),"") | AY252: =IFERROR(((BA252/BA132)^(1/10)-1),"") | AZ252: =IFERROR(((BA252/BA12)^(1/20)-1),"") | BA252: =IF(CPI_Downloader!Q250="","",CPI_Downloader!Q250)
A253: =IF(CPI_Downloader!A251="","",CPI_Downloader!A251) -> 12328 | B253: =IFERROR((I253/I241-1),"") -> -0.007518797 | C253: =IFERROR((J253/J252-1),"") | D253: =IFERROR(((I253/I217)^(1/3)-1),"") -> -0.071682233 | E253: =IFERROR(((I253/I193)^(1/5)-1),"") -> -0.051561671 | F253: =IFERROR(((I253/I133)^(1/10)-1),"") -> -0.02668642 | G253: =IFERROR(((I253/I13)^(1/20)-1),"") -> 0.013978383 | H253: =IFERROR(('CDN Data'!B253),"") -> -0.02739726 | I253: =IF(CPI_Downloader!G251="","",CPI_Downloader!G251) -> 13.2 | J253: =IF(CPI_Downloader!H251="","",CPI_Downloader!H251) | L253: =A253 -> 12328 | M253: =IFERROR((T253/T241-1),"") | N253: =IFERROR((U253/U252-1),"") | O253: =IFERROR(((T253/T217)^(1/3)-1),"") | P253: =IFERROR(((T253/T193)^(1/5)-1),"") | Q253: =IFERROR(((T253/T133)^(1/10)-1),"") | R253: =IFERROR(((T253/T13)^(1/20)-1),"") | S253: =IFERROR(('CDN Data'!M241),"") | T253: =IF(CPI_Downloader!I251="","",CPI_Downloader!I251) | U253: =IF(CPI_Downloader!J251="","",CPI_Downloader!J251) | W253: =IFERROR((AVERAGE(Y242:Y253)/100),"") | X253: =IFERROR((Y253/100),"") | Y253: =IF(CPI_Downloader!K251="","",CPI_Downloader!K251) | AA253: =IFERROR((AB253/100),"") | AB253: =IF(CPI_Downloader!M251="","",CPI_Downloader!M251) | AC253: =IF(CPI_Downloader!L251="","",CPI_Downloader!L251/100) | AE253: 0 | AI253: =IFERROR((AJ253/AJ252-1),"") | AJ253: =IF(CPI_Downloader!N251="","",CPI_Downloader!N251) | AL253: =IF(CPI_Downloader!O251="","",CPI_Downloader!O251) | AN253: =IFERROR((AT253/AT241-1),"") | AO253: =IFERROR((AT253/AT252-1),"") | AP253: =IFERROR(((AT253/AT217)^(1/3)-1),"") | AQ253: =IFERROR(((AT253/AT193)^(1/5)-1),"") | AR253: =IFERROR(((AT253/AT133)^(1/10)-1),"") | AS253: =IFERROR(((AT253/AT13)^(1/20)-1),"") | AT253: =IF(CPI_Downloader!P251="","",CPI_Downloader!P251) | AU253: =IFERROR((BA253/BA241-1),"") | AV253: =IFERROR((BA253/BA252-1),"") | AW253: =IFERROR(((BA253/BA217)^(1/3)-1),"") | AX253: =IFERROR(((BA253/BA193)^(1/5)-1),"") | AY253: =IFERROR(((BA253/BA133)^(1/10)-1),"") | AZ253: =IFERROR(((BA253/BA13)^(1/20)-1),"") | BA253: =IF(CPI_Downloader!Q251="","",CPI_Downloader!Q251)
A254: =IF(CPI_Downloader!A252="","",CPI_Downloader!A252) -> 12359 | B254: =IFERROR((I254/I242-1),"") -> 0 | C254: =IFERROR((J254/J253-1),"") | D254: =IFERROR(((I254/I218)^(1/3)-1),"") -> -0.069799231 | E254: =IFERROR(((I254/I194)^(1/5)-1),"") -> -0.051561671 | F254: =IFERROR(((I254/I134)^(1/10)-1),"") -> -0.02668642 | G254: =IFERROR(((I254/I14)^(1/20)-1),"") -> 0.013474038 | H254: =IFERROR(('CDN Data'!B254),"") -> -0.02739726 | I254: =IF(CPI_Downloader!G252="","",CPI_Downloader!G252) -> 13.2 | J254: =IF(CPI_Downloader!H252="","",CPI_Downloader!H252) | L254: =A254 -> 12359 | M254: =IFERROR((T254/T242-1),"") | N254: =IFERROR((U254/U253-1),"") | O254: =IFERROR(((T254/T218)^(1/3)-1),"") | P254: =IFERROR(((T254/T194)^(1/5)-1),"") | Q254: =IFERROR(((T254/T134)^(1/10)-1),"") | R254: =IFERROR(((T254/T14)^(1/20)-1),"") | S254: =IFERROR(('CDN Data'!M242),"") | T254: =IF(CPI_Downloader!I252="","",CPI_Downloader!I252) | U254: =IF(CPI_Downloader!J252="","",CPI_Downloader!J252) | W254: =IFERROR((AVERAGE(Y243:Y254)/100),"") | X254: =IFERROR((Y254/100),"") | Y254: =IF(CPI_Downloader!K252="","",CPI_Downloader!K252) | AA254: =IFERROR((AB254/100),"") | AB254: =IF(CPI_Downloader!M252="","",CPI_Downloader!M252) | AC254: =IF(CPI_Downloader!L252="","",CPI_Downloader!L252/100) | AE254: 0 | AI254: =IFERROR((AJ254/AJ253-1),"") | AJ254: =IF(CPI_Downloader!N252="","",CPI_Downloader!N252) | AL254: =IF(CPI_Downloader!O252="","",CPI_Downloader!O252) | AN254: =IFERROR((AT254/AT242-1),"") | AO254: =IFERROR((AT254/AT253-1),"") | AP254: =IFERROR(((AT254/AT218)^(1/3)-1),"") | AQ254: =IFERROR(((AT254/AT194)^(1/5)-1),"") | AR254: =IFERROR(((AT254/AT134)^(1/10)-1),"") | AS254: =IFERROR(((AT254/AT14)^(1/20)-1),"") | AT254: =IF(CPI_Downloader!P252="","",CPI_Downloader!P252) | AU254: =IFERROR((BA254/BA242-1),"") | AV254: =IFERROR((BA254/BA253-1),"") | AW254: =IFERROR(((BA254/BA218)^(1/3)-1),"") | AX254: =IFERROR(((BA254/BA194)^(1/5)-1),"") | AY254: =IFERROR(((BA254/BA134)^(1/10)-1),"") | AZ254: =IFERROR(((BA254/BA14)^(1/20)-1),"") | BA254: =IF(CPI_Downloader!Q252="","",CPI_Downloader!Q252)
A255: =IF(CPI_Downloader!A253="","",CPI_Downloader!A253) -> 12389 | B255: =IFERROR((I255/I243-1),"") -> 0.0076335878 | C255: =IFERROR((J255/J254-1),"") | D255: =IFERROR(((I255/I219)^(1/3)-1),"") -> -0.064057105 | E255: =IFERROR(((I255/I195)^(1/5)-1),"") -> -0.050454972 | F255: =IFERROR(((I255/I135)^(1/10)-1),"") -> -0.02668642 | G255: =IFERROR(((I255/I15)^(1/20)-1),"") -> 0.013978383 | H255: =IFERROR(('CDN Data'!B255),"") -> -0.02739726 | I255: =IF(CPI_Downloader!G253="","",CPI_Downloader!G253) -> 13.2 | J255: =IF(CPI_Downloader!H253="","",CPI_Downloader!H253) | L255: =A255 -> 12389 | M255: =IFERROR((T255/T243-1),"") | N255: =IFERROR((U255/U254-1),"") | O255: =IFERROR(((T255/T219)^(1/3)-1),"") | P255: =IFERROR(((T255/T195)^(1/5)-1),"") | Q255: =IFERROR(((T255/T135)^(1/10)-1),"") | R255: =IFERROR(((T255/T15)^(1/20)-1),"") | S255: =IFERROR(('CDN Data'!M243),"") | T255: =IF(CPI_Downloader!I253="","",CPI_Downloader!I253) | U255: =IF(CPI_Downloader!J253="","",CPI_Downloader!J253) | W255: =IFERROR((AVERAGE(Y244:Y255)/100),"") | X255: =IFERROR((Y255/100),"") | Y255: =IF(CPI_Downloader!K253="","",CPI_Downloader!K253) | AA255: =IFERROR((AB255/100),"") | AB255: =IF(CPI_Downloader!M253="","",CPI_Downloader!M253) | AC255: =IF(CPI_Downloader!L253="","",CPI_Downloader!L253/100) | AE255: 0 | AI255: =IFERROR((AJ255/AJ254-1),"") | AJ255: =IF(CPI_Downloader!N253="","",CPI_Downloader!N253) | AL255: =IF(CPI_Downloader!O253="","",CPI_Downloader!O253) | AN255: =IFERROR((AT255/AT243-1),"") | AO255: =IFERROR((AT255/AT254-1),"") | AP255: =IFERROR(((AT255/AT219)^(1/3)-1),"") | AQ255: =IFERROR(((AT255/AT195)^(1/5)-1),"") | AR255: =IFERROR(((AT255/AT135)^(1/10)-1),"") | AS255: =IFERROR(((AT255/AT15)^(1/20)-1),"") | AT255: =IF(CPI_Downloader!P253="","",CPI_Downloader!P253) | AU255: =IFERROR((BA255/BA243-1),"") | AV255: =IFERROR((BA255/BA254-1),"") | AW255: =IFERROR(((BA255/BA219)^(1/3)-1),"") | AX255: =IFERROR(((BA255/BA195)^(1/5)-1),"") | AY255: =IFERROR(((BA255/BA135)^(1/10)-1),"") | AZ255: =IFERROR(((BA255/BA15)^(1/20)-1),"") | BA255: =IF(CPI_Downloader!Q253="","",CPI_Downloader!Q253)
... A1364: =IF(CPI_Downloader!A1362="","",CPI_Downloader!A1362) -> 46143 | B1364: =IFERROR((I1364/I1352-1),"") | C1364: =IFERROR((J1364/J1363-1),"") | D1364: =IFERROR(((I1364/I1328)^(1/3)-1),"") | E1364: =IFERROR(((I1364/I1304)^(1/5)-1),"") | F1364: =IFERROR(((I1364/I1244)^(1/10)-1),"") | G1364: =IFERROR(((I1364/I1124)^(1/20)-1),"") | H1364: =IFERROR(('CDN Data'!B1364),"") | I1364: =IF(CPI_Downloader!G1362="","",CPI_Downloader!G1362) | J1364: =IF(CPI_Downloader!H1362="","",CPI_Downloader!H1362) | L1364: =A1364 -> 46143 | M1364: =IFERROR((T1364/T1352-1),"") | N1364: =IFERROR((U1364/U1363-1),"") | O1364: =IFERROR(((T1364/T1328)^(1/3)-1),"") | P1364: =IFERROR(((T1364/T1304)^(1/5)-1),"") | Q1364: =IFERROR(((T1364/T1244)^(1/10)-1),"") | R1364: =IFERROR(((T1364/T1124)^(1/20)-1),"") | S1364: =IFERROR(('CDN Data'!M1352),"") -> 0.025759577 | T1364: =IF(CPI_Downloader!I1362="","",CPI_Downloader!I1362) | U1364: =IF(CPI_Downloader!J1362="","",CPI_Downloader!J1362) | W1364: =IFERROR((AVERAGE(Y1353:Y1364)/100),"") -> 0.0433 | X1364: =IFERROR((Y1364/100),"") | Y1364: =IF(CPI_Downloader!K1362="","",CPI_Downloader!K1362) | AA1364: =IFERROR((AB1364/100),"") -> 0.0375 | AB1364: =IF(CPI_Downloader!M1362="","",CPI_Downloader!M1362) -> 3.75 | AC1364: =IF(CPI_Downloader!L1362="","",CPI_Downloader!L1362/100) | AE1364: 0 | AI1364: =IFERROR((AJ1364/AJ1363-1),"") -> 0.031066679 | AJ1364: =IF(CPI_Downloader!N1362="","",CPI_Downloader!N1362) -> 7432.97 | AL1364: =IF(CPI_Downloader!O1362="","",CPI_Downloader!O1362) -> 0.53 | AN1364: =IFERROR((AT1364/AT1352-1),"") | AO1364: =IFERROR((AT1364/AT1363-1),"") | AP1364: =IFERROR(((AT1364/AT1328)^(1/3)-1),"") | AQ1364: =IFERROR(((AT1364/AT1304)^(1/5)-1),"") | AR1364: =IFERROR(((AT1364/AT1244)^(1/10)-1),"") | AS1364: =IFERROR(((AT1364/AT1124)^(1/20)-1),"") | AT1364: =IF(CPI_Downloader!P1362="","",CPI_Downloader!P1362) | AU1364: =IFERROR((BA1364/BA1352-1),"") | AV1364: =IFERROR((BA1364/BA1363-1),"") | AW1364: =IFERROR(((BA1364/BA1328)^(1/3)-1),"") | AX1364: =IFERROR(((BA1364/BA1304)^(1/5)-1),"") | AY1364: =IFERROR(((BA1364/BA1244)^(1/10)-1),"") | AZ1364: =IFERROR(((BA1364/BA1124)^(1/20)-1),"") | BA1364: =IF(CPI_Downloader!Q1362="","",CPI_Downloader!Q1362)
A1365: =IF(CPI_Downloader!A1363="","",CPI_Downloader!A1363) -> 46174 | B1365: =IFERROR((I1365/I1353-1),"") | C1365: =IFERROR((J1365/J1364-1),"") | D1365: =IFERROR(((I1365/I1329)^(1/3)-1),"") | E1365: =IFERROR(((I1365/I1305)^(1/5)-1),"") | F1365: =IFERROR(((I1365/I1245)^(1/10)-1),"") | G1365: =IFERROR(((I1365/I1125)^(1/20)-1),"") | H1365: =IFERROR(('CDN Data'!B1365),"") | I1365: =IF(CPI_Downloader!G1363="","",CPI_Downloader!G1363) | J1365: =IF(CPI_Downloader!H1363="","",CPI_Downloader!H1363) | L1365: =A1365 -> 46174 | M1365: =IFERROR((T1365/T1353-1),"") | N1365: =IFERROR((U1365/U1364-1),"") | O1365: =IFERROR(((T1365/T1329)^(1/3)-1),"") | P1365: =IFERROR(((T1365/T1305)^(1/5)-1),"") | Q1365: =IFERROR(((T1365/T1245)^(1/10)-1),"") | R1365: =IFERROR(((T1365/T1125)^(1/20)-1),"") | S1365: =IFERROR(('CDN Data'!M1353),"") -> 0.026420079 | T1365: =IF(CPI_Downloader!I1363="","",CPI_Downloader!I1363) | U1365: =IF(CPI_Downloader!J1363="","",CPI_Downloader!J1363) | W1365: =IFERROR((AVERAGE(Y1354:Y1365)/100),"") -> 0.043555556 | X1365: =IFERROR((Y1365/100),"") | Y1365: =IF(CPI_Downloader!K1363="","",CPI_Downloader!K1363) | AA1365: =IFERROR((AB1365/100),"") | AB1365: =IF(CPI_Downloader!M1363="","",CPI_Downloader!M1363) | AC1365: =IF(CPI_Downloader!L1363="","",CPI_Downloader!L1363/100) | AI1365: =IFERROR((AJ1365/AJ1364-1),"") | AJ1365: =IF(CPI_Downloader!N1363="","",CPI_Downloader!N1363) | AL1365: =IF(CPI_Downloader!O1363="","",CPI_Downloader!O1363) | AN1365: =IFERROR((AT1365/AT1353-1),"") | AO1365: =IFERROR((AT1365/AT1364-1),"") | AP1365: =IFERROR(((AT1365/AT1329)^(1/3)-1),"") | AQ1365: =IFERROR(((AT1365/AT1305)^(1/5)-1),"") | AR1365: =IFERROR(((AT1365/AT1245)^(1/10)-1),"") | AS1365: =IFERROR(((AT1365/AT1125)^(1/20)-1),"") | AT1365: =IF(CPI_Downloader!P1363="","",CPI_Downloader!P1363) | AU1365: =IFERROR((BA1365/BA1353-1),"") | AV1365: =IFERROR((BA1365/BA1364-1),"") | AW1365: =IFERROR(((BA1365/BA1329)^(1/3)-1),"") | AX1365: =IFERROR(((BA1365/BA1305)^(1/5)-1),"") | AY1365: =IFERROR(((BA1365/BA1245)^(1/10)-1),"") | AZ1365: =IFERROR(((BA1365/BA1125)^(1/20)-1),"") | BA1365: =IF(CPI_Downloader!Q1363="","",CPI_Downloader!Q1363)
A1366: =IF(CPI_Downloader!A1364="","",CPI_Downloader!A1364) -> 46204 | B1366: =IFERROR((I1366/I1354-1),"") | C1366: =IFERROR((J1366/J1365-1),"") | D1366: =IFERROR(((I1366/I1330)^(1/3)-1),"") | E1366: =IFERROR(((I1366/I1306)^(1/5)-1),"") | F1366: =IFERROR(((I1366/I1246)^(1/10)-1),"") | G1366: =IFERROR(((I1366/I1126)^(1/20)-1),"") | H1366: =IFERROR(('CDN Data'!B1366),"") | I1366: =IF(CPI_Downloader!G1364="","",CPI_Downloader!G1364) | J1366: =IF(CPI_Downloader!H1364="","",CPI_Downloader!H1364) | L1366: =A1366 -> 46204 | M1366: =IFERROR((T1366/T1354-1),"") | N1366: =IFERROR((U1366/U1365-1),"") | O1366: =IFERROR(((T1366/T1330)^(1/3)-1),"") | P1366: =IFERROR(((T1366/T1306)^(1/5)-1),"") | Q1366: =IFERROR(((T1366/T1246)^(1/10)-1),"") | R1366: =IFERROR(((T1366/T1126)^(1/20)-1),"") | S1366: =IFERROR(('CDN Data'!M1354),"") -> 0.025 | T1366: =IF(CPI_Downloader!I1364="","",CPI_Downloader!I1364) | U1366: =IF(CPI_Downloader!J1364="","",CPI_Downloader!J1364) | W1366: =IFERROR((AVERAGE(Y1355:Y1366)/100),"") -> 0.043625 | X1366: =IFERROR((Y1366/100),"") | Y1366: =IF(CPI_Downloader!K1364="","",CPI_Downloader!K1364) | AA1366: =IFERROR((AB1366/100),"") | AB1366: =IF(CPI_Downloader!M1364="","",CPI_Downloader!M1364) | AC1366: =IF(CPI_Downloader!L1364="","",CPI_Downloader!L1364/100) | AI1366: =IFERROR((AJ1366/AJ1365-1),"") | AJ1366: =IF(CPI_Downloader!N1364="","",CPI_Downloader!N1364) | AL1366: =IF(CPI_Downloader!O1364="","",CPI_Downloader!O1364) | AN1366: =IFERROR((AT1366/AT1354-1),"") | AO1366: =IFERROR((AT1366/AT1365-1),"") | AP1366: =IFERROR(((AT1366/AT1330)^(1/3)-1),"") | AQ1366: =IFERROR(((AT1366/AT1306)^(1/5)-1),"") | AR1366: =IFERROR(((AT1366/AT1246)^(1/10)-1),"") | AS1366: =IFERROR(((AT1366/AT1126)^(1/20)-1),"") | AT1366: =IF(CPI_Downloader!P1364="","",CPI_Downloader!P1364) | AU1366: =IFERROR((BA1366/BA1354-1),"") | AV1366: =IFERROR((BA1366/BA1365-1),"") | AW1366: =IFERROR(((BA1366/BA1330)^(1/3)-1),"") | AX1366: =IFERROR(((BA1366/BA1306)^(1/5)-1),"") | AY1366: =IFERROR(((BA1366/BA1246)^(1/10)-1),"") | AZ1366: =IFERROR(((BA1366/BA1126)^(1/20)-1),"") | BA1366: =IF(CPI_Downloader!Q1364="","",CPI_Downloader!Q1364)
A1367: =IF(CPI_Downloader!A1365="","",CPI_Downloader!A1365) | B1367: =IFERROR((I1367/I1355-1),"") | C1367: =IFERROR((J1367/J1366-1),"") | D1367: =IFERROR(((I1367/I1331)^(1/3)-1),"") | E1367: =IFERROR(((I1367/I1307)^(1/5)-1),"") | F1367: =IFERROR(((I1367/I1247)^(1/10)-1),"") | G1367: =IFERROR(((I1367/I1127)^(1/20)-1),"") | H1367: =IFERROR(('CDN Data'!B1367),"") | I1367: =IF(CPI_Downloader!G1365="","",CPI_Downloader!G1365) | J1367: =IF(CPI_Downloader!H1365="","",CPI_Downloader!H1365) | L1367: =A1367 | M1367: =IFERROR((T1367/T1355-1),"") | N1367: =IFERROR((U1367/U1366-1),"") | O1367: =IFERROR(((T1367/T1331)^(1/3)-1),"") | P1367: =IFERROR(((T1367/T1307)^(1/5)-1),"") | Q1367: =IFERROR(((T1367/T1247)^(1/10)-1),"") | R1367: =IFERROR(((T1367/T1127)^(1/20)-1),"") | S1367: =IFERROR(('CDN Data'!M1355),"") -> 0.024374177 | T1367: =IF(CPI_Downloader!I1365="","",CPI_Downloader!I1365) | U1367: =IF(CPI_Downloader!J1365="","",CPI_Downloader!J1365) | W1367: =IFERROR((AVERAGE(Y1356:Y1367)/100),"") -> 0.043714286 | X1367: =IFERROR((Y1367/100),"") | Y1367: =IF(CPI_Downloader!K1365="","",CPI_Downloader!K1365) | AA1367: =IFERROR((AB1367/100),"") | AB1367: =IF(CPI_Downloader!M1365="","",CPI_Downloader!M1365) | AC1367: =IF(CPI_Downloader!L1365="","",CPI_Downloader!L1365/100) | AI1367: =IFERROR((AJ1367/AJ1366-1),"") | AJ1367: =IF(CPI_Downloader!N1365="","",CPI_Downloader!N1365) | AL1367: =IF(CPI_Downloader!O1365="","",CPI_Downloader!O1365) | AN1367: =IFERROR((AT1367/AT1355-1),"") | AO1367: =IFERROR((AT1367/AT1366-1),"") | AP1367: =IFERROR(((AT1367/AT1331)^(1/3)-1),"") | AQ1367: =IFERROR(((AT1367/AT1307)^(1/5)-1),"") | AR1367: =IFERROR(((AT1367/AT1247)^(1/10)-1),"") | AS1367: =IFERROR(((AT1367/AT1127)^(1/20)-1),"") | AT1367: =IF(CPI_Downloader!P1365="","",CPI_Downloader!P1365) | AU1367: =IFERROR((BA1367/BA1355-1),"") | AV1367: =IFERROR((BA1367/BA1366-1),"") | AW1367: =IFERROR(((BA1367/BA1331)^(1/3)-1),"") | AX1367: =IFERROR(((BA1367/BA1307)^(1/5)-1),"") | AY1367: =IFERROR(((BA1367/BA1247)^(1/10)-1),"") | AZ1367: =IFERROR(((BA1367/BA1127)^(1/20)-1),"") | BA1367: =IF(CPI_Downloader!Q1365="","",CPI_Downloader!Q1365)
A1368: =IF(CPI_Downloader!A1366="","",CPI_Downloader!A1366) | B1368: =IFERROR((I1368/I1356-1),"") | C1368: =IFERROR((J1368/J1367-1),"") | D1368: =IFERROR(((I1368/I1332)^(1/3)-1),"") | E1368: =IFERROR(((I1368/I1308)^(1/5)-1),"") | F1368: =IFERROR(((I1368/I1248)^(1/10)-1),"") | G1368: =IFERROR(((I1368/I1128)^(1/20)-1),"") | H1368: =IFERROR(('CDN Data'!B1368),"") | I1368: =IF(CPI_Downloader!G1366="","",CPI_Downloader!G1366) | J1368: =IF(CPI_Downloader!H1366="","",CPI_Downloader!H1366) | L1368: =A1368 | M1368: =IFERROR((T1368/T1356-1),"") | N1368: =IFERROR((U1368/U1367-1),"") | O1368: =IFERROR(((T1368/T1332)^(1/3)-1),"") | P1368: =IFERROR(((T1368/T1308)^(1/5)-1),"") | Q1368: =IFERROR(((T1368/T1248)^(1/10)-1),"") | R1368: =IFERROR(((T1368/T1128)^(1/20)-1),"") | S1368: =IFERROR(('CDN Data'!M1356),"") -> 0.024390244 | T1368: =IF(CPI_Downloader!I1366="","",CPI_Downloader!I1366) | U1368: =IF(CPI_Downloader!J1366="","",CPI_Downloader!J1366) | W1368: =IFERROR((AVERAGE(Y1357:Y1368)/100),"") -> 0.043666667 | X1368: =IFERROR((Y1368/100),"") | Y1368: =IF(CPI_Downloader!K1366="","",CPI_Downloader!K1366) | AA1368: =IFERROR((AB1368/100),"") | AB1368: =IF(CPI_Downloader!M1366="","",CPI_Downloader!M1366) | AC1368: =IF(CPI_Downloader!L1366="","",CPI_Downloader!L1366/100) | AI1368: =IFERROR((AJ1368/AJ1367-1),"") | AJ1368: =IF(CPI_Downloader!N1366="","",CPI_Downloader!N1366) | AL1368: =IF(CPI_Downloader!O1366="","",CPI_Downloader!O1366) | AN1368: =IFERROR((AT1368/AT1356-1),"") | AO1368: =IFERROR((AT1368/AT1367-1),"") | AP1368: =IFERROR(((AT1368/AT1332)^(1/3)-1),"") | AQ1368: =IFERROR(((AT1368/AT1308)^(1/5)-1),"") | AR1368: =IFERROR(((AT1368/AT1248)^(1/10)-1),"") | AS1368: =IFERROR(((AT1368/AT1128)^(1/20)-1),"") | AT1368: =IF(CPI_Downloader!P1366="","",CPI_Downloader!P1366) | AU1368: =IFERROR((BA1368/BA1356-1),"") | AV1368: =IFERROR((BA1368/BA1367-1),"") | AW1368: =IFERROR(((BA1368/BA1332)^(1/3)-1),"") | AX1368: =IFERROR(((BA1368/BA1308)^(1/5)-1),"") | AY1368: =IFERROR(((BA1368/BA1248)^(1/10)-1),"") | AZ1368: =IFERROR(((BA1368/BA1128)^(1/20)-1),"") | BA1368: =IF(CPI_Downloader!Q1366="","",CPI_Downloader!Q1366)
A1369: =IF(CPI_Downloader!A1367="","",CPI_Downloader!A1367) | B1369: =IFERROR((I1369/I1357-1),"") | C1369: =IFERROR((J1369/J1368-1),"") | D1369: =IFERROR(((I1369/I1333)^(1/3)-1),"") | E1369: =IFERROR(((I1369/I1309)^(1/5)-1),"") | F1369: =IFERROR(((I1369/I1249)^(1/10)-1),"") | G1369: =IFERROR(((I1369/I1129)^(1/20)-1),"") | H1369: =IFERROR(('CDN Data'!B1369),"") | I1369: =IF(CPI_Downloader!G1367="","",CPI_Downloader!G1367) | J1369: =IF(CPI_Downloader!H1367="","",CPI_Downloader!H1367) | L1369: =A1369 | M1369: =IFERROR((T1369/T1357-1),"") | N1369: =IFERROR((U1369/U1368-1),"") | O1369: =IFERROR(((T1369/T1333)^(1/3)-1),"") | P1369: =IFERROR(((T1369/T1309)^(1/5)-1),"") | Q1369: =IFERROR(((T1369/T1249)^(1/10)-1),"") | R1369: =IFERROR(((T1369/T1129)^(1/20)-1),"") | S1369: =IFERROR(('CDN Data'!M1357),"") -> 0.026902887 | T1369: =IF(CPI_Downloader!I1367="","",CPI_Downloader!I1367) | U1369: =IF(CPI_Downloader!J1367="","",CPI_Downloader!J1367) | W1369: =IFERROR((AVERAGE(Y1358:Y1369)/100),"") -> 0.043666667 | X1369: =IFERROR((Y1369/100),"") | Y1369: =IF(CPI_Downloader!K1367="","",CPI_Downloader!K1367) | AA1369: =IFERROR((AB1369/100),"") | AB1369: =IF(CPI_Downloader!M1367="","",CPI_Downloader!M1367) | AC1369: =IF(CPI_Downloader!L1367="","",CPI_Downloader!L1367/100) | AI1369: =IFERROR((AJ1369/AJ1368-1),"") | AJ1369: =IF(CPI_Downloader!N1367="","",CPI_Downloader!N1367) | AL1369: =IF(CPI_Downloader!O1367="","",CPI_Downloader!O1367) | AN1369: =IFERROR((AT1369/AT1357-1),"") | AO1369: =IFERROR((AT1369/AT1368-1),"") | AP1369: =IFERROR(((AT1369/AT1333)^(1/3)-1),"") | AQ1369: =IFERROR(((AT1369/AT1309)^(1/5)-1),"") | AR1369: =IFERROR(((AT1369/AT1249)^(1/10)-1),"") | AS1369: =IFERROR(((AT1369/AT1129)^(1/20)-1),"") | AT1369: =IF(CPI_Downloader!P1367="","",CPI_Downloader!P1367) | AU1369: =IFERROR((BA1369/BA1357-1),"") | AV1369: =IFERROR((BA1369/BA1368-1),"") | AW1369: =IFERROR(((BA1369/BA1333)^(1/3)-1),"") | AX1369: =IFERROR(((BA1369/BA1309)^(1/5)-1),"") | AY1369: =IFERROR(((BA1369/BA1249)^(1/10)-1),"") | AZ1369: =IFERROR(((BA1369/BA1129)^(1/20)-1),"") | BA1369: =IF(CPI_Downloader!Q1367="","",CPI_Downloader!Q1367)
A1370: =IF(CPI_Downloader!A1368="","",CPI_Downloader!A1368) | B1370: =IFERROR((I1370/I1358-1),"") | C1370: =IFERROR((J1370/J1369-1),"") | D1370: =IFERROR(((I1370/I1334)^(1/3)-1),"") | E1370: =IFERROR(((I1370/I1310)^(1/5)-1),"") | F1370: =IFERROR(((I1370/I1250)^(1/10)-1),"") | G1370: =IFERROR(((I1370/I1130)^(1/20)-1),"") | H1370: =IFERROR(('CDN Data'!B1370),"") | I1370: =IF(CPI_Downloader!G1368="","",CPI_Downloader!G1368) | J1370: =IF(CPI_Downloader!H1368="","",CPI_Downloader!H1368) | L1370: =A1370 | M1370: =IFERROR((T1370/T1358-1),"") | N1370: =IFERROR((U1370/U1369-1),"") | O1370: =IFERROR(((T1370/T1334)^(1/3)-1),"") | P1370: =IFERROR(((T1370/T1310)^(1/5)-1),"") | Q1370: =IFERROR(((T1370/T1250)^(1/10)-1),"") | R1370: =IFERROR(((T1370/T1130)^(1/20)-1),"") | S1370: =IFERROR(('CDN Data'!M1358),"") -> 0.024310118 | T1370: =IF(CPI_Downloader!I1368="","",CPI_Downloader!I1368) | U1370: =IF(CPI_Downloader!J1368="","",CPI_Downloader!J1368) | W1370: =IFERROR((AVERAGE(Y1359:Y1370)/100),"") -> 0.0434 | X1370: =IFERROR((Y1370/100),"") | Y1370: =IF(CPI_Downloader!K1368="","",CPI_Downloader!K1368) | AA1370: =IFERROR((AB1370/100),"") | AB1370: =IF(CPI_Downloader!M1368="","",CPI_Downloader!M1368) | AC1370: =IF(CPI_Downloader!L1368="","",CPI_Downloader!L1368/100) | AI1370: =IFERROR((AJ1370/AJ1369-1),"") | AJ1370: =IF(CPI_Downloader!N1368="","",CPI_Downloader!N1368) | AL1370: =IF(CPI_Downloader!O1368="","",CPI_Downloader!O1368) | AN1370: =IFERROR((AT1370/AT1358-1),"") | AO1370: =IFERROR((AT1370/AT1369-1),"") | AP1370: =IFERROR(((AT1370/AT1334)^(1/3)-1),"") | AQ1370: =IFERROR(((AT1370/AT1310)^(1/5)-1),"") | AR1370: =IFERROR(((AT1370/AT1250)^(1/10)-1),"") | AS1370: =IFERROR(((AT1370/AT1130)^(1/20)-1),"") | AT1370: =IF(CPI_Downloader!P1368="","",CPI_Downloader!P1368) | AU1370: =IFERROR((BA1370/BA1358-1),"") | AV1370: =IFERROR((BA1370/BA1369-1),"") | AW1370: =IFERROR(((BA1370/BA1334)^(1/3)-1),"") | AX1370: =IFERROR(((BA1370/BA1310)^(1/5)-1),"") | AY1370: =IFERROR(((BA1370/BA1250)^(1/10)-1),"") | AZ1370: =IFERROR(((BA1370/BA1130)^(1/20)-1),"") | BA1370: =IF(CPI_Downloader!Q1368="","",CPI_Downloader!Q1368)
A1371: =IF(CPI_Downloader!A1369="","",CPI_Downloader!A1369) | B1371: =IFERROR((I1371/I1359-1),"") | C1371: =IFERROR((J1371/J1370-1),"") | D1371: =IFERROR(((I1371/I1335)^(1/3)-1),"") | E1371: =IFERROR(((I1371/I1311)^(1/5)-1),"") | F1371: =IFERROR(((I1371/I1251)^(1/10)-1),"") | G1371: =IFERROR(((I1371/I1131)^(1/20)-1),"") | H1371: =IFERROR(('CDN Data'!B1371),"") | I1371: =IF(CPI_Downloader!G1369="","",CPI_Downloader!G1369) | J1371: =IF(CPI_Downloader!H1369="","",CPI_Downloader!H1369) | L1371: =A1371 | M1371: =IFERROR((T1371/T1359-1),"") | N1371: =IFERROR((U1371/U1370-1),"") | O1371: =IFERROR(((T1371/T1335)^(1/3)-1),"") | P1371: =IFERROR(((T1371/T1311)^(1/5)-1),"") | Q1371: =IFERROR(((T1371/T1251)^(1/10)-1),"") | R1371: =IFERROR(((T1371/T1131)^(1/20)-1),"") | S1371: =IFERROR(('CDN Data'!M1359),"") -> 0.024983563 | T1371: =IF(CPI_Downloader!I1369="","",CPI_Downloader!I1369) | U1371: =IF(CPI_Downloader!J1369="","",CPI_Downloader!J1369) | W1371: =IFERROR((AVERAGE(Y1360:Y1371)/100),"") -> 0.04325 | X1371: =IFERROR((Y1371/100),"") | Y1371: =IF(CPI_Downloader!K1369="","",CPI_Downloader!K1369) | AA1371: =IFERROR((AB1371/100),"") | AB1371: =IF(CPI_Downloader!M1369="","",CPI_Downloader!M1369) | AC1371: =IF(CPI_Downloader!L1369="","",CPI_Downloader!L1369/100) | AI1371: =IFERROR((AJ1371/AJ1370-1),"") | AJ1371: =IF(CPI_Downloader!N1369="","",CPI_Downloader!N1369) | AL1371: =IF(CPI_Downloader!O1369="","",CPI_Downloader!O1369) | AN1371: =IFERROR((AT1371/AT1359-1),"") | AO1371: =IFERROR((AT1371/AT1370-1),"") | AP1371: =IFERROR(((AT1371/AT1335)^(1/3)-1),"") | AQ1371: =IFERROR(((AT1371/AT1311)^(1/5)-1),"") | AR1371: =IFERROR(((AT1371/AT1251)^(1/10)-1),"") | AS1371: =IFERROR(((AT1371/AT1131)^(1/20)-1),"") | AT1371: =IF(CPI_Downloader!P1369="","",CPI_Downloader!P1369) | AU1371: =IFERROR((BA1371/BA1359-1),"") | AV1371: =IFERROR((BA1371/BA1370-1),"") | AW1371: =IFERROR(((BA1371/BA1335)^(1/3)-1),"") | AX1371: =IFERROR(((BA1371/BA1311)^(1/5)-1),"") | AY1371: =IFERROR(((BA1371/BA1251)^(1/10)-1),"") | AZ1371: =IFERROR(((BA1371/BA1131)^(1/20)-1),"") | BA1371: =IF(CPI_Downloader!Q1369="","",CPI_Downloader!Q1369)
A1372: =IF(CPI_Downloader!A1370="","",CPI_Downloader!A1370) | B1372: =IFERROR((I1372/I1360-1),"") | C1372: =IFERROR((J1372/J1371-1),"") | D1372: =IFERROR(((I1372/I1336)^(1/3)-1),"") | E1372: =IFERROR(((I1372/I1312)^(1/5)-1),"") | F1372: =IFERROR(((I1372/I1252)^(1/10)-1),"") | G1372: =IFERROR(((I1372/I1132)^(1/20)-1),"") | H1372: =IFERROR(('CDN Data'!B1372),"") | I1372: =IF(CPI_Downloader!G1370="","",CPI_Downloader!G1370) | J1372: =IF(CPI_Downloader!H1370="","",CPI_Downloader!H1370) | L1372: =A1372 | M1372: =IFERROR((T1372/T1360-1),"") | N1372: =IFERROR((U1372/U1371-1),"") | O1372: =IFERROR(((T1372/T1336)^(1/3)-1),"") | P1372: =IFERROR(((T1372/T1312)^(1/5)-1),"") | Q1372: =IFERROR(((T1372/T1252)^(1/10)-1),"") | R1372: =IFERROR(((T1372/T1132)^(1/20)-1),"") | S1372: =IFERROR(('CDN Data'!M1360),"") -> 0.023684211 | T1372: =IF(CPI_Downloader!I1370="","",CPI_Downloader!I1370) | U1372: =IF(CPI_Downloader!J1370="","",CPI_Downloader!J1370) | W1372: =IFERROR((AVERAGE(Y1361:Y1372)/100),"") -> 0.043333333 | X1372: =IFERROR((Y1372/100),"") | Y1372: =IF(CPI_Downloader!K1370="","",CPI_Downloader!K1370) | AA1372: =IFERROR((AB1372/100),"") | AB1372: =IF(CPI_Downloader!M1370="","",CPI_Downloader!M1370) | AC1372: =IF(CPI_Downloader!L1370="","",CPI_Downloader!L1370/100) | AI1372: =IFERROR((AJ1372/AJ1371-1),"") | AJ1372: =IF(CPI_Downloader!N1370="","",CPI_Downloader!N1370) | AL1372: =IF(CPI_Downloader!O1370="","",CPI_Downloader!O1370) | AN1372: =IFERROR((AT1372/AT1360-1),"") | AO1372: =IFERROR((AT1372/AT1371-1),"") | AP1372: =IFERROR(((AT1372/AT1336)^(1/3)-1),"") | AQ1372: =IFERROR(((AT1372/AT1312)^(1/5)-1),"") | AR1372: =IFERROR(((AT1372/AT1252)^(1/10)-1),"") | AS1372: =IFERROR(((AT1372/AT1132)^(1/20)-1),"") | AT1372: =IF(CPI_Downloader!P1370="","",CPI_Downloader!P1370) | AU1372: =IFERROR((BA1372/BA1360-1),"") | AV1372: =IFERROR((BA1372/BA1371-1),"") | AW1372: =IFERROR(((BA1372/BA1336)^(1/3)-1),"") | AX1372: =IFERROR(((BA1372/BA1312)^(1/5)-1),"") | AY1372: =IFERROR(((BA1372/BA1252)^(1/10)-1),"") | AZ1372: =IFERROR(((BA1372/BA1132)^(1/20)-1),"") | BA1372: =IF(CPI_Downloader!Q1370="","",CPI_Downloader!Q1370)
A1373: =IF(CPI_Downloader!A1371="","",CPI_Downloader!A1371) | B1373: =IFERROR((I1373/I1361-1),"") | C1373: =IFERROR((J1373/J1372-1),"") | D1373: =IFERROR(((I1373/I1337)^(1/3)-1),"") | E1373: =IFERROR(((I1373/I1313)^(1/5)-1),"") | F1373: =IFERROR(((I1373/I1253)^(1/10)-1),"") | G1373: =IFERROR(((I1373/I1133)^(1/20)-1),"") | H1373: =IFERROR(('CDN Data'!B1373),"") | I1373: =IF(CPI_Downloader!G1371="","",CPI_Downloader!G1371) | J1373: =IF(CPI_Downloader!H1371="","",CPI_Downloader!H1371) | L1373: =A1373 | M1373: =IFERROR((T1373/T1361-1),"") | N1373: =IFERROR((U1373/U1372-1),"") | O1373: =IFERROR(((T1373/T1337)^(1/3)-1),"") | P1373: =IFERROR(((T1373/T1313)^(1/5)-1),"") | Q1373: =IFERROR(((T1373/T1253)^(1/10)-1),"") | R1373: =IFERROR(((T1373/T1133)^(1/20)-1),"") | S1373: =IFERROR(('CDN Data'!M1361),"") -> 0.019556714 | T1373: =IF(CPI_Downloader!I1371="","",CPI_Downloader!I1371) | U1373: =IF(CPI_Downloader!J1371="","",CPI_Downloader!J1371) | W1373: =IFERROR((AVERAGE(Y1362:Y1373)/100),"") -> 0.043 | X1373: =IFERROR((Y1373/100),"") | Y1373: =IF(CPI_Downloader!K1371="","",CPI_Downloader!K1371) | AA1373: =IFERROR((AB1373/100),"") | AB1373: =IF(CPI_Downloader!M1371="","",CPI_Downloader!M1371) | AC1373: =IF(CPI_Downloader!L1371="","",CPI_Downloader!L1371/100) | AI1373: =IFERROR((AJ1373/AJ1372-1),"") | AJ1373: =IF(CPI_Downloader!N1371="","",CPI_Downloader!N1371) | AL1373: =IF(CPI_Downloader!O1371="","",CPI_Downloader!O1371) | AN1373: =IFERROR((AT1373/AT1361-1),"") | AO1373: =IFERROR((AT1373/AT1372-1),"") | AP1373: =IFERROR(((AT1373/AT1337)^(1/3)-1),"") | AQ1373: =IFERROR(((AT1373/AT1313)^(1/5)-1),"") | AR1373: =IFERROR(((AT1373/AT1253)^(1/10)-1),"") | AS1373: =IFERROR(((AT1373/AT1133)^(1/20)-1),"") | AT1373: =IF(CPI_Downloader!P1371="","",CPI_Downloader!P1371) | AU1373: =IFERROR((BA1373/BA1361-1),"") | AV1373: =IFERROR((BA1373/BA1372-1),"") | AW1373: =IFERROR(((BA1373/BA1337)^(1/3)-1),"") | AX1373: =IFERROR(((BA1373/BA1313)^(1/5)-1),"") | AY1373: =IFERROR(((BA1373/BA1253)^(1/10)-1),"") | AZ1373: =IFERROR(((BA1373/BA1133)^(1/20)-1),"") | BA1373: =IF(CPI_Downloader!Q1371="","",CPI_Downloader!Q1371)
...

Sheet CDN Data
A1: SA = Seasonally Adjusted | B1: Headline = All items | E1: U | F1: http://www150.statcan.gc.ca/t1/tbl1/en/tv.action?pid=1810000401 | M1: Core = Food/Energy excluded | X1: Alberta
A2: U - Unadjusted | E2: SA | F2: http://www150.statcan.gc.ca/t1/tbl1/en/tv.action?pid=1810000601
A3: Month | B3: Annual - U | C3: Monthly - SA | D3: 3yr - U | E3: 5yr - U | F3: 10yr - U | G3: 20yr - U | H3: USA Annual - U | I3: Headline CPI - U | J3: Headline CPI - SA | L3: Month | M3: Annual - U | N3: Monthly - SA | O3: 3yr - U | P3: 5yr - U | Q3: 10yr - U | R3: 20yr - U | S3: USA Annual - U | T3: Core CPI - U | U3: Core CPI - SA | W3: Month | X3: Annual Headline CPI Alberta- U | Y3: 3yr Headline CPI Alberta - U | Z3: 5yr Headline CPI Alberta - U | AA3: 10yr Headline CPI Alberta - U | AB3: 20yr Headline CPI Alberta - U | AC3: Headline CPI Alberta - U
A4: =IF(CPI_Downloader!A2="","",CPI_Downloader!A2) -> 4750 | H4: =IF('US Data'!B4=0,"",'US Data'!B4) | I4: =IF(CPI_Downloader!B2="","",CPI_Downloader!B2) | J4: =IF(CPI_Downloader!C2="","",CPI_Downloader!C2) | L4: =A4 -> 4750 | S4: =IF('US Data'!M4=0,"",IFERROR(('US Data'!M4),"")) | T4: =IF(CPI_Downloader!D2="","",CPI_Downloader!D2) | U4: =IF(CPI_Downloader!E2="","",CPI_Downloader!E2) | W4: =A4 -> 4750 | AC4: =IF(CPI_Downloader!F2="","",CPI_Downloader!F2)
A5: =IF(CPI_Downloader!A3="","",CPI_Downloader!A3) -> 4781 | C5: =IFERROR((J5/J4-1),"") | H5: =IF('US Data'!B5=0,"",'US Data'!B5) | I5: =IF(CPI_Downloader!B3="","",CPI_Downloader!B3) | J5: =IF(CPI_Downloader!C3="","",CPI_Downloader!C3) | L5: =A5 -> 4781 | N5: =IFERROR((U5/U4-1),"") | S5: =IF('US Data'!M5=0,"",IFERROR(('US Data'!M5),"")) | T5: =IF(CPI_Downloader!D3="","",CPI_Downloader!D3) | U5: =IF(CPI_Downloader!E3="","",CPI_Downloader!E3) | W5: =A5 -> 4781 | AC5: =IF(CPI_Downloader!F3="","",CPI_Downloader!F3)
A6: =IF(CPI_Downloader!A4="","",CPI_Downloader!A4) -> 4809 | C6: =IFERROR((J6/J5-1),"") | H6: =IF('US Data'!B6=0,"",'US Data'!B6) | I6: =IF(CPI_Downloader!B4="","",CPI_Downloader!B4) | J6: =IF(CPI_Downloader!C4="","",CPI_Downloader!C4) | L6: =A6 -> 4809 | N6: =IFERROR((U6/U5-1),"") | S6: =IF('US Data'!M6=0,"",IFERROR(('US Data'!M6),"")) | T6: =IF(CPI_Downloader!D4="","",CPI_Downloader!D4) | U6: =IF(CPI_Downloader!E4="","",CPI_Downloader!E4) | W6: =A6 -> 4809 | AC6: =IF(CPI_Downloader!F4="","",CPI_Downloader!F4)
A7: =IF(CPI_Downloader!A5="","",CPI_Downloader!A5) -> 4840 | C7: =IFERROR((J7/J6-1),"") | H7: =IF('US Data'!B7=0,"",'US Data'!B7) | I7: =IF(CPI_Downloader!B5="","",CPI_Downloader!B5) | J7: =IF(CPI_Downloader!C5="","",CPI_Downloader!C5) | L7: =A7 -> 4840 | N7: =IFERROR((U7/U6-1),"") | S7: =IF('US Data'!M7=0,"",IFERROR(('US Data'!M7),"")) | T7: =IF(CPI_Downloader!D5="","",CPI_Downloader!D5) | U7: =IF(CPI_Downloader!E5="","",CPI_Downloader!E5) | W7: =A7 -> 4840 | AC7: =IF(CPI_Downloader!F5="","",CPI_Downloader!F5)
A8: =IF(CPI_Downloader!A6="","",CPI_Downloader!A6) -> 4870 | C8: =IFERROR((J8/J7-1),"") | H8: =IF('US Data'!B8=0,"",'US Data'!B8) | I8: =IF(CPI_Downloader!B6="","",CPI_Downloader!B6) | J8: =IF(CPI_Downloader!C6="","",CPI_Downloader!C6) | L8: =A8 -> 4870 | N8: =IFERROR((U8/U7-1),"") | S8: =IF('US Data'!M8=0,"",IFERROR(('US Data'!M8),"")) | T8: =IF(CPI_Downloader!D6="","",CPI_Downloader!D6) | U8: =IF(CPI_Downloader!E6="","",CPI_Downloader!E6) | W8: =A8 -> 4870 | AC8: =IF(CPI_Downloader!F6="","",CPI_Downloader!F6)
A9: =IF(CPI_Downloader!A7="","",CPI_Downloader!A7) -> 4901 | C9: =IFERROR((J9/J8-1),"") | H9: =IF('US Data'!B9=0,"",'US Data'!B9) | I9: =IF(CPI_Downloader!B7="","",CPI_Downloader!B7) | J9: =IF(CPI_Downloader!C7="","",CPI_Downloader!C7) | L9: =A9 -> 4901 | N9: =IFERROR((U9/U8-1),"") | S9: =IF('US Data'!M9=0,"",IFERROR(('US Data'!M9),"")) | T9: =IF(CPI_Downloader!D7="","",CPI_Downloader!D7) | U9: =IF(CPI_Downloader!E7="","",CPI_Downloader!E7) | W9: =A9 -> 4901 | AC9: =IF(CPI_Downloader!F7="","",CPI_Downloader!F7)
A10: =IF(CPI_Downloader!A8="","",CPI_Downloader!A8) -> 4931 | C10: =IFERROR((J10/J9-1),"") | H10: =IF('US Data'!B10=0,"",'US Data'!B10) | I10: =IF(CPI_Downloader!B8="","",CPI_Downloader!B8) | J10: =IF(CPI_Downloader!C8="","",CPI_Downloader!C8) | L10: =A10 -> 4931 | N10: =IFERROR((U10/U9-1),"") | S10: =IF('US Data'!M10=0,"",IFERROR(('US Data'!M10),"")) | T10: =IF(CPI_Downloader!D8="","",CPI_Downloader!D8) | U10: =IF(CPI_Downloader!E8="","",CPI_Downloader!E8) | W10: =A10 -> 4931 | AC10: =IF(CPI_Downloader!F8="","",CPI_Downloader!F8)
A11: =IF(CPI_Downloader!A9="","",CPI_Downloader!A9) -> 4962 | C11: =IFERROR((J11/J10-1),"") | H11: =IF('US Data'!B11=0,"",'US Data'!B11) | I11: =IF(CPI_Downloader!B9="","",CPI_Downloader!B9) | J11: =IF(CPI_Downloader!C9="","",CPI_Downloader!C9) | L11: =A11 -> 4962 | N11: =IFERROR((U11/U10-1),"") | S11: =IF('US Data'!M11=0,"",IFERROR(('US Data'!M11),"")) | T11: =IF(CPI_Downloader!D9="","",CPI_Downloader!D9) | U11: =IF(CPI_Downloader!E9="","",CPI_Downloader!E9) | W11: =A11 -> 4962 | AC11: =IF(CPI_Downloader!F9="","",CPI_Downloader!F9)
A12: =IF(CPI_Downloader!A10="","",CPI_Downloader!A10) -> 4993 | C12: =IFERROR((J12/J11-1),"") | H12: =IF('US Data'!B12=0,"",'US Data'!B12) | I12: =IF(CPI_Downloader!B10="","",CPI_Downloader!B10) | J12: =IF(CPI_Downloader!C10="","",CPI_Downloader!C10) | L12: =A12 -> 4993 | N12: =IFERROR((U12/U11-1),"") | S12: =IF('US Data'!M12=0,"",IFERROR(('US Data'!M12),"")) | T12: =IF(CPI_Downloader!D10="","",CPI_Downloader!D10) | U12: =IF(CPI_Downloader!E10="","",CPI_Downloader!E10) | W12: =A12 -> 4993 | AC12: =IF(CPI_Downloader!F10="","",CPI_Downloader!F10)
A13: =IF(CPI_Downloader!A11="","",CPI_Downloader!A11) -> 5023 | C13: =IFERROR((J13/J12-1),"") | H13: =IF('US Data'!B13=0,"",'US Data'!B13) | I13: =IF(CPI_Downloader!B11="","",CPI_Downloader!B11) | J13: =IF(CPI_Downloader!C11="","",CPI_Downloader!C11) | L13: =A13 -> 5023 | N13: =IFERROR((U13/U12-1),"") | S13: =IF('US Data'!M13=0,"",IFERROR(('US Data'!M13),"")) | T13: =IF(CPI_Downloader!D11="","",CPI_Downloader!D11) | U13: =IF(CPI_Downloader!E11="","",CPI_Downloader!E11) | W13: =A13 -> 5023 | AC13: =IF(CPI_Downloader!F11="","",CPI_Downloader!F11)
A14: =IF(CPI_Downloader!A12="","",CPI_Downloader!A12) -> 5054 | C14: =IFERROR((J14/J13-1),"") | H14: =IF('US Data'!B14=0,"",'US Data'!B14) | I14: =IF(CPI_Downloader!B12="","",CPI_Downloader!B12) | J14: =IF(CPI_Downloader!C12="","",CPI_Downloader!C12) | L14: =A14 -> 5054 | N14: =IFERROR((U14/U13-1),"") | S14: =IF('US Data'!M14=0,"",IFERROR(('US Data'!M14),"")) | T14: =IF(CPI_Downloader!D12="","",CPI_Downloader!D12) | U14: =IF(CPI_Downloader!E12="","",CPI_Downloader!E12) | W14: =A14 -> 5054 | AC14: =IF(CPI_Downloader!F12="","",CPI_Downloader!F12)
A15: =IF(CPI_Downloader!A13="","",CPI_Downloader!A13) -> 5084 | C15: =IFERROR((J15/J14-1),"") | H15: =IF('US Data'!B15=0,"",'US Data'!B15) | I15: =IF(CPI_Downloader!B13="","",CPI_Downloader!B13) | J15: =IF(CPI_Downloader!C13="","",CPI_Downloader!C13) | L15: =A15 -> 5084 | N15: =IFERROR((U15/U14-1),"") | S15: =IF('US Data'!M15=0,"",IFERROR(('US Data'!M15),"")) | T15: =IF(CPI_Downloader!D13="","",CPI_Downloader!D13) | U15: =IF(CPI_Downloader!E13="","",CPI_Downloader!E13) | W15: =A15 -> 5084 | AC15: =IF(CPI_Downloader!F13="","",CPI_Downloader!F13)
A16: =IF(CPI_Downloader!A14="","",CPI_Downloader!A14) -> 5115 | B16: =IFERROR((I16/I4-1),"") | C16: =IFERROR((J16/J15-1),"") | H16: ='US Data'!B16 -> 0.020408163 | I16: =IF(CPI_Downloader!B14="","",CPI_Downloader!B14) -> 6 | J16: =IF(CPI_Downloader!C14="","",CPI_Downloader!C14) | L16: =A16 -> 5115 | M16: =IFERROR((T16/T4-1),"") | N16: =IFERROR((U16/U15-1),"") | S16: =IFERROR(('US Data'!M16),"") | T16: =IF(CPI_Downloader!D14="","",CPI_Downloader!D14) | U16: =IF(CPI_Downloader!E14="","",CPI_Downloader!E14) | W16: =A16 -> 5115 | X16: =IFERROR((AC16/AC4-1),"") | AC16: =IF(CPI_Downloader!F14="","",CPI_Downloader!F14)
A17: =IF(CPI_Downloader!A15="","",CPI_Downloader!A15) -> 5146 | B17: =IFERROR((I17/I5-1),"") | C17: =IFERROR((J17/J16-1),"") | H17: ='US Data'!B17 -> 0.010204082 | I17: =IF(CPI_Downloader!B15="","",CPI_Downloader!B15) -> 6 | J17: =IF(CPI_Downloader!C15="","",CPI_Downloader!C15) | L17: =A17 -> 5146 | M17: =IFERROR((T17/T5-1),"") | N17: =IFERROR((U17/U16-1),"") | S17: =IFERROR(('US Data'!M17),"") | T17: =IF(CPI_Downloader!D15="","",CPI_Downloader!D15) | U17: =IF(CPI_Downloader!E15="","",CPI_Downloader!E15) | W17: =A17 -> 5146 | X17: =IFERROR((AC17/AC5-1),"") | AC17: =IF(CPI_Downloader!F15="","",CPI_Downloader!F15)
A18: =IF(CPI_Downloader!A16="","",CPI_Downloader!A16) -> 5174 | B18: =IFERROR((I18/I6-1),"") | C18: =IFERROR((J18/J17-1),"") | H18: ='US Data'!B18 -> 0.010204082 | I18: =IF(CPI_Downloader!B16="","",CPI_Downloader!B16) -> 6 | J18: =IF(CPI_Downloader!C16="","",CPI_Downloader!C16) | L18: =A18 -> 5174 | M18: =IFERROR((T18/T6-1),"") | N18: =IFERROR((U18/U17-1),"") | S18: =IFERROR(('US Data'!M18),"") | T18: =IF(CPI_Downloader!D16="","",CPI_Downloader!D16) | U18: =IF(CPI_Downloader!E16="","",CPI_Downloader!E16) | W18: =A18 -> 5174 | X18: =IFERROR((AC18/AC6-1),"") | AC18: =IF(CPI_Downloader!F16="","",CPI_Downloader!F16)
A19: =IF(CPI_Downloader!A17="","",CPI_Downloader!A17) -> 5205 | B19: =IFERROR((I19/I7-1),"") | C19: =IFERROR((J19/J18-1),"") | H19: ='US Data'!B19 -> 0 | I19: =IF(CPI_Downloader!B17="","",CPI_Downloader!B17) -> 6 | J19: =IF(CPI_Downloader!C17="","",CPI_Downloader!C17) | L19: =A19 -> 5205 | M19: =IFERROR((T19/T7-1),"") | N19: =IFERROR((U19/U18-1),"") | S19: =IFERROR(('US Data'!M19),"") | T19: =IF(CPI_Downloader!D17="","",CPI_Downloader!D17) | U19: =IF(CPI_Downloader!E17="","",CPI_Downloader!E17) | W19: =A19 -> 5205 | X19: =IFERROR((AC19/AC7-1),"") | AC19: =IF(CPI_Downloader!F17="","",CPI_Downloader!F17)
A20: =IF(CPI_Downloader!A18="","",CPI_Downloader!A18) -> 5235 | B20: =IFERROR((I20/I8-1),"") | C20: =IFERROR((J20/J19-1),"") | H20: ='US Data'!B20 -> 0.020618557 | I20: =IF(CPI_Downloader!B18="","",CPI_Downloader!B18) -> 5.9 | J20: =IF(CPI_Downloader!C18="","",CPI_Downloader!C18) | L20: =A20 -> 5235 | M20: =IFERROR((T20/T8-1),"") | N20: =IFERROR((U20/U19-1),"") | S20: =IFERROR(('US Data'!M20),"") | T20: =IF(CPI_Downloader!D18="","",CPI_Downloader!D18) | U20: =IF(CPI_Downloader!E18="","",CPI_Downloader!E18) | W20: =A20 -> 5235 | X20: =IFERROR((AC20/AC8-1),"") | AC20: =IF(CPI_Downloader!F18="","",CPI_Downloader!F18)
A21: =IF(CPI_Downloader!A19="","",CPI_Downloader!A19) -> 5266 | B21: =IFERROR((I21/I9-1),"") | C21: =IFERROR((J21/J20-1),"") | H21: ='US Data'!B21 -> 0.010204082 | I21: =IF(CPI_Downloader!B19="","",CPI_Downloader!B19) -> 6 | J21: =IF(CPI_Downloader!C19="","",CPI_Downloader!C19) | L21: =A21 -> 5266 | M21: =IFERROR((T21/T9-1),"") | N21: =IFERROR((U21/U20-1),"") | S21: =IFERROR(('US Data'!M21),"") | T21: =IF(CPI_Downloader!D19="","",CPI_Downloader!D19) | U21: =IF(CPI_Downloader!E19="","",CPI_Downloader!E19) | W21: =A21 -> 5266 | X21: =IFERROR((AC21/AC9-1),"") | AC21: =IF(CPI_Downloader!F19="","",CPI_Downloader!F19)
A22: =IF(CPI_Downloader!A20="","",CPI_Downloader!A20) -> 5296 | B22: =IFERROR((I22/I10-1),"") | C22: =IFERROR((J22/J21-1),"") | H22: ='US Data'!B22 -> 0.01010101 | I22: =IF(CPI_Downloader!B20="","",CPI_Downloader!B20) -> 5.9 | J22: =IF(CPI_Downloader!C20="","",CPI_Downloader!C20) | L22: =A22 -> 5296 | M22: =IFERROR((T22/T10-1),"") | N22: =IFERROR((U22/U21-1),"") | S22: =IFERROR(('US Data'!M22),"") | T22: =IF(CPI_Downloader!D20="","",CPI_Downloader!D20) | U22: =IF(CPI_Downloader!E20="","",CPI_Downloader!E20) | W22: =A22 -> 5296 | X22: =IFERROR((AC22/AC10-1),"") | AC22: =IF(CPI_Downloader!F20="","",CPI_Downloader!F20)
A23: =IF(CPI_Downloader!A21="","",CPI_Downloader!A21) -> 5327 | B23: =IFERROR((I23/I11-1),"") | C23: =IFERROR((J23/J22-1),"") | H23: ='US Data'!B23 -> 0.03030303 | I23: =IF(CPI_Downloader!B21="","",CPI_Downloader!B21) -> 6 | J23: =IF(CPI_Downloader!C21="","",CPI_Downloader!C21) | L23: =A23 -> 5327 | M23: =IFERROR((T23/T11-1),"") | N23: =IFERROR((U23/U22-1),"") | S23: =IFERROR(('US Data'!M23),"") | T23: =IF(CPI_Downloader!D21="","",CPI_Downloader!D21) | U23: =IF(CPI_Downloader!E21="","",CPI_Downloader!E21) | W23: =A23 -> 5327 | X23: =IFERROR((AC23/AC11-1),"") | AC23: =IF(CPI_Downloader!F21="","",CPI_Downloader!F21)
A24: =IF(CPI_Downloader!A22="","",CPI_Downloader!A22) -> 5358 | B24: =IFERROR((I24/I12-1),"") | C24: =IFERROR((J24/J23-1),"") | H24: ='US Data'!B24 -> 0.02 | I24: =IF(CPI_Downloader!B22="","",CPI_Downloader!B22) -> 6 | J24: =IF(CPI_Downloader!C22="","",CPI_Downloader!C22) | L24: =A24 -> 5358 | M24: =IFERROR((T24/T12-1),"") | N24: =IFERROR((U24/U23-1),"") | S24: =IFERROR(('US Data'!M24),"") | T24: =IF(CPI_Downloader!D22="","",CPI_Downloader!D22) | U24: =IF(CPI_Downloader!E22="","",CPI_Downloader!E22) | W24: =A24 -> 5358 | X24: =IFERROR((AC24/AC12-1),"") | AC24: =IF(CPI_Downloader!F22="","",CPI_Downloader!F22)
A25: =IF(CPI_Downloader!A23="","",CPI_Downloader!A23) -> 5388 | B25: =IFERROR((I25/I13-1),"") | C25: =IFERROR((J25/J24-1),"") | H25: ='US Data'!B25 -> 0.01 | I25: =IF(CPI_Downloader!B23="","",CPI_Downloader!B23) -> 6.1 | J25: =IF(CPI_Downloader!C23="","",CPI_Downloader!C23) | L25: =A25 -> 5388 | M25: =IFERROR((T25/T13-1),"") | N25: =IFERROR((U25/U24-1),"") | S25: =IFERROR(('US Data'!M25),"") | T25: =IF(CPI_Downloader!D23="","",CPI_Downloader!D23) | U25: =IF(CPI_Downloader!E23="","",CPI_Downloader!E23) | W25: =A25 -> 5388 | X25: =IFERROR((AC25/AC13-1),"") | AC25: =IF(CPI_Downloader!F23="","",CPI_Downloader!F23)
A26: =IF(CPI_Downloader!A24="","",CPI_Downloader!A24) -> 5419 | B26: =IFERROR((I26/I14-1),"") | C26: =IFERROR((J26/J25-1),"") | H26: ='US Data'!B26 -> 0.0099009901 | I26: =IF(CPI_Downloader!B24="","",CPI_Downloader!B24) -> 6.1 | J26: =IF(CPI_Downloader!C24="","",CPI_Downloader!C24) | L26: =A26 -> 5419 | M26: =IFERROR((T26/T14-1),"") | N26: =IFERROR((U26/U25-1),"") | S26: =IFERROR(('US Data'!M26),"") | T26: =IF(CPI_Downloader!D24="","",CPI_Downloader!D24) | U26: =IF(CPI_Downloader!E24="","",CPI_Downloader!E24) | W26: =A26 -> 5419 | X26: =IFERROR((AC26/AC14-1),"") | AC26: =IF(CPI_Downloader!F24="","",CPI_Downloader!F24)
A27: =IF(CPI_Downloader!A25="","",CPI_Downloader!A25) -> 5449 | B27: =IFERROR((I27/I15-1),"") | C27: =IFERROR((J27/J26-1),"") | H27: ='US Data'!B27 -> 0.01 | I27: =IF(CPI_Downloader!B25="","",CPI_Downloader!B25) -> 6.1 | J27: =IF(CPI_Downloader!C25="","",CPI_Downloader!C25) | L27: =A27 -> 5449 | M27: =IFERROR((T27/T15-1),"") | N27: =IFERROR((U27/U26-1),"") | S27: =IFERROR(('US Data'!M27),"") | T27: =IF(CPI_Downloader!D25="","",CPI_Downloader!D25) | U27: =IF(CPI_Downloader!E25="","",CPI_Downloader!E25) | W27: =A27 -> 5449 | X27: =IFERROR((AC27/AC15-1),"") | AC27: =IF(CPI_Downloader!F25="","",CPI_Downloader!F25)
... A39: =IF(CPI_Downloader!A37="","",CPI_Downloader!A37) -> 5814 | B39: =IFERROR((I39/I27-1),"") -> 0.032786885 | C39: =IFERROR((J39/J38-1),"") | H39: ='US Data'!B39 -> 0.01980198 | I39: =IF(CPI_Downloader!B37="","",CPI_Downloader!B37) -> 6.3 | J39: =IF(CPI_Downloader!C37="","",CPI_Downloader!C37) | L39: =A39 -> 5814 | M39: =IFERROR((T39/T27-1),"") | N39: =IFERROR((U39/U38-1),"") | S39: =IFERROR(('US Data'!M39),"") | T39: =IF(CPI_Downloader!D37="","",CPI_Downloader!D37) | U39: =IF(CPI_Downloader!E37="","",CPI_Downloader!E37) | W39: =A39 -> 5814 | X39: =IFERROR((AC39/AC27-1),"") | AC39: =IF(CPI_Downloader!F37="","",CPI_Downloader!F37)
A40: =IF(CPI_Downloader!A38="","",CPI_Downloader!A38) -> 5845 | B40: =IFERROR((I40/I28-1),"") -> 0.049180328 | C40: =IFERROR((J40/J39-1),"") | D40: =IFERROR(((I40/I4)^(1/3)-1),"") | H40: ='US Data'!B40 -> 0.02970297 | I40: =IF(CPI_Downloader!B38="","",CPI_Downloader!B38) -> 6.4 | J40: =IF(CPI_Downloader!C38="","",CPI_Downloader!C38) | L40: =A40 -> 5845 | M40: =IFERROR((T40/T28-1),"") | N40: =IFERROR((U40/U39-1),"") | O40: =IFERROR(((T40/T4)^(1/3)-1),"") | S40: =IFERROR(('US Data'!M40),"") | T40: =IF(CPI_Downloader!D38="","",CPI_Downloader!D38) | U40: =IF(CPI_Downloader!E38="","",CPI_Downloader!E38) | W40: =A40 -> 5845 | X40: =IFERROR((AC40/AC28-1),"") | Y40: =IFERROR(((AC40/AC4)^(1/3)-1),"") | AC40: =IF(CPI_Downloader!F38="","",CPI_Downloader!F38)
A41: =IF(CPI_Downloader!A39="","",CPI_Downloader!A39) -> 5876 | B41: =IFERROR((I41/I29-1),"") -> 0.06557377 | C41: =IFERROR((J41/J40-1),"") | D41: =IFERROR(((I41/I5)^(1/3)-1),"") | H41: ='US Data'!B41 -> 0.04 | I41: =IF(CPI_Downloader!B39="","",CPI_Downloader!B39) -> 6.5 | J41: =IF(CPI_Downloader!C39="","",CPI_Downloader!C39) | L41: =A41 -> 5876 | M41: =IFERROR((T41/T29-1),"") | N41: =IFERROR((U41/U40-1),"") | O41: =IFERROR(((T41/T5)^(1/3)-1),"") | S41: =IFERROR(('US Data'!M41),"") | T41: =IF(CPI_Downloader!D39="","",CPI_Downloader!D39) | U41: =IF(CPI_Downloader!E39="","",CPI_Downloader!E39) | W41: =A41 -> 5876 | X41: =IFERROR((AC41/AC29-1),"") | Y41: =IFERROR(((AC41/AC5)^(1/3)-1),"") | AC41: =IF(CPI_Downloader!F39="","",CPI_Downloader!F39)
A42: =IF(CPI_Downloader!A40="","",CPI_Downloader!A40) -> 5905 | B42: =IFERROR((I42/I30-1),"") -> 0.06557377 | C42: =IFERROR((J42/J41-1),"") | D42: =IFERROR(((I42/I6)^(1/3)-1),"") | H42: ='US Data'!B42 -> 0.060606061 | I42: =IF(CPI_Downloader!B40="","",CPI_Downloader!B40) -> 6.5 | J42: =IF(CPI_Downloader!C40="","",CPI_Downloader!C40) | L42: =A42 -> 5905 | M42: =IFERROR((T42/T30-1),"") | N42: =IFERROR((U42/U41-1),"") | O42: =IFERROR(((T42/T6)^(1/3)-1),"") | S42: =IFERROR(('US Data'!M42),"") | T42: =IF(CPI_Downloader!D40="","",CPI_Downloader!D40) | U42: =IF(CPI_Downloader!E40="","",CPI_Downloader!E40) | W42: =A42 -> 5905 | X42: =IFERROR((AC42/AC30-1),"") | Y42: =IFERROR(((AC42/AC6)^(1/3)-1),"") | AC42: =IF(CPI_Downloader!F40="","",CPI_Downloader!F40)
A43: =IF(CPI_Downloader!A41="","",CPI_Downloader!A41) -> 5936 | B43: =IFERROR((I43/I31-1),"") -> 0.06557377 | C43: =IFERROR((J43/J42-1),"") | D43: =IFERROR(((I43/I7)^(1/3)-1),"") | H43: ='US Data'!B43 -> 0.06 | I43: =IF(CPI_Downloader!B41="","",CPI_Downloader!B41) -> 6.5 | J43: =IF(CPI_Downloader!C41="","",CPI_Downloader!C41) | L43: =A43 -> 5936 | M43: =IFERROR((T43/T31-1),"") | N43: =IFERROR((U43/U42-1),"") | O43: =IFERROR(((T43/T7)^(1/3)-1),"") | S43: =IFERROR(('US Data'!M43),"") | T43: =IF(CPI_Downloader!D41="","",CPI_Downloader!D41) | U43: =IF(CPI_Downloader!E41="","",CPI_Downloader!E41) | W43: =A43 -> 5936 | X43: =IFERROR((AC43/AC31-1),"") | Y43: =IFERROR(((AC43/AC7)^(1/3)-1),"") | AC43: =IF(CPI_Downloader!F41="","",CPI_Downloader!F41)
A44: =IF(CPI_Downloader!A42="","",CPI_Downloader!A42) -> 5966 | B44: =IFERROR((I44/I32-1),"") -> 0.06557377 | C44: =IFERROR((J44/J43-1),"") | D44: =IFERROR(((I44/I8)^(1/3)-1),"") | H44: ='US Data'!B44 -> 0.059405941 | I44: =IF(CPI_Downloader!B42="","",CPI_Downloader!B42) -> 6.5 | J44: =IF(CPI_Downloader!C42="","",CPI_Downloader!C42) | L44: =A44 -> 5966 | M44: =IFERROR((T44/T32-1),"") | N44: =IFERROR((U44/U43-1),"") | O44: =IFERROR(((T44/T8)^(1/3)-1),"") | S44: =IFERROR(('US Data'!M44),"") | T44: =IF(CPI_Downloader!D42="","",CPI_Downloader!D42) | U44: =IF(CPI_Downloader!E42="","",CPI_Downloader!E42) | W44: =A44 -> 5966 | X44: =IFERROR((AC44/AC32-1),"") | Y44: =IFERROR(((AC44/AC8)^(1/3)-1),"") | AC44: =IF(CPI_Downloader!F42="","",CPI_Downloader!F42)
A45: =IF(CPI_Downloader!A43="","",CPI_Downloader!A43) -> 5997 | B45: =IFERROR((I45/I33-1),"") -> 0.081967213 | C45: =IFERROR((J45/J44-1),"") | D45: =IFERROR(((I45/I9)^(1/3)-1),"") | H45: ='US Data'!B45 -> 0.069306931 | I45: =IF(CPI_Downloader!B43="","",CPI_Downloader!B43) -> 6.6 | J45: =IF(CPI_Downloader!C43="","",CPI_Downloader!C43) | L45: =A45 -> 5997 | M45: =IFERROR((T45/T33-1),"") | N45: =IFERROR((U45/U44-1),"") | O45: =IFERROR(((T45/T9)^(1/3)-1),"") | S45: =IFERROR(('US Data'!M45),"") | T45: =IF(CPI_Downloader!D43="","",CPI_Downloader!D43) | U45: =IF(CPI_Downloader!E43="","",CPI_Downloader!E43) | W45: =A45 -> 5997 | X45: =IFERROR((AC45/AC33-1),"") | Y45: =IFERROR(((AC45/AC9)^(1/3)-1),"") | AC45: =IF(CPI_Downloader!F43="","",CPI_Downloader!F43)
A46: =IF(CPI_Downloader!A44="","",CPI_Downloader!A44) -> 6027 | B46: =IFERROR((I46/I34-1),"") -> 0.081967213 | C46: =IFERROR((J46/J45-1),"") | D46: =IFERROR(((I46/I10)^(1/3)-1),"") | H46: ='US Data'!B46 -> 0.069306931 | I46: =IF(CPI_Downloader!B44="","",CPI_Downloader!B44) -> 6.6 | J46: =IF(CPI_Downloader!C44="","",CPI_Downloader!C44) | L46: =A46 -> 6027 | M46: =IFERROR((T46/T34-1),"") | N46: =IFERROR((U46/U45-1),"") | O46: =IFERROR(((T46/T10)^(1/3)-1),"") | S46: =IFERROR(('US Data'!M46),"") | T46: =IF(CPI_Downloader!D44="","",CPI_Downloader!D44) | U46: =IF(CPI_Downloader!E44="","",CPI_Downloader!E44) | W46: =A46 -> 6027 | X46: =IFERROR((AC46/AC34-1),"") | Y46: =IFERROR(((AC46/AC10)^(1/3)-1),"") | AC46: =IF(CPI_Downloader!F44="","",CPI_Downloader!F44)
A47: =IF(CPI_Downloader!A45="","",CPI_Downloader!A45) -> 6058 | B47: =IFERROR((I47/I35-1),"") -> 0.081967213 | C47: =IFERROR((J47/J46-1),"") | D47: =IFERROR(((I47/I11)^(1/3)-1),"") | H47: ='US Data'!B47 -> 0.079207921 | I47: =IF(CPI_Downloader!B45="","",CPI_Downloader!B45) -> 6.6 | J47: =IF(CPI_Downloader!C45="","",CPI_Downloader!C45) | L47: =A47 -> 6058 | M47: =IFERROR((T47/T35-1),"") | N47: =IFERROR((U47/U46-1),"") | O47: =IFERROR(((T47/T11)^(1/3)-1),"") | S47: =IFERROR(('US Data'!M47),"") | T47: =IF(CPI_Downloader!D45="","",CPI_Downloader!D45) | U47: =IF(CPI_Downloader!E45="","",CPI_Downloader!E45) | W47: =A47 -> 6058 | X47: =IFERROR((AC47/AC35-1),"") | Y47: =IFERROR(((AC47/AC11)^(1/3)-1),"") | AC47: =IF(CPI_Downloader!F45="","",CPI_Downloader!F45)
A48: =IF(CPI_Downloader!A46="","",CPI_Downloader!A46) -> 6089 | B48: =IFERROR((I48/I36-1),"") -> 0.1147541 | C48: =IFERROR((J48/J47-1),"") | D48: =IFERROR(((I48/I12)^(1/3)-1),"") | H48: ='US Data'!B48 -> 0.099009901 | I48: =IF(CPI_Downloader!B46="","",CPI_Downloader!B46) -> 6.8 | J48: =IF(CPI_Downloader!C46="","",CPI_Downloader!C46) | L48: =A48 -> 6089 | M48: =IFERROR((T48/T36-1),"") | N48: =IFERROR((U48/U47-1),"") | O48: =IFERROR(((T48/T12)^(1/3)-1),"") | S48: =IFERROR(('US Data'!M48),"") | T48: =IF(CPI_Downloader!D46="","",CPI_Downloader!D46) | U48: =IF(CPI_Downloader!E46="","",CPI_Downloader!E46) | W48: =A48 -> 6089 | X48: =IFERROR((AC48/AC36-1),"") | Y48: =IFERROR(((AC48/AC12)^(1/3)-1),"") | AC48: =IF(CPI_Downloader!F46="","",CPI_Downloader!F46)
A49: =IF(CPI_Downloader!A47="","",CPI_Downloader!A47) -> 6119 | B49: =IFERROR((I49/I37-1),"") -> 0.13114754 | C49: =IFERROR((J49/J48-1),"") | D49: =IFERROR(((I49/I13)^(1/3)-1),"") | H49: ='US Data'!B49 -> 0.10784314 | I49: =IF(CPI_Downloader!B47="","",CPI_Downloader!B47) -> 6.9 | J49: =IF(CPI_Downloader!C47="","",CPI_Downloader!C47) | L49: =A49 -> 6119 | M49: =IFERROR((T49/T37-1),"") | N49: =IFERROR((U49/U48-1),"") | O49: =IFERROR(((T49/T13)^(1/3)-1),"") | S49: =IFERROR(('US Data'!M49),"") | T49: =IF(CPI_Downloader!D47="","",CPI_Downloader!D47) | U49: =IF(CPI_Downloader!E47="","",CPI_Downloader!E47) | W49: =A49 -> 6119 | X49: =IFERROR((AC49/AC37-1),"") | Y49: =IFERROR(((AC49/AC13)^(1/3)-1),"") | AC49: =IF(CPI_Downloader!F47="","",CPI_Downloader!F47)
A50: =IF(CPI_Downloader!A48="","",CPI_Downloader!A48) -> 6150 | B50: =IFERROR((I50/I38-1),"") -> 0.12698413 | C50: =IFERROR((J50/J49-1),"") | D50: =IFERROR(((I50/I14)^(1/3)-1),"") | H50: ='US Data'!B50 -> 0.11650485 | I50: =IF(CPI_Downloader!B48="","",CPI_Downloader!B48) -> 7.1 | J50: =IF(CPI_Downloader!C48="","",CPI_Downloader!C48) | L50: =A50 -> 6150 | M50: =IFERROR((T50/T38-1),"") | N50: =IFERROR((U50/U49-1),"") | O50: =IFERROR(((T50/T14)^(1/3)-1),"") | S50: =IFERROR(('US Data'!M50),"") | T50: =IF(CPI_Downloader!D48="","",CPI_Downloader!D48) | U50: =IF(CPI_Downloader!E48="","",CPI_Downloader!E48) | W50: =A50 -> 6150 | X50: =IFERROR((AC50/AC38-1),"") | Y50: =IFERROR(((AC50/AC14)^(1/3)-1),"") | AC50: =IF(CPI_Downloader!F48="","",CPI_Downloader!F48)
A51: =IF(CPI_Downloader!A49="","",CPI_Downloader!A49) -> 6180 | B51: =IFERROR((I51/I39-1),"") -> 0.14285714 | C51: =IFERROR((J51/J50-1),"") | D51: =IFERROR(((I51/I15)^(1/3)-1),"") | H51: ='US Data'!B51 -> 0.12621359 | I51: =IF(CPI_Downloader!B49="","",CPI_Downloader!B49) -> 7.2 | J51: =IF(CPI_Downloader!C49="","",CPI_Downloader!C49) | L51: =A51 -> 6180 | M51: =IFERROR((T51/T39-1),"") | N51: =IFERROR((U51/U50-1),"") | O51: =IFERROR(((T51/T15)^(1/3)-1),"") | S51: =IFERROR(('US Data'!M51),"") | T51: =IF(CPI_Downloader!D49="","",CPI_Downloader!D49) | U51: =IF(CPI_Downloader!E49="","",CPI_Downloader!E49) | W51: =A51 -> 6180 | X51: =IFERROR((AC51/AC39-1),"") | Y51: =IFERROR(((AC51/AC15)^(1/3)-1),"") | AC51: =IF(CPI_Downloader!F49="","",CPI_Downloader!F49)
... A63: =IF(CPI_Downloader!A61="","",CPI_Downloader!A61) -> 6545 | B63: =IFERROR((I63/I51-1),"") -> 0.15277778 | C63: =IFERROR((J63/J62-1),"") | D63: =IFERROR(((I63/I27)^(1/3)-1),"") -> 0.10810969 | H63: ='US Data'!B63 -> 0.18103448 | I63: =IF(CPI_Downloader!B61="","",CPI_Downloader!B61) -> 8.3 | J63: =IF(CPI_Downloader!C61="","",CPI_Downloader!C61) | L63: =A63 -> 6545 | M63: =IFERROR((T63/T51-1),"") | N63: =IFERROR((U63/U62-1),"") | O63: =IFERROR(((T63/T27)^(1/3)-1),"") | S63: =IFERROR(('US Data'!M63),"") | T63: =IF(CPI_Downloader!D61="","",CPI_Downloader!D61) | U63: =IF(CPI_Downloader!E61="","",CPI_Downloader!E61) | W63: =A63 -> 6545 | X63: =IFERROR((AC63/AC51-1),"") | Y63: =IFERROR(((AC63/AC27)^(1/3)-1),"") | AC63: =IF(CPI_Downloader!F61="","",CPI_Downloader!F61)
A64: =IF(CPI_Downloader!A62="","",CPI_Downloader!A62) -> 6576 | B64: =IFERROR((I64/I52-1),"") -> 0.13513514 | C64: =IFERROR((J64/J63-1),"") | D64: =IFERROR(((I64/I28)^(1/3)-1),"") -> 0.11254218 | E64: =IFERROR(((I64/I4)^(1/5)-1),"") | H64: ='US Data'!B64 -> 0.1965812 | I64: =IF(CPI_Downloader!B62="","",CPI_Downloader!B62) -> 8.4 | J64: =IF(CPI_Downloader!C62="","",CPI_Downloader!C62) | L64: =A64 -> 6576 | M64: =IFERROR((T64/T52-1),"") | N64: =IFERROR((U64/U63-1),"") | O64: =IFERROR(((T64/T28)^(1/3)-1),"") | P64: =IFERROR(((T64/T4)^(1/5)-1),"") | S64: =IFERROR(('US Data'!M64),"") | T64: =IF(CPI_Downloader!D62="","",CPI_Downloader!D62) | U64: =IF(CPI_Downloader!E62="","",CPI_Downloader!E62) | W64: =A64 -> 6576 | X64: =IFERROR((AC64/AC52-1),"") | Y64: =IFERROR(((AC64/AC28)^(1/3)-1),"") | Z64: =IFERROR(((AC64/AC4)^(1/5)-1),"") | AC64: =IF(CPI_Downloader!F62="","",CPI_Downloader!F62)
A65: =IF(CPI_Downloader!A63="","",CPI_Downloader!A63) -> 6607 | B65: =IFERROR((I65/I53-1),"") -> 0.14864865 | C65: =IFERROR((J65/J64-1),"") | D65: =IFERROR(((I65/I29)^(1/3)-1),"") -> 0.11693962 | E65: =IFERROR(((I65/I5)^(1/5)-1),"") | H65: ='US Data'!B65 -> 0.175 | I65: =IF(CPI_Downloader!B63="","",CPI_Downloader!B63) -> 8.5 | J65: =IF(CPI_Downloader!C63="","",CPI_Downloader!C63) | L65: =A65 -> 6607 | M65: =IFERROR((T65/T53-1),"") | N65: =IFERROR((U65/U64-1),"") | O65: =IFERROR(((T65/T29)^(1/3)-1),"") | P65: =IFERROR(((T65/T5)^(1/5)-1),"") | S65: =IFERROR(('US Data'!M65),"") | T65: =IF(CPI_Downloader!D63="","",CPI_Downloader!D63) | U65: =IF(CPI_Downloader!E63="","",CPI_Downloader!E63) | W65: =A65 -> 6607 | X65: =IFERROR((AC65/AC53-1),"") | Y65: =IFERROR(((AC65/AC29)^(1/3)-1),"") | Z65: =IFERROR(((AC65/AC5)^(1/5)-1),"") | AC65: =IF(CPI_Downloader!F63="","",CPI_Downloader!F63)
A66: =IF(CPI_Downloader!A64="","",CPI_Downloader!A64) -> 6635 | B66: =IFERROR((I66/I54-1),"") -> 0.13157895 | C66: =IFERROR((J66/J65-1),"") | D66: =IFERROR(((I66/I30)^(1/3)-1),"") -> 0.12130271 | E66: =IFERROR(((I66/I6)^(1/5)-1),"") | H66: ='US Data'!B66 -> 0.16666667 | I66: =IF(CPI_Downloader!B64="","",CPI_Downloader!B64) -> 8.6 | J66: =IF(CPI_Downloader!C64="","",CPI_Downloader!C64) | L66: =A66 -> 6635 | M66: =IFERROR((T66/T54-1),"") | N66: =IFERROR((U66/U65-1),"") | O66: =IFERROR(((T66/T30)^(1/3)-1),"") | P66: =IFERROR(((T66/T6)^(1/5)-1),"") | S66: =IFERROR(('US Data'!M66),"") | T66: =IF(CPI_Downloader!D64="","",CPI_Downloader!D64) | U66: =IF(CPI_Downloader!E64="","",CPI_Downloader!E64) | W66: =A66 -> 6635 | X66: =IFERROR((AC66/AC54-1),"") | Y66: =IFERROR(((AC66/AC30)^(1/3)-1),"") | Z66: =IFERROR(((AC66/AC6)^(1/5)-1),"") | AC66: =IF(CPI_Downloader!F64="","",CPI_Downloader!F64)
A67: =IF(CPI_Downloader!A65="","",CPI_Downloader!A65) -> 6666 | B67: =IFERROR((I67/I55-1),"") -> 0.13157895 | C67: =IFERROR((J67/J66-1),"") | D67: =IFERROR(((I67/I31)^(1/3)-1),"") -> 0.12130271 | E67: =IFERROR(((I67/I7)^(1/5)-1),"") | H67: ='US Data'!B67 -> 0.12698413 | I67: =IF(CPI_Downloader!B65="","",CPI_Downloader!B65) -> 8.6 | J67: =IF(CPI_Downloader!C65="","",CPI_Downloader!C65) | L67: =A67 -> 6666 | M67: =IFERROR((T67/T55-1),"") | N67: =IFERROR((U67/U66-1),"") | O67: =IFERROR(((T67/T31)^(1/3)-1),"") | P67: =IFERROR(((T67/T7)^(1/5)-1),"") | S67: =IFERROR(('US Data'!M67),"") | T67: =IF(CPI_Downloader!D65="","",CPI_Downloader!D65) | U67: =IF(CPI_Downloader!E65="","",CPI_Downloader!E65) | W67: =A67 -> 6666 | X67: =IFERROR((AC67/AC55-1),"") | Y67: =IFERROR(((AC67/AC31)^(1/3)-1),"") | Z67: =IFERROR(((AC67/AC7)^(1/5)-1),"") | AC67: =IF(CPI_Downloader!F65="","",CPI_Downloader!F65)
A68: =IF(CPI_Downloader!A66="","",CPI_Downloader!A66) -> 6696 | B68: =IFERROR((I68/I56-1),"") -> 0.10126582 | C68: =IFERROR((J68/J67-1),"") | D68: =IFERROR(((I68/I32)^(1/3)-1),"") -> 0.12563211 | E68: =IFERROR(((I68/I8)^(1/5)-1),"") | H68: ='US Data'!B68 -> 0.1328125 | I68: =IF(CPI_Downloader!B66="","",CPI_Downloader!B66) -> 8.7 | J68: =IF(CPI_Downloader!C66="","",CPI_Downloader!C66) | L68: =A68 -> 6696 | M68: =IFERROR((T68/T56-1),"") | N68: =IFERROR((U68/U67-1),"") | O68: =IFERROR(((T68/T32)^(1/3)-1),"") | P68: =IFERROR(((T68/T8)^(1/5)-1),"") | S68: =IFERROR(('US Data'!M68),"") | T68: =IF(CPI_Downloader!D66="","",CPI_Downloader!D66) | U68: =IF(CPI_Downloader!E66="","",CPI_Downloader!E66) | W68: =A68 -> 6696 | X68: =IFERROR((AC68/AC56-1),"") | Y68: =IFERROR(((AC68/AC32)^(1/3)-1),"") | Z68: =IFERROR(((AC68/AC8)^(1/5)-1),"") | AC68: =IF(CPI_Downloader!F66="","",CPI_Downloader!F66)
A69: =IF(CPI_Downloader!A67="","",CPI_Downloader!A67) -> 6727 | B69: =IFERROR((I69/I57-1),"") -> 0.1 | C69: =IFERROR((J69/J68-1),"") | D69: =IFERROR(((I69/I33)^(1/3)-1),"") -> 0.12992846 | E69: =IFERROR(((I69/I9)^(1/5)-1),"") | H69: ='US Data'!B69 -> 0.13076923 | I69: =IF(CPI_Downloader!B67="","",CPI_Downloader!B67) -> 8.8 | J69: =IF(CPI_Downloader!C67="","",CPI_Downloader!C67) | L69: =A69 -> 6727 | M69: =IFERROR((T69/T57-1),"") | N69: =IFERROR((U69/U68-1),"") | O69: =IFERROR(((T69/T33)^(1/3)-1),"") | P69: =IFERROR(((T69/T9)^(1/5)-1),"") | S69: =IFERROR(('US Data'!M69),"") | T69: =IF(CPI_Downloader!D67="","",CPI_Downloader!D67) | U69: =IF(CPI_Downloader!E67="","",CPI_Downloader!E67) | W69: =A69 -> 6727 | X69: =IFERROR((AC69/AC57-1),"") | Y69: =IFERROR(((AC69/AC33)^(1/3)-1),"") | Z69: =IFERROR(((AC69/AC9)^(1/5)-1),"") | AC69: =IF(CPI_Downloader!F67="","",CPI_Downloader!F67)
A70: =IF(CPI_Downloader!A68="","",CPI_Downloader!A68) -> 6757 | B70: =IFERROR((I70/I58-1),"") -> 0.1125 | C70: =IFERROR((J70/J69-1),"") | D70: =IFERROR(((I70/I34)^(1/3)-1),"") -> 0.13419238 | E70: =IFERROR(((I70/I10)^(1/5)-1),"") | H70: ='US Data'!B70 -> 0.1796875 | I70: =IF(CPI_Downloader!B68="","",CPI_Downloader!B68) -> 8.9 | J70: =IF(CPI_Downloader!C68="","",CPI_Downloader!C68) | L70: =A70 -> 6757 | M70: =IFERROR((T70/T58-1),"") | N70: =IFERROR((U70/U69-1),"") | O70: =IFERROR(((T70/T34)^(1/3)-1),"") | P70: =IFERROR(((T70/T10)^(1/5)-1),"") | S70: =IFERROR(('US Data'!M70),"") | T70: =IF(CPI_Downloader!D68="","",CPI_Downloader!D68) | U70: =IF(CPI_Downloader!E68="","",CPI_Downloader!E68) | W70: =A70 -> 6757 | X70: =IFERROR((AC70/AC58-1),"") | Y70: =IFERROR(((AC70/AC34)^(1/3)-1),"") | Z70: =IFERROR(((AC70/AC10)^(1/5)-1),"") | AC70: =IF(CPI_Downloader!F68="","",CPI_Downloader!F68)
A71: =IF(CPI_Downloader!A69="","",CPI_Downloader!A69) -> 6788 | B71: =IFERROR((I71/I59-1),"") -> 0.15 | C71: =IFERROR((J71/J70-1),"") | D71: =IFERROR(((I71/I35)^(1/3)-1),"") -> 0.14679555 | E71: =IFERROR(((I71/I11)^(1/5)-1),"") | H71: ='US Data'!B71 -> 0.18461538 | I71: =IF(CPI_Downloader!B69="","",CPI_Downloader!B69) -> 9.2 | J71: =IF(CPI_Downloader!C69="","",CPI_Downloader!C69) | L71: =A71 -> 6788 | M71: =IFERROR((T71/T59-1),"") | N71: =IFERROR((U71/U70-1),"") | O71: =IFERROR(((T71/T35)^(1/3)-1),"") | P71: =IFERROR(((T71/T11)^(1/5)-1),"") | S71: =IFERROR(('US Data'!M71),"") | T71: =IF(CPI_Downloader!D69="","",CPI_Downloader!D69) | U71: =IF(CPI_Downloader!E69="","",CPI_Downloader!E69) | W71: =A71 -> 6788 | X71: =IFERROR((AC71/AC59-1),"") | Y71: =IFERROR(((AC71/AC35)^(1/3)-1),"") | Z71: =IFERROR(((AC71/AC11)^(1/5)-1),"") | AC71: =IF(CPI_Downloader!F69="","",CPI_Downloader!F69)
A72: =IF(CPI_Downloader!A70="","",CPI_Downloader!A70) -> 6819 | B72: =IFERROR((I72/I60-1),"") -> 0.15 | C72: =IFERROR((J72/J71-1),"") | D72: =IFERROR(((I72/I36)^(1/3)-1),"") -> 0.14679555 | E72: =IFERROR(((I72/I12)^(1/5)-1),"") | H72: ='US Data'!B72 -> 0.18045113 | I72: =IF(CPI_Downloader!B70="","",CPI_Downloader!B70) -> 9.2 | J72: =IF(CPI_Downloader!C70="","",CPI_Downloader!C70) | L72: =A72 -> 6819 | M72: =IFERROR((T72/T60-1),"") | N72: =IFERROR((U72/U71-1),"") | O72: =IFERROR(((T72/T36)^(1/3)-1),"") | P72: =IFERROR(((T72/T12)^(1/5)-1),"") | S72: =IFERROR(('US Data'!M72),"") | T72: =IF(CPI_Downloader!D70="","",CPI_Downloader!D70) | U72: =IF(CPI_Downloader!E70="","",CPI_Downloader!E70) | W72: =A72 -> 6819 | X72: =IFERROR((AC72/AC60-1),"") | Y72: =IFERROR(((AC72/AC36)^(1/3)-1),"") | Z72: =IFERROR(((AC72/AC12)^(1/5)-1),"") | AC72: =IF(CPI_Downloader!F70="","",CPI_Downloader!F70)
A73: =IF(CPI_Downloader!A71="","",CPI_Downloader!A71) -> 6849 | B73: =IFERROR((I73/I61-1),"") -> 0.13414634 | C73: =IFERROR((J73/J72-1),"") | D73: =IFERROR(((I73/I37)^(1/3)-1),"") -> 0.15093564 | E73: =IFERROR(((I73/I13)^(1/5)-1),"") | H73: ='US Data'!B73 -> 0.18518519 | I73: =IF(CPI_Downloader!B71="","",CPI_Downloader!B71) -> 9.3 | J73: =IF(CPI_Downloader!C71="","",CPI_Downloader!C71) | L73: =A73 -> 6849 | M73: =IFERROR((T73/T61-1),"") | N73: =IFERROR((U73/U72-1),"") | O73: =IFERROR(((T73/T37)^(1/3)-1),"") | P73: =IFERROR(((T73/T13)^(1/5)-1),"") | S73: =IFERROR(('US Data'!M73),"") | T73: =IF(CPI_Downloader!D71="","",CPI_Downloader!D71) | U73: =IF(CPI_Downloader!E71="","",CPI_Downloader!E71) | W73: =A73 -> 6849 | X73: =IFERROR((AC73/AC61-1),"") | Y73: =IFERROR(((AC73/AC37)^(1/3)-1),"") | Z73: =IFERROR(((AC73/AC13)^(1/5)-1),"") | AC73: =IF(CPI_Downloader!F71="","",CPI_Downloader!F71)
A74: =IF(CPI_Downloader!A72="","",CPI_Downloader!A72) -> 6880 | B74: =IFERROR((I74/I62-1),"") -> 0.14634146 | C74: =IFERROR((J74/J73-1),"") | D74: =IFERROR(((I74/I38)^(1/3)-1),"") -> 0.14269178 | E74: =IFERROR(((I74/I14)^(1/5)-1),"") | H74: ='US Data'!B74 -> 0.20740741 | I74: =IF(CPI_Downloader!B72="","",CPI_Downloader!B72) -> 9.4 | J74: =IF(CPI_Downloader!C72="","",CPI_Downloader!C72) | L74: =A74 -> 6880 | M74: =IFERROR((T74/T62-1),"") | N74: =IFERROR((U74/U73-1),"") | O74: =IFERROR(((T74/T38)^(1/3)-1),"") | P74: =IFERROR(((T74/T14)^(1/5)-1),"") | S74: =IFERROR(('US Data'!M74),"") | T74: =IF(CPI_Downloader!D72="","",CPI_Downloader!D72) | U74: =IF(CPI_Downloader!E72="","",CPI_Downloader!E72) | W74: =A74 -> 6880 | X74: =IFERROR((AC74/AC62-1),"") | Y74: =IFERROR(((AC74/AC38)^(1/3)-1),"") | Z74: =IFERROR(((AC74/AC14)^(1/5)-1),"") | AC74: =IF(CPI_Downloader!F72="","",CPI_Downloader!F72)
A75: =IF(CPI_Downloader!A73="","",CPI_Downloader!A73) -> 6910 | B75: =IFERROR((I75/I63-1),"") -> 0.13253012 | C75: =IFERROR((J75/J74-1),"") | D75: =IFERROR(((I75/I39)^(1/3)-1),"") -> 0.14269178 | E75: =IFERROR(((I75/I15)^(1/5)-1),"") | H75: ='US Data'!B75 -> 0.20437956 | I75: =IF(CPI_Downloader!B73="","",CPI_Downloader!B73) -> 9.4 | J75: =IF(CPI_Downloader!C73="","",CPI_Downloader!C73) | L75: =A75 -> 6910 | M75: =IFERROR((T75/T63-1),"") | N75: =IFERROR((U75/U74-1),"") | O75: =IFERROR(((T75/T39)^(1/3)-1),"") | P75: =IFERROR(((T75/T15)^(1/5)-1),"") | S75: =IFERROR(('US Data'!M75),"") | T75: =IF(CPI_Downloader!D73="","",CPI_Downloader!D73) | U75: =IF(CPI_Downloader!E73="","",CPI_Downloader!E73) | W75: =A75 -> 6910 | X75: =IFERROR((AC75/AC63-1),"") | Y75: =IFERROR(((AC75/AC39)^(1/3)-1),"") | Z75: =IFERROR(((AC75/AC15)^(1/5)-1),"") | AC75: =IF(CPI_Downloader!F73="","",CPI_Downloader!F73)
... A123: =IF(CPI_Downloader!A121="","",CPI_Downloader!A121) -> 8371 | B123: =IFERROR((I123/I111-1),"") -> -0.021276596 | C123: =IFERROR((J123/J122-1),"") | D123: =IFERROR(((I123/I87)^(1/3)-1),"") -> -0.03380997 | E123: =IFERROR(((I123/I63)^(1/5)-1),"") -> 0.020803022 | H123: ='US Data'!B123 -> -0.023121387 | I123: =IF(CPI_Downloader!B121="","",CPI_Downloader!B121) -> 9.2 | J123: =IF(CPI_Downloader!C121="","",CPI_Downloader!C121) | L123: =A123 -> 8371 | M123: =IFERROR((T123/T111-1),"") | N123: =IFERROR((U123/U122-1),"") | O123: =IFERROR(((T123/T87)^(1/3)-1),"") | P123: =IFERROR(((T123/T63)^(1/5)-1),"") | S123: =IFERROR(('US Data'!M123),"") | T123: =IF(CPI_Downloader!D121="","",CPI_Downloader!D121) | U123: =IF(CPI_Downloader!E121="","",CPI_Downloader!E121) | W123: =A123 -> 8371 | X123: =IFERROR((AC123/AC111-1),"") | Y123: =IFERROR(((AC123/AC87)^(1/3)-1),"") | Z123: =IFERROR(((AC123/AC63)^(1/5)-1),"") | AC123: =IF(CPI_Downloader!F121="","",CPI_Downloader!F121)
