Workbook

Sheet CPI_Downloader
A1: Date | B1: Headline CPI - Unadjusted CDN | C1: Headline CPI - Seasonally Adjusted CDN | D1: Core CPI - Unadjusted CDN | E1: Core CPI - Seasonally Adjusted CDN | F1: Alberta CPI - Unadjusted CDN | G1: Headline CPI - Unadjusted US | H1: Headline CPI - Seasonally Adjusted US | I1: Core CPI - Unadjusted US | J1: Core CPI - Seasonally Adjusted US | K1: Unemployment Rate - Seasonally Adjusted US | L1: Monthly Effective Fed Fund Rate US | M1: Monthly Fed Fund Rate - EOP US | N1: SP by month US | O1: 10yr vs 2yr US | P1: 10-Year Treasury Yield - Monthly Average US | Q1: 2-Year Treasury Yield - Monthly Average US | R1: PCE - Seasonally Adjusted US | S1: Core PCE - Seasonally Adjusted US
A2: 4750 | G2: 9.8
A3: 4781 | G3: 9.8
A4: 4809 | G4: 9.8
A5: 4840 | G5: 9.8
A6: 4870 | G6: 9.7
A7: 4901 | G7: 9.8
A8: 4931 | G8: 9.9
A9: 4962 | G9: 9.9
A10: 4993 | G10: 10
A11: 5023 | G11: 10
A12: 5054 | G12: 10.1
A13: 5084 | G13: 10
A14: 5115 | B14: 6 | G14: 10
A15: 5146 | B15: 6 | G15: 9.9
A16: 5174 | B16: 6 | G16: 9.9
A17: 5205 | B17: 6 | G17: 9.8
A18: 5235 | B18: 5.9 | G18: 9.9
A19: 5266 | B19: 6 | G19: 9.9
A20: 5296 | B20: 5.9 | G20: 10
A21: 5327 | B21: 6 | G21: 10.2
A22: 5358 | B22: 6 | G22: 10.2
A23: 5388 | B23: 6.1 | G23: 10.1
A24: 5419 | B24: 6.1 | G24: 10.2
A25: 5449 | B25: 6.1 | G25: 10.1
... A409: 17137 | B409: 9.7 | G409: 21.5
A410: 17168 | B410: 9.7 | G410: 21.5 | H410: 21.48
A411: 17199 | B411: 9.7 | G411: 21.5 | H411: 21.62
A412: 17227 | B412: 9.8 | G412: 21.9 | H412: 22
A413: 17258 | B413: 9.9 | G413: 21.9 | H413: 22
A414: 17288 | B414: 10.1 | G414: 21.9 | H414: 21.95
A415: 17319 | B415: 10.2 | G415: 22 | H415: 22.08
A416: 17349 | B416: 10.3 | G416: 22.2 | H416: 22.23
A417: 17380 | B417: 10.3 | G417: 22.5 | H417: 22.4
A418: 17411 | B418: 10.6 | G418: 23 | H418: 22.84
A419: 17441 | B419: 10.8 | G419: 23 | H419: 22.91
A420: 17472 | B420: 10.9 | G420: 23.1 | H420: 23.06
A421: 17502 | B421: 11.1 | G421: 23.4 | H421: 23.41
A422: 17533 | B422: 11.2 | G422: 23.7 | H422: 23.68 | K422: 3.4
A423: 17564 | B423: 11.4 | G423: 23.5 | H423: 23.67 | K423: 3.8
A424: 17593 | B424: 11.4 | G424: 23.4 | H424: 23.5 | K424: 4
A425: 17624 | B425: 11.5 | G425: 23.8 | H425: 23.82 | K425: 3.9
A426: 17654 | B426: 11.6 | G426: 23.9 | H426: 24.01 | K426: 3.5
A427: 17685 | B427: 11.8 | G427: 24.1 | H427: 24.15 | K427: 3.6
A428: 17715 | B428: 11.8 | G428: 24.4 | H428: 24.4 | K428: 3.6
A429: 17746 | B429: 11.9 | G429: 24.5 | H429: 24.43 | K429: 3.9
A430: 17777 | B430: 12.1 | G430: 24.5 | H430: 24.36 | K430: 3.8
A431: 17807 | B431: 12.1 | G431: 24.4 | H431: 24.31 | K431: 3.7
A432: 17838 | B432: 12.1 | G432: 24.2 | H432: 24.16 | K432: 3.8
A433: 17868 | B433: 12.1 | G433: 24.1 | H433: 24.05 | K433: 4
... A484: 19419 | B484: 13.9 | G484: 26.6 | H484: 26.63 | K484: 2.6
A485: 19450 | B485: 13.9 | G485: 26.6 | H485: 26.69 | K485: 2.7 | P485: 2.83
A486: 19480 | B486: 13.9 | G486: 26.7 | H486: 26.7 | K486: 2.5 | P486: 3.05
A487: 19511 | B487: 13.9 | G487: 26.8 | H487: 26.77 | K487: 2.5 | P487: 3.11
A488: 19541 | B488: 13.9 | G488: 26.8 | H488: 26.79 | K488: 2.6 | P488: 2.93
A489: 19572 | B489: 14.1 | G489: 26.9 | H489: 26.85 | K489: 2.7 | P489: 2.95
A490: 19603 | B490: 14.1 | G490: 26.9 | H490: 26.89 | K490: 2.9 | P490: 2.87
A491: 19633 | B491: 14.2 | G491: 27 | H491: 26.95 | K491: 3.1 | P491: 2.66
A492: 19664 | B492: 14.1 | G492: 26.9 | H492: 26.85 | K492: 3.5 | P492: 2.68
A493: 19694 | B493: 14.1 | G493: 26.9 | H493: 26.87 | K493: 4.5 | P493: 2.59
A494: 19725 | B494: 14.1 | G494: 26.9 | H494: 26.94 | K494: 4.9 | P494: 2.48
A495: 19756 | B495: 14.1 | G495: 26.9 | H495: 26.99 | K495: 5.2 | P495: 2.47
A496: 19784 | B496: 14 | G496: 26.9 | H496: 26.93 | K496: 5.7 | P496: 2.37
... A499: 19876 | B499: 14.1 | G499: 26.9 | H499: 26.94 | K499: 5.6 | P499: 2.38
A500: 19906 | B500: 14.1 | G500: 26.9 | H500: 26.86 | K500: 5.8 | L500: 0.8 | M500: 0.25 | P500: 2.3
A501: 19937 | B501: 14.2 | G501: 26.9 | H501: 26.85 | K501: 6 | L501: 1.22 | M501: 1.44 | P501: 2.36
A502: 19968 | B502: 14.2 | G502: 26.8 | H502: 26.81 | K502: 6.1 | L502: 1.07 | M502: 1.44 | P502: 2.38
A503: 19998 | B503: 14.2 | G503: 26.8 | H503: 26.72 | K503: 5.7 | L503: 0.85 | M503: 1.13 | P503: 2.43
A504: 20029 | B504: 14.2 | G504: 26.8 | H504: 26.78 | K504: 5.3 | L504: 0.83 | M504: 1.38 | P504: 2.48
A505: 20059 | B505: 14.1 | G505: 26.7 | H505: 26.77 | K505: 5 | L505: 1.28 | M505: 1.44 | P505: 2.51
A506: 20090 | B506: 14.1 | G506: 26.7 | H506: 26.77 | K506: 4.9 | L506: 1.39 | M506: 1.44 | P506: 2.61
A507: 20121 | B507: 14.1 | G507: 26.7 | H507: 26.82 | K507: 4.7 | L507: 1.29 | M507: 1.44 | P507: 2.65
A508: 20149 | B508: 14.1 | G508: 26.7 | H508: 26.79 | K508: 4.6 | L508: 1.35 | M508: 1.44 | P508: 2.68
A509: 20180 | B509: 14.1 | G509: 26.7 | H509: 26.79 | K509: 4.7 | L509: 1.43 | M509: 1.69 | P509: 2.75
A510: 20210 | B510: 14.1 | G510: 26.7 | H510: 26.77 | K510: 4.3 | L510: 1.43 | M510: 1.69 | P510: 2.76
A511: 20241 | B511: 14.1 | G511: 26.7 | H511: 26.71 | K511: 4.2 | L511: 1.64 | M511: 1.69 | P511: 2.78
... A529: 20790 | B529: 14.6 | G529: 27.6 | H529: 27.63 | K529: 4.2 | L529: 2.94 | M529: 3 | P529: 3.59
A530: 20821 | B530: 14.6 | G530: 27.6 | H530: 27.67 | I530: 28.5 | J530: 28.5 | K530: 4.2 | L530: 2.84 | M530: 3 | P530: 3.46
A531: 20852 | B531: 14.6 | G531: 27.7 | H531: 27.8 | I531: 28.5 | J531: 28.6 | K531: 3.9 | L531: 3 | M531: 3 | P531: 3.34
A532: 20880 | B532: 14.6 | G532: 27.8 | H532: 27.86 | I532: 28.7 | J532: 28.7 | K532: 3.7 | L532: 2.96 | M532: 2.94 | P532: 3.41
A533: 20911 | B533: 14.7 | G533: 27.9 | H533: 27.93 | I533: 28.8 | J533: 28.8 | K533: 3.9 | L533: 3 | M533: 3 | P533: 3.48
A534: 20941 | B534: 14.7 | G534: 28 | H534: 28 | I534: 28.8 | J534: 28.8 | K534: 4.1 | L534: 3 | M534: 3 | P534: 3.6
A535: 20972 | B535: 14.8 | G535: 28.1 | H535: 28.11 | I535: 28.9 | J535: 28.9 | K535: 4.3 | L535: 3 | M535: 3 | P535: 3.8
A536: 21002 | B536: 14.8 | G536: 28.3 | H536: 28.19 | I536: 28.9 | J536: 29 | K536: 4.2 | L536: 2.99 | M536: 2.88 | P536: 3.93
A537: 21033 | B537: 14.9 | G537: 28.3 | H537: 28.28 | I537: 29 | J537: 29 | K537: 4.1 | L537: 3.24 | M537: 3.5 | P537: 3.93
A538: 21064 | B538: 15 | G538: 28.3 | H538: 28.32 | I538: 29.1 | J538: 29.1 | K538: 4.4 | L538: 3.47 | M538: 3.5 | P538: 3.92
A539: 21094 | B539: 15 | G539: 28.3 | H539: 28.32 | I539: 29.2 | J539: 29.2 | K539: 4.5 | L539: 3.5 | M539: 3.5 | P539: 3.97
A540: 21125 | B540: 15 | G540: 28.4 | H540: 28.41 | I540: 29.4 | J540: 29.3 | K540: 5.1 | L540: 3.28 | M540: 3 | P540: 3.72
A541: 21155 | B541: 14.9 | G541: 28.4 | H541: 28.47 | I541: 29.4 | J541: 29.3 | K541: 5.2 | L541: 2.98 | M541: 3 | P541: 3.21
... A553: 21520 | B553: 15.3 | G553: 28.9 | H553: 28.97 | I553: 29.9 | J553: 29.9 | K553: 6.2 | L553: 2.42 | M553: 2.38 | P553: 3.86
A554: 21551 | B554: 15.3 | G554: 29 | H554: 29.01 | I554: 29.9 | J554: 29.9 | K554: 6 | L554: 2.48 | M554: 2.5 | P554: 4.02 | R554: 15.164 | S554: 15.501
A555: 21582 | B555: 15.3 | G555: 28.9 | H555: 29 | I555: 29.9 | J555: 29.9 | K555: 5.9 | L555: 2.43 | M555: 2.5 | P555: 3.96 | R555: 15.179 | S555: 15.513
A556: 21610 | B556: 15.2 | G556: 28.9 | H556: 28.97 | I556: 30 | J556: 30 | K556: 5.6 | L556: 2.8 | M556: 3 | P556: 3.99 | R556: 15.189 | S556: 15.531
A557: 21641 | B557: 15.2 | G557: 29 | H557: 28.98 | I557: 30 | J557: 30 | K557: 5.2 | L557: 2.96 | M557: 3 | P557: 4.12 | R557: 15.219 | S557: 15.57
A558: 21671 | B558: 15.3 | G558: 29 | H558: 29.04 | I558: 30.1 | J558: 30.1 | K558: 5.1 | L558: 2.9 | M558: 3.25 | P558: 4.31 | R558: 15.227 | S558: 15.589
A559: 21702 | B559: 15.1 | G559: 29.1 | H559: 29.11 | I559: 30.1 | J559: 30.2 | K559: 5 | L559: 3.39 | M559: 3 | P559: 4.34 | R559: 15.271 | S559: 15.635
A560: 21732 | B560: 15.3 | G560: 29.2 | H560: 29.15 | I560: 30.2 | J560: 30.2 | K560: 5.1 | L560: 3.47 | M560: 3.5 | P560: 4.4 | R560: 15.303 | S560: 15.672
A561: 21763 | B561: 15.3 | G561: 29.2 | H561: 29.18 | I561: 30.2 | J561: 30.2 | K561: 5.2 | L561: 3.5 | M561: 3.5 | P561: 4.43 | R561: 15.325 | S561: 15.697
A562: 21794 | B562: 15.5 | G562: 29.3 | H562: 29.25 | I562: 30.3 | J562: 30.3 | K562: 5.5 | L562: 3.76 | M562: 3 | P562: 4.68 | R562: 15.365 | S562: 15.738
A563: 21824 | B563: 15.5 | G563: 29.4 | H563: 29.35 | I563: 30.5 | J563: 30.4 | K563: 5.7 | L563: 3.98 | M563: 4 | P563: 4.53 | R563: 15.402 | S563: 15.765
...

Sheet US Data
A1: SA = Seasonally Adjusted | B1: Headline = All Items | J1: https://fred.stlouisfed.org/tags/series?t=cbsa%3Bcpi&rt=cbsa&ob=pv&od=desc | L1: Core = Food/Energy excluded | T1: https://fred.stlouisfed.org/series/CPILFESL | X1: NOTE: MAY NOT MATCH AS SA | Z1: Effective Fed Funds Rate | AA1: https://fred.stlouisfed.org/series/FEDFUNDS | AD1: 0% = No recession | AF1: National Bureau of Economic Research | AG1: https://en.wikipedia.org/wiki/List_of_recessions_in_the_United_States | AM1: Headline = All Items | AS1: https://fred.stlouisfed.org/series/PCEPI | AU1: Core = Food/ Energy excluded | BA1: https://fred.stlouisfed.org/series/PCEPILFE
A2: U - Unadjusted | C2: https://www.bls.gov/cpi/seasonal-adjustment/home.htm | J2: https://fred.stlouisfed.org/series/CPIAUCNS | T2: https://fred.stlouisfed.org/series/CPILFENS | X2: https://fred.stlouisfed.org/series/UNRATE | Z2: EOP = End of Period | AA2: https://fred.stlouisfed.org/series/DFF | AD2: 100% = recession | AI2: https://fred.stlouisfed.org/series/T10Y2Y
A3: Extra Notes/Details | B3: Note: Each year, for the January CPI release, the seasonal adjustment factors are recalculated for the previous 5 years. | J3: https://fred.stlouisfed.org/series/CPIAUCSL | AD3: https://www.nber.org/research/data/us-business-cycle-expansions-and-contractions | AF3: https://fred.stlouisfed.org/series/SP500#0
A4: Month | B4: Annual Headline CPI - U | C4: Monthly Headline CPI - SA | D4: 3yr Headline CPI - U | E4: 5yr Headline CPI - U | F4: 10yr Headline CPI - U | G4: 20yr Headline CPI - U | H4: CDN Annual Headline CPI - U | I4: US Headline CPI - U - DATA | J4: US Headline CPI - SA - DATA | L4: Annual Core CPI - U | M4: Monthly Core CPI - SA | N4: 3yr Core CPI - U | O4: 5yr Core CPI - U | P4: 10yr Core CPI - U | Q4: 20yr Core CPI - U | R4: CDN Annual Core CPI - U | S4: Core CPI - U - DATA | T4: Core CPI - SA - DATA | V4: 12M Average Unemployment - SA | W4: Monthly Unemployment - SA | X4: Unemployment Rate SA - DATA | Z4: Monthly Fed Fund Rate EOP | AA4: Monthly Fed Fund Rate - EOP - DATA | AB4: Monthly Fed Fund Rate Month AVG - DATA | AD4: US Recessions (per NBER) | AF4: S&P % By month | AG4: S&P 500 EOM | AI4: 10yr vs 2yr EOP | AJ4: 10yr Month AVG | AK4: 2yr Month AVG | AM4: Annual Headline PCE | AN4: Monthly Headline PCE | AO4: 3yr Headline PCE | AP4: 5yr Headline PCE | AQ4: 10yr Headline PCE | AR4: 20yr Headline PCE | AS4: Headline PCE SA | AU4: Annual Core PCE | AV4: Monthly Core PCE | AW4: 3yr Core PCE | AX4: 5yr Core PCE | AY4: 10yr Core PCE | AZ4: 20yr Core PCE | BA4: Core PCE SA
A5: {=_xlfn.LET(_xlpm.Dates,CPI_Downloader!$A$2:$A$5000,_xlpm.Data,CPI_Downloader!$B$2:$S$5000,_xlfn._xlws.FILTER(_xlpm.Dates,_xlfn.BYROW(_xlpm.Data,_xlfn.LAMBDA(_xlpm.r,COUNT(_xlpm.r)>0)),""))} -> 4750 | B5: {=_xlfn.MAP(_xlfn.ANCHORARRAY($A$5),_xlfn.LAMBDA(_xlpm.d,_xlfn.LET(_xlpm.v,_xlfn.XLOOKUP(_xlpm.d,CPI_Downloader!$A$2:$A$5000,CPI_Downloader!$G$2:$G$5000,""),_xlpm.p,_xlfn.XLOOKUP(EDATE(_xlpm.d,-12),CPI_Downloader!$A$2:$A$5000,CPI_Downloader!$G$2:$G$5000,""),IF(OR(_xlpm.v="",_xlpm.p=""),"",IFERROR(_xlpm.v/_xlpm.p-1,"")))))} | C5: {=_xlfn.MAP(_xlfn.ANCHORARRAY($A$5),_xlfn.LAMBDA(_xlpm.d,_xlfn.LET(_xlpm.v,_xlfn.XLOOKUP(_xlpm.d,CPI_Downloader!$A$2:$A$5000,CPI_Downloader!$H$2:$H$5000,""),_xlpm.p,_xlfn.XLOOKUP(EDATE(_xlpm.d,-1),CPI_Downloader!$A$2:$A$5000,CPI_Downloader!$H$2:$H$5000,""),IF(OR(_xlpm.v="",_xlpm.p=""),"",IFERROR(_xlpm.v/_xlpm.p-1,"")))))} | D5: {=_xlfn.MAP(_xlfn.ANCHORARRAY($A$5),_xlfn.LAMBDA(_xlpm.d,_xlfn.LET(_xlpm.v,_xlfn.XLOOKUP(_xlpm.d,CPI_Downloader!$A$2:$A$5000,CPI_Downloader!$G$2:$G$5000,""),_xlpm.p,_xlfn.XLOOKUP(EDATE(_xlpm.d,-36),CPI_Downloader!$A$2:$A$5000,CPI_Downloader!$G$2:$G$5000,""),IF(OR(_xlpm.v="",_xlpm.p=""),"",IFERROR((_xlpm.v/_xlpm.p)^(1/3)-1,"")))))} | E5: {=_xlfn.MAP(_xlfn.ANCHORARRAY($A$5),_xlfn.LAMBDA(_xlpm.d,_xlfn.LET(_xlpm.v,_xlfn.XLOOKUP(_xlpm.d,CPI_Downloader!$A$2:$A$5000,CPI_Downloader!$G$2:$G$5000,""),_xlpm.p,_xlfn.XLOOKUP(EDATE(_xlpm.d,-60),CPI_Downloader!$A$2:$A$5000,CPI_Downloader!$G$2:$G$5000,""),IF(OR(_xlpm.v="",_xlpm.p=""),"",IFERROR((_xlpm.v/_xlpm.p)^(1/5)-1,"")))))} | F5: {=_xlfn.MAP(_xlfn.ANCHORARRAY($A$5),_xlfn.LAMBDA(_xlpm.d,_xlfn.LET(_xlpm.v,_xlfn.XLOOKUP(_xlpm.d,CPI_Downloader!$A$2:$A$5000,CPI_Downloader!$G$2:$G$5000,""),_xlpm.p,_xlfn.XLOOKUP(EDATE(_xlpm.d,-120),CPI_Downloader!$A$2:$A$5000,CPI_Downloader!$G$2:$G$5000,""),IF(OR(_xlpm.v="",_xlpm.p=""),"",IFERROR((_xlpm.v/_xlpm.p)^(1/10)-1,"")))))} | G5: {=_xlfn.MAP(_xlfn.ANCHORARRAY($A$5),_xlfn.LAMBDA(_xlpm.d,_xlfn.LET(_xlpm.v,_xlfn.XLOOKUP(_xlpm.d,CPI_Downloader!$A$2:$A$5000,CPI_Downloader!$G$2:$G$5000,""),_xlpm.p,IFERROR(_xlfn.XLOOKUP(EDATE(_xlpm.d,-240),CPI_Downloader!$A$2:$A$5000,CPI_Downloader!$G$2:$G$5000,""),""),IF(OR(_xlpm.v="",_xlpm.p=""),"",IFERROR((_xlpm.v/_xlpm.p)^(1/20)-1,"")))))} | H5: {=_xlfn.MAP(_xlfn.ANCHORARRAY($A$5),_xlfn.LAMBDA(_xlpm.d,_xlfn.LET(_xlpm.v,_xlfn.XLOOKUP(_xlpm.d,CPI_Downloader!$A$2:$A$5000,CPI_Downloader!$B$2:$B$5000,""),_xlpm.p,_xlfn.XLOOKUP(EDATE(_xlpm.d,-12),CPI_Downloader!$A$2:$A$5000,CPI_Downloader!$B$2:$B$5000,""),IF(OR(_xlpm.v="",_xlpm.p=""),"",IFERROR(_xlpm.v/_xlpm.p-1,"")))))} | I5: {=_xlfn.LET(_xlpm.v,_xlfn.XLOOKUP(_xlfn.ANCHORARRAY($A$5),CPI_Downloader!$A$2:$A$5000,CPI_Downloader!$G$2:$G$5000,""),IF(_xlpm.v="","",_xlpm.v))} -> 9.8 | J5: {=_xlfn.LET(_xlpm.v,_xlfn.XLOOKUP(_xlfn.ANCHORARRAY($A$5),CPI_Downloader!$A$2:$A$5000,CPI_Downloader!$H$2:$H$5000,""),IF(_xlpm.v="","",_xlpm.v))} | L5: {=_xlfn.MAP(_xlfn.ANCHORARRAY($A$5),_xlfn.LAMBDA(_xlpm.d,_xlfn.LET(_xlpm.v,_xlfn.XLOOKUP(_xlpm.d,CPI_Downloader!$A$2:$A$5000,CPI_Downloader!$I$2:$I$5000,""),_xlpm.p,_xlfn.XLOOKUP(EDATE(_xlpm.d,-12),CPI_Downloader!$A$2:$A$5000,CPI_Downloader!$I$2:$I$5000,""),IF(OR(_xlpm.v="",_xlpm.p=""),"",IFERROR(_xlpm.v/_xlpm.p-1,"")))))} | M5: {=_xlfn.MAP(_xlfn.ANCHORARRAY($A$5),_xlfn.LAMBDA(_xlpm.d,_xlfn.LET(_xlpm.v,_xlfn.XLOOKUP(_xlpm.d,CPI_Downloader!$A$2:$A$5000,CPI_Downloader!$J$2:$J$5000,""),_xlpm.p,_xlfn.XLOOKUP(EDATE(_xlpm.d,-1),CPI_Downloader!$A$2:$A$5000,CPI_Downloader!$J$2:$J$5000,""),IF(OR(_xlpm.v="",_xlpm.p=""),"",IFERROR(_xlpm.v/_xlpm.p-1,"")))))} | N5: {=_xlfn.MAP(_xlfn.ANCHORARRAY($A$5),_xlfn.LAMBDA(_xlpm.d,_xlfn.LET(_xlpm.v,_xlfn.XLOOKUP(_xlpm.d,CPI_Downloader!$A$2:$A$5000,CPI_Downloader!$I$2:$I$5000,""),_xlpm.p,_xlfn.XLOOKUP(EDATE(_xlpm.d,-36),CPI_Downloader!$A$2:$A$5000,CPI_Downloader!$I$2:$I$5000,""),IF(OR(_xlpm.v="",_xlpm.p=""),"",IFERROR((_xlpm.v/_xlpm.p)^(1/3)-1,"")))))} | O5: {=_xlfn.MAP(_xlfn.ANCHORARRAY($A$5),_xlfn.LAMBDA(_xlpm.d,_xlfn.LET(_xlpm.v,_xlfn.XLOOKUP(_xlpm.d,CPI_Downloader!$A$2:$A$5000,CPI_Downloader!$I$2:$I$5000,""),_xlpm.p,_xlfn.XLOOKUP(EDATE(_xlpm.d,-60),CPI_Downloader!$A$2:$A$5000,CPI_Downloader!$I$2:$I$5000,""),IF(OR(_xlpm.v="",_xlpm.p=""),"",IFERROR((_xlpm.v/_xlpm.p)^(1/5)-1,"")))))} | P5: {=_xlfn.MAP(_xlfn.ANCHORARRAY($A$5),_xlfn.LAMBDA(_xlpm.d,_xlfn.LET(_xlpm.v,_xlfn.XLOOKUP(_xlpm.d,CPI_Downloader!$A$2:$A$5000,CPI_Downloader!$I$2:$I$5000,""),_xlpm.p,_xlfn.XLOOKUP(EDATE(_xlpm.d,-120),CPI_Downloader!$A$2:$A$5000,CPI_Downloader!$I$2:$I$5000,""),IF(OR(_xlpm.v="",_xlpm.p=""),"",IFERROR((_xlpm.v/_xlpm.p)^(1/10)-1,"")))))} | Q5: {=_xlfn.MAP(_xlfn.ANCHORARRAY($A$5),_xlfn.LAMBDA(_xlpm.d,_xlfn.LET(_xlpm.v,_xlfn.XLOOKUP(_xlpm.d,CPI_Downloader!$A$2:$A$5000,CPI_Downloader!$I$2:$I$5000,""),_xlpm.p,IFERROR(_xlfn.XLOOKUP(EDATE(_xlpm.d,-240),CPI_Downloader!$A$2:$A$5000,CPI_Downloader!$I$2:$I$5000,""),""),IF(OR(_xlpm.v="",_xlpm.p=""),"",IFERROR((_xlpm.v/_xlpm.p)^(1/20)-1,"")))))} | R5: {=_xlfn.MAP(_xlfn.ANCHORARRAY($A$5),_xlfn.LAMBDA(_xlpm.d,_xlfn.LET(_xlpm.v,_xlfn.XLOOKUP(_xlpm.d,CPI_Downloader!$A$2:$A$5000,CPI_Downloader!$D$2:$D$5000,""),_xlpm.p,_xlfn.XLOOKUP(EDATE(_xlpm.d,-12),CPI_Downloader!$A$2:$A$5000,CPI_Downloader!$D$2:$D$5000,""),IF(OR(_xlpm.v="",_xlpm.p=""),"",IFERROR(_xlpm.v/_xlpm.p-1,"")))))} | S5: {=_xlfn.LET(_xlpm.v,_xlfn.XLOOKUP(_xlfn.ANCHORARRAY($A$5),CPI_Downloader!$A$2:$A$5000,CPI_Downloader!$I$2:$I$5000,""),IF(_xlpm.v="","",_xlpm.v))} | T5: {=_xlfn.LET(_xlpm.v,_xlfn.XLOOKUP(_xlfn.ANCHORARRAY($A$5),CPI_Downloader!$A$2:$A$5000,CPI_Downloader!$J$2:$J$5000,""),IF(_xlpm.v="","",_xlpm.v))} | V5: {=_xlfn.MAP(_xlfn.ANCHORARRAY($A$5),_xlfn.LAMBDA(_xlpm.d,_xlfn.LET(_xlpm.v,_xlfn._xlws.FILTER(CPI_Downloader!$K$2:$K$5000,(CPI_Downloader!$A$2:$A$5000>=EDATE(_xlpm.d,-11))*(CPI_Downloader!$A$2:$A$5000<=_xlpm.d)*(CPI_Downloader!$K$2:$K$5000<>""),""),IF(COUNT(_xlpm.v)=12,AVERAGE(_xlpm.v)/100,""))))} | W5: {=_xlfn.LET(_xlpm.v,_xlfn.XLOOKUP(_xlfn.ANCHORARRAY($A$5),CPI_Downloader!$A$2:$A$5000,CPI_Downloader!$K$2:$K$5000,""),IF(_xlpm.v="","",_xlpm.v/100))} | X5: {=_xlfn.LET(_xlpm.v,_xlfn.XLOOKUP(_xlfn.ANCHORARRAY($A$5),CPI_Downloader!$A$2:$A$5000,CPI_Downloader!$K$2:$K$5000,""),IF(_xlpm.v="","",_xlpm.v))} | Z5: {=_xlfn.LET(_xlpm.v,_xlfn.XLOOKUP(_xlfn.ANCHORARRAY($A$5),CPI_Downloader!$A$2:$A$5000,CPI_Downloader!$M$2:$M$5000,""),IF(_xlpm.v="","",_xlpm.v/100))} | AA5: {=_xlfn.LET(_xlpm.v,_xlfn.XLOOKUP(_xlfn.ANCHORARRAY($A$5),CPI_Downloader!$A$2:$A$5000,CPI_Downloader!$M$2:$M$5000,""),IF(_xlpm.v="","",_xlpm.v))} | AB5: {=_xlfn.LET(_xlpm.v,_xlfn.XLOOKUP(_xlfn.ANCHORARRAY($A$5),CPI_Downloader!$A$2:$A$5000,CPI_Downloader!$L$2:$L$5000,""),IF(_xlpm.v="","",_xlpm.v/100))} | AD5: 0 | AF5: {=_xlfn.MAP(_xlfn.ANCHORARRAY($A$5),_xlfn.LAMBDA(_xlpm.d,_xlfn.LET(_xlpm.v,_xlfn.XLOOKUP(_xlpm.d,CPI_Downloader!$A$2:$A$5000,CPI_Downloader!$N$2:$N$5000,""),_xlpm.p,_xlfn.XLOOKUP(EDATE(_xlpm.d,-1),CPI_Downloader!$A$2:$A$5000,CPI_Downloader!$N$2:$N$5000,""),IF(OR(_xlpm.v="",_xlpm.p=""),"",IFERROR(_xlpm.v/_xlpm.p-1,"")))))} | AG5: {=_xlfn.LET(_xlpm.v,_xlfn.XLOOKUP(_xlfn.ANCHORARRAY($A$5),CPI_Downloader!$A$2:$A$5000,CPI_Downloader!$N$2:$N$5000,""),IF(_xlpm.v="","",_xlpm.v))} | AI5: {=_xlfn.LET(_xlpm.v,_xlfn.XLOOKUP(_xlfn.ANCHORARRAY($A$5),CPI_Downloader!$A$2:$A$5000,CPI_Downloader!$O$2:$O$5000,""),IF(_xlpm.v="","",_xlpm.v))} | AJ5: {=_xlfn.LET(_xlpm.v,_xlfn.XLOOKUP(_xlfn.ANCHORARRAY($A$5),CPI_Downloader!$A$2:$A$5000,CPI_Downloader!$P$2:$P$5000,""),IF(_xlpm.v="","",_xlpm.v))} | AK5: {=_xlfn.LET(_xlpm.v,_xlfn.XLOOKUP(_xlfn.ANCHORARRAY($A$5),CPI_Downloader!$A$2:$A$5000,CPI_Downloader!$Q$2:$Q$5000,""),IF(_xlpm.v="","",_xlpm.v))} | AM5: {=_xlfn.MAP(_xlfn.ANCHORARRAY($A$5),_xlfn.LAMBDA(_xlpm.d,_xlfn.LET(_xlpm.v,_xlfn.XLOOKUP(_xlpm.d,CPI_Downloader!$A$2:$A$5000,CPI_Downloader!$R$2:$R$5000,""),_xlpm.p,_xlfn.XLOOKUP(EDATE(_xlpm.d,-12),CPI_Downloader!$A$2:$A$5000,CPI_Downloader!$R$2:$R$5000,""),IF(OR(_xlpm.v="",_xlpm.p=""),"",IFERROR(_xlpm.v/_xlpm.p-1,"")))))} | AN5: {=_xlfn.MAP(_xlfn.ANCHORARRAY($A$5),_xlfn.LAMBDA(_xlpm.d,_xlfn.LET(_xlpm.v,_xlfn.XLOOKUP(_xlpm.d,CPI_Downloader!$A$2:$A$5000,CPI_Downloader!$R$2:$R$5000,""),_xlpm.p,_xlfn.XLOOKUP(EDATE(_xlpm.d,-1),CPI_Downloader!$A$2:$A$5000,CPI_Downloader!$R$2:$R$5000,""),IF(OR(_xlpm.v="",_xlpm.p=""),"",IFERROR(_xlpm.v/_xlpm.p-1,"")))))} | AO5: {=_xlfn.MAP(_xlfn.ANCHORARRAY($A$5),_xlfn.LAMBDA(_xlpm.d,_xlfn.LET(_xlpm.v,_xlfn.XLOOKUP(_xlpm.d,CPI_Downloader!$A$2:$A$5000,CPI_Downloader!$R$2:$R$5000,""),_xlpm.p,_xlfn.XLOOKUP(EDATE(_xlpm.d,-36),CPI_Downloader!$A$2:$A$5000,CPI_Downloader!$R$2:$R$5000,""),IF(OR(_xlpm.v="",_xlpm.p=""),"",IFERROR((_xlpm.v/_xlpm.p)^(1/3)-1,"")))))} | AP5: {=_xlfn.MAP(_xlfn.ANCHORARRAY($A$5),_xlfn.LAMBDA(_xlpm.d,_xlfn.LET(_xlpm.v,_xlfn.XLOOKUP(_xlpm.d,CPI_Downloader!$A$2:$A$5000,CPI_Downloader!$R$2:$R$5000,""),_xlpm.p,_xlfn.XLOOKUP(EDATE(_xlpm.d,-60),CPI_Downloader!$A$2:$A$5000,CPI_Downloader!$R$2:$R$5000,""),IF(OR(_xlpm.v="",_xlpm.p=""),"",IFERROR((_xlpm.v/_xlpm.p)^(1/5)-1,"")))))} | AQ5: {=_xlfn.MAP(_xlfn.ANCHORARRAY($A$5),_xlfn.LAMBDA(_xlpm.d,_xlfn.LET(_xlpm.v,_xlfn.XLOOKUP(_xlpm.d,CPI_Downloader!$A$2:$A$5000,CPI_Downloader!$R$2:$R$5000,""),_xlpm.p,_xlfn.XLOOKUP(EDATE(_xlpm.d,-120),CPI_Downloader!$A$2:$A$5000,CPI_Downloader!$R$2:$R$5000,""),IF(OR(_xlpm.v="",_xlpm.p=""),"",IFERROR((_xlpm.v/_xlpm.p)^(1/10)-1,"")))))} | AR5: {=_xlfn.MAP(_xlfn.ANCHORARRAY($A$5),_xlfn.LAMBDA(_xlpm.d,_xlfn.LET(_xlpm.v,_xlfn.XLOOKUP(_xlpm.d,CPI_Downloader!$A$2:$A$5000,CPI_Downloader!$R$2:$R$5000,""),_xlpm.p,IFERROR(_xlfn.XLOOKUP(EDATE(_xlpm.d,-240),CPI_Downloader!$A$2:$A$5000,CPI_Downloader!$R$2:$R$5000,""),""),IF(OR(_xlpm.v="",_xlpm.p=""),"",IFERROR((_xlpm.v/_xlpm.p)^(1/20)-1,"")))))} | AS5: {=_xlfn.LET(_xlpm.v,_xlfn.XLOOKUP(_xlfn.ANCHORARRAY($A$5),CPI_Downloader!$A$2:$A$5000,CPI_Downloader!$R$2:$R$5000,""),IF(_xlpm.v="","",_xlpm.v))} | AU5: {=_xlfn.MAP(_xlfn.ANCHORARRAY($A$5),_xlfn.LAMBDA(_xlpm.d,_xlfn.LET(_xlpm.v,_xlfn.XLOOKUP(_xlpm.d,CPI_Downloader!$A$2:$A$5000,CPI_Downloader!$S$2:$S$5000,""),_xlpm.p,_xlfn.XLOOKUP(EDATE(_xlpm.d,-12),CPI_Downloader!$A$2:$A$5000,CPI_Downloader!$S$2:$S$5000,""),IF(OR(_xlpm.v="",_xlpm.p=""),"",IFERROR(_xlpm.v/_xlpm.p-1,"")))))} | AV5: {=_xlfn.MAP(_xlfn.ANCHORARRAY($A$5),_xlfn.LAMBDA(_xlpm.d,_xlfn.LET(_xlpm.v,_xlfn.XLOOKUP(_xlpm.d,CPI_Downloader!$A$2:$A$5000,CPI_Downloader!$S$2:$S$5000,""),_xlpm.p,_xlfn.XLOOKUP(EDATE(_xlpm.d,-1),CPI_Downloader!$A$2:$A$5000,CPI_Downloader!$S$2:$S$5000,""),IF(OR(_xlpm.v="",_xlpm.p=""),"",IFERROR(_xlpm.v/_xlpm.p-1,"")))))} | AW5: {=_xlfn.MAP(_xlfn.ANCHORARRAY($A$5),_xlfn.LAMBDA(_xlpm.d,_xlfn.LET(_xlpm.v,_xlfn.XLOOKUP(_xlpm.d,CPI_Downloader!$A$2:$A$5000,CPI_Downloader!$S$2:$S$5000,""),_xlpm.p,_xlfn.XLOOKUP(EDATE(_xlpm.d,-36),CPI_Downloader!$A$2:$A$5000,CPI_Downloader!$S$2:$S$5000,""),IF(OR(_xlpm.v="",_xlpm.p=""),"",IFERROR((_xlpm.v/_xlpm.p)^(1/3)-1,"")))))} | AX5: {=_xlfn.MAP(_xlfn.ANCHORARRAY($A$5),_xlfn.LAMBDA(_xlpm.d,_xlfn.LET(_xlpm.v,_xlfn.XLOOKUP(_xlpm.d,CPI_Downloader!$A$2:$A$5000,CPI_Downloader!$S$2:$S$5000,""),_xlpm.p,_xlfn.XLOOKUP(EDATE(_xlpm.d,-60),CPI_Downloader!$A$2:$A$5000,CPI_Downloader!$S$2:$S$5000,""),IF(OR(_xlpm.v="",_xlpm.p=""),"",IFERROR((_xlpm.v/_xlpm.p)^(1/5)-1,"")))))} | AY5: {=_xlfn.MAP(_xlfn.ANCHORARRAY($A$5),_xlfn.LAMBDA(_xlpm.d,_xlfn.LET(_xlpm.v,_xlfn.XLOOKUP(_xlpm.d,CPI_Downloader!$A$2:$A$5000,CPI_Downloader!$S$2:$S$5000,""),_xlpm.p,_xlfn.XLOOKUP(EDATE(_xlpm.d,-120),CPI_Downloader!$A$2:$A$5000,CPI_Downloader!$S$2:$S$5000,""),IF(OR(_xlpm.v="",_xlpm.p=""),"",IFERROR((_xlpm.v/_xlpm.p)^(1/10)-1,"")))))} | AZ5: {=_xlfn.MAP(_xlfn.ANCHORARRAY($A$5),_xlfn.LAMBDA(_xlpm.d,_xlfn.LET(_xlpm.v,_xlfn.XLOOKUP(_xlpm.d,CPI_Downloader!$A$2:$A$5000,CPI_Downloader!$S$2:$S$5000,""),_xlpm.p,IFERROR(_xlfn.XLOOKUP(EDATE(_xlpm.d,-240),CPI_Downloader!$A$2:$A$5000,CPI_Downloader!$S$2:$S$5000,""),""),IF(OR(_xlpm.v="",_xlpm.p=""),"",IFERROR((_xlpm.v/_xlpm.p)^(1/20)-1,"")))))} | BA5: {=_xlfn.LET(_xlpm.v,_xlfn.XLOOKUP(_xlfn.ANCHORARRAY($A$5),CPI_Downloader!$A$2:$A$5000,CPI_Downloader!$S$2:$S$5000,""),IF(_xlpm.v="","",_xlpm.v))}
A6: 4781 | I6: 9.8 | AD6: 1
A7: 4809 | I7: 9.8 | AD7: 1
A8: 4840 | I8: 9.8 | AD8: 1
A9: 4870 | I9: 9.7 | AD9: 1
A10: 4901 | I10: 9.8 | AD10: 1
A11: 4931 | I11: 9.9 | AD11: 1
A12: 4962 | I12: 9.9 | AD12: 1
A13: 4993 | I13: 10 | AD13: 1
A14: 5023 | I14: 10 | AD14: 1
A15: 5054 | I15: 10.1 | AD15: 1
A16: 5084 | I16: 10 | AD16: 1
A17: 5115 | B17: 0.020408163 | I17: 10 | AD17: 1
A18: 5146 | B18: 0.010204082 | I18: 9.9 | AD18: 1
A19: 5174 | B19: 0.010204082 | I19: 9.9 | AD19: 1
A20: 5205 | B20: 0 | I20: 9.8 | AD20: 1
A21: 5235 | B21: 0.020618557 | I21: 9.9 | AD21: 1
A22: 5266 | B22: 0.010204082 | I22: 9.9 | AD22: 1
A23: 5296 | B23: 0.01010101 | I23: 10 | AD23: 1
A24: 5327 | B24: 0.03030303 | I24: 10.2 | AD24: 1
A25: 5358 | B25: 0.02 | I25: 10.2 | AD25: 1
A26: 5388 | B26: 0.01 | I26: 10.1 | AD26: 1
A27: 5419 | B27: 0.0099009901 | I27: 10.2 | AD27: 1
A28: 5449 | B28: 0.01 | I28: 10.1 | AD28: 1
A29: 5480 | B29: 0.01 | H29: 0.016666667 | I29: 10.1 | AD29: 0
A30: 5511 | B30: 0.01010101 | H30: 0.016666667 | I30: 10 | AD30: 0
A31: 5539 | B31: 0 | H31: 0.016666667 | I31: 9.9 | AD31: 0
A32: 5570 | B32: 0.020408163 | H32: 0.016666667 | I32: 10 | AD32: 0
A33: 5600 | B33: 0.02020202 | H33: 0.033898305 | I33: 10.1 | AD33: 0
A34: 5631 | B34: 0.02020202 | H34: 0.016666667 | I34: 10.1 | AD34: 0
A35: 5661 | B35: 0.01 | H35: 0.033898305 | I35: 10.1 | AD35: 0
A36: 5692 | B36: -0.0098039216 | H36: 0.016666667 | I36: 10.1 | AD36: 0
A37: 5723 | B37: -0.0098039216 | H37: 0.016666667 | I37: 10.1 | AD37: 0
A38: 5753 | B38: 0.0099009901 | H38: 0 | I38: 10.2 | AD38: 0
A39: 5784 | B39: 0.0098039216 | H39: 0.032786885 | I39: 10.3 | AD39: 0
A40: 5814 | B40: 0.01980198 | H40: 0.032786885 | I40: 10.3 | AD40: 0
A41: 5845 | B41: 0.02970297 | D41: 0.020005283 | H41: 0.049180328 | I41: 10.4 | AD41: 0
A42: 5876 | B42: 0.04 | D42: 0.020005283 | H42: 0.06557377 | I42: 10.4 | AD42: 0
A43: 5905 | B43: 0.060606061 | D43: 0.023264108 | H43: 0.06557377 | I43: 10.5 | AD43: 0
A44: 5936 | B44: 0.06 | D44: 0.026502307 | H44: 0.06557377 | I44: 10.6 | AD44: 0
A45: 5966 | B45: 0.059405941 | D45: 0.03324667 | H45: 0.06557377 | I45: 10.7 | AD45: 0
A46: 5997 | B46: 0.069306931 | D46: 0.032918113 | H46: 0.081967213 | I46: 10.8 | AD46: 0
A47: 6027 | B47: 0.069306931 | D47: 0.029428498 | H47: 0.081967213 | I47: 10.8 | AD47: 0
A48: 6058 | B48: 0.079207921 | D48: 0.032595991 | H48: 0.081967213 | I48: 10.9 | AD48: 0
A49: 6089 | B49: 0.099009901 | D49: 0.035398805 | H49: 0.1147541 | I49: 11.1 | AD49: 0
A50: 6119 | B50: 0.10784314 | D50: 0.041580437 | H50: 0.13114754 | I50: 11.3 | AD50: 0
A51: 6150 | B51: 0.11650485 | D51: 0.044220357 | H51: 0.12698413 | I51: 11.5 | AD51: 0
A52: 6180 | B52: 0.12621359 | D52: 0.050717574 | H52: 0.14285714 | I52: 11.6 | AD52: 0
... A64: 6545 | B64: 0.18103448 | D64: 0.1069629 | H64: 0.15277778 | I64: 13.7 | AD64: 0
A65: 6576 | B65: 0.1965812 | D65: 0.11498465 | E65: 0.073940924 | H65: 0.13513514 | I65: 14 | AD65: 0
A66: 6607 | B66: 0.175 | D66: 0.12134617 | E66: 0.07547076 | H66: 0.14864865 | I66: 14.1 | AD66: 0
A67: 6635 | B67: 0.16666667 | D67: 0.12244296 | E67: 0.073940924 | H67: 0.13157895 | I67: 14 | AD67: 0
A68: 6666 | B68: 0.12698413 | D68: 0.12399086 | E68: 0.076991941 | H68: 0.13157895 | I68: 14.2 | AD68: 0
A69: 6696 | B69: 0.1328125 | D69: 0.12810332 | E69: 0.083725403 | H69: 0.10126582 | I69: 14.5 | AD69: 0
A70: 6727 | B70: 0.13076923 | D70: 0.13326633 | E70: 0.084471771 | H70: 0.1 | I70: 14.7 | AD70: 0
A71: 6757 | B71: 0.1796875 | D71: 0.14345354 | E71: 0.088098848 | H71: 0.1125 | I71: 15.1 | AD71: 0
A72: 6788 | B72: 0.18461538 | D72: 0.15097648 | E72: 0.092388464 | H72: 0.15 | I72: 15.4 | AD72: 0
A73: 6819 | B73: 0.18045113 | D73: 0.15840234 | E73: 0.094409692 | H73: 0.15 | I73: 15.7 | AD73: 1
A74: 6849 | B74: 0.18518519 | D74: 0.16191209 | E74: 0.098560543 | H74: 0.13414634 | I74: 16 | AD74: 1
A75: 6880 | B75: 0.20740741 | D75: 0.16533322 | E75: 0.10045743 | H75: 0.14634146 | I75: 16.3 | AD75: 1
A76: 6910 | B76: 0.20437956 | D76: 0.17008005 | E76: 0.1053423 | H76: 0.13253012 | I76: 16.5 | AD76: 1
... A124: 8371 | B124: -0.023121387 | D124: -0.036596322 | E124: 0.042877331 | H124: -0.021276596 | I124: 16.9 | AD124: 0
A125: 8402 | B125: -0.0059171598 | D125: -0.045189197 | E125: 0.037137289 | F125: 0.05537869 | H125: -0.021276596 | I125: 16.8 | AD125: 0
A126: 8433 | B126: -0.0059171598 | D126: -0.048464731 | E126: 0.035661981 | F126: 0.05537869 | H126: -0.010752688 | I126: 16.8 | AD126: 0
A127: 8461 | B127: 0.005988024 | D127: -0.051695776 | E127: 0.037137289 | F127: 0.05537869 | H127: 0.010869565 | I127: 16.8 | AD127: 0
A128: 8492 | B128: 0.011976048 | D128: -0.059273116 | E128: 0.035427445 | F128: 0.056005215 | H128: 0 | I128: 16.9 | AD128: 0
A129: 8522 | B129: 0.011976048 | D129: -0.0638621 | E129: 0.031107012 | F129: 0.057088862 | H129: 0.010989011 | I129: 16.9 | AD129: 0
A130: 8553 | B130: 0.017964072 | D130: -0.066528897 | E130: 0.02949992 | F130: 0.056628412 | H130: 0.010989011 | I130: 17 | AD130: 1
A131: 8583 | B131: 0.023809524 | D131: -0.061383098 | E131: 0.026385008 | F131: 0.056791533 | H131: 0 | I131: 17.2 | AD131: 1
A132: 8614 | B132: 0.030120482 | D132: -0.055576705 | E132: 0.021163017 | F132: 0.056175506 | H132: 0 | I132: 17.1 | AD132: 1
A133: 8645 | B133: 0.036144578 | D133: -0.049031459 | E133: 0.018417278 | F133: 0.055729956 | H133: 0 | I133: 17.2 | AD133: 1
A134: 8675 | B134: 0.035928144 | D134: -0.045598729 | E134: 0.015746242 | F134: 0.056342152 | H134: 0 | I134: 17.3 | AD134: 1
A135: 8706 | B135: 0.029761905 | D135: -0.04399469 | E135: 0.011979465 | F135: 0.05529158 | H135: 0 | I135: 17.3 | AD135: 1
A136: 8736 | B136: 0.023668639 | D136: -0.037468855 | E136: 0.0095141991 | F136: 0.056342152 | H136: 0 | I136: 17.3 | AD136: 1
... A244: 12024 | B244: -0.10273973 | D244: -0.08676836 | E244: -0.054100407 | F244: -0.025148512 | H244: -0.075949367 | I244: 13.1 | AD244: 1
A245: 12055 | B245: -0.097902098 | D245: -0.089672072 | E245: -0.057006452 | F245: -0.026069329 | G245: 0.013837105 | H245: -0.076923077 | I245: 12.9 | AD245: 1
A246: 12086 | B246: -0.09929078 | D246: -0.09262892 | E246: -0.057760032 | F246: -0.027589938 | G246: 0.013045338 | H246: -0.052631579 | I246: 12.7 | AD246: 1
A247: 12114 | B247: -0.1 | D247: -0.093235282 | E247: -0.05924857 | F247: -0.028358342 | G247: 0.012645002 | H247: -0.065789474 | I247: 12.6 | AD247: 1
A248: 12145 | B248: -0.09352518 | D248: -0.09501675 | E248: -0.05924857 | F248: -0.028934815 | G248: 0.012645002 | H248: -0.065789474 | I248: 12.6 | AD248: 0
A249: 12175 | B249: -0.080291971 | D249: -0.093235282 | E249: -0.06034502 | F249: -0.028934815 | G249: 0.013164445 | H249: -0.040540541 | I249: 12.6 | AD249: 0
A250: 12206 | B250: -0.066176471 | D250: -0.089042436 | E250: -0.057760032 | F250: -0.028740052 | G250: 0.013045338 | H250: -0.040540541 | I250: 12.7 | AD250: 0
A251: 12236 | B251: -0.036764706 | D251: -0.075895534 | E251: -0.051898056 | F251: -0.026862329 | G251: 0.014102387 | H251: -0.040540541 | I251: 13.1 | AD251: 0
A252: 12267 | B252: -0.022222222 | D252: -0.071682233 | E252: -0.050454972 | F252: -0.025553989 | G252: 0.014488053 | H252: -0.027027027 | I252: 13.2 | AD252: 0
A253: 12298 | B253: -0.014925373 | D253: -0.073550081 | E253: -0.052660675 | F253: -0.026122015 | G253: 0.013978383 | H253: -0.027027027 | I253: 13.2 | AD253: 0
A254: 12328 | B254: -0.007518797 | D254: -0.071682233 | E254: -0.051561671 | F254: -0.02668642 | G254: 0.013978383 | H254: -0.02739726 | I254: 13.2 | AD254: 0
A255: 12359 | B255: 0 | D255: -0.069799231 | E255: -0.051561671 | F255: -0.02668642 | G255: 0.013474038 | H255: -0.02739726 | I255: 13.2 | AD255: 0
A256: 12389 | B256: 0.0076335878 | D256: -0.064057105 | E256: -0.050454972 | F256: -0.02668642 | G256: 0.013978383 | H256: -0.02739726 | I256: 13.2 | AD256: 0
... A412: 17137 | B412: 0.18131868 | D412: 0.07307416 | E412: 0.067631435 | F412: 0.043833048 | G412: 0.0097718505 | H412: 0.054347826 | I412: 21.5 | AD412: 0
A413: 17168 | B413: 0.18131868 | D413: 0.07307416 | E413: 0.064897387 | F413: 0.043090367 | G413: 0.010345754 | H413: 0.054347826 | I413: 21.5 | J413: 21.48 | AD413: 0
A414: 17199 | B414: 0.1878453 | C414: 0.0065176909 | D414: 0.07307416 | E414: 0.06354599 | F414: 0.043090367 | G414: 0.010635293 | H414: 0.054347826 | I414: 21.5 | J414: 21.62 | AD414: 0
A415: 17227 | B415: 0.19672131 | C415: 0.017576318 | D415: 0.079688036 | E415: 0.064792115 | F415: 0.044276673 | G415: 0.011858771 | H415: 0.065217391 | I415: 21.9 | J415: 22 | AD415: 0
A416: 17258 | B416: 0.19021739 | C416: 0 | D416: 0.077627557 | E416: 0.063466093 | F416: 0.043544102 | G416: 0.011858771 | H416: 0.076086957 | I416: 21.9 | J416: 22 | AD416: 0
A417: 17288 | B417: 0.18378378 | C417: -0.0022727273 | D417: 0.077627557 | E417: 0.060843457 | F417: 0.042817144 | G417: 0.01156721 | H417: 0.097826087 | I417: 21.9 | J417: 21.95 | AD417: 0
A418: 17319 | B418: 0.17647059 | C418: 0.0059225513 | D418: 0.077217345 | E418: 0.061810499 | F418: 0.04329234 | G418: 0.011219651 | H418: 0.085106383 | I418: 22 | J418: 22.08 | AD418: 0
A419: 17349 | B419: 0.12121212 | C419: 0.0067934783 | D419: 0.078433167 | E419: 0.062433669 | F419: 0.043514522 | G419: 0.012547355 | H419: 0.084210526 | I419: 22.2 | J419: 22.23 | AD419: 0
A420: 17380 | B420: 0.11386139 | C420: 0.0076473234 | D420: 0.083269255 | E420: 0.063995313 | F420: 0.044916174 | G420: 0.013520888 | H420: 0.072916667 | I420: 22.5 | J420: 22.4 | AD420: 0
...

Sheet CDN Data
A1: SA = Seasonally Adjusted | B1: Headline = All Items | J1: http://www150.statcan.gc.ca/t1/tbl1/en/tv.action?pid=1810000401 | L1: Core = Food/ Energy excluded | V1: Provincial = Alberta
A2: U - Unadjusted | J2: http://www150.statcan.gc.ca/t1/tbl1/en/tv.action?pid=1810000601
A3: Extra Notes/Details
A4: Month | B4: Annual Headline CPI - U | C4: Monthly Headline CPI - SA | D4: 3yr Headline CPI - U | E4: 5yr Headline CPI - U | F4: 10yr Headline CPI - U | G4: 20yr Headline CPI - U | H4: US Annual Headline CPI - U | I4: Headline CPI - U - DATA | J4: Headline CPI - SA - DATA | L4: Annual Core CPI - U | M4: Monthly Core CPI - SA | N4: 3yr Core CPI - U | O4: 5yr Core CPI - U | P4: 10yr Core CPI - U | Q4: 20yr Core CPI - U | R4: US Annual Core CPI - U | S4: Core CPI - U - DATA | T4: Core CPI - SA - DATA | V4: Annual Headline CPI Alberta- U | W4: 3yr Headline CPI Alberta - U | X4: 5yr Headline CPI Alberta - U | Y4: 10yr Headline CPI Alberta - U | Z4: 20yr Headline CPI Alberta - U | AA4: Headline CPI Alberta - U - DATA
A5: {=_xlfn.LET(_xlpm.Dates,CPI_Downloader!$A$2:$A$5000,_xlpm.Data,CPI_Downloader!$B$2:$S$5000,_xlfn._xlws.FILTER(_xlpm.Dates,_xlfn.BYROW(_xlpm.Data,_xlfn.LAMBDA(_xlpm.r,COUNT(_xlpm.r)>0)),""))} -> 4750 | B5: {=_xlfn.MAP(_xlfn.ANCHORARRAY($A$5),_xlfn.LAMBDA(_xlpm.d,_xlfn.LET(_xlpm.v,_xlfn.XLOOKUP(_xlpm.d,CPI_Downloader!$A$2:$A$5000,CPI_Downloader!$B$2:$B$5000,""),_xlpm.p,IFERROR(_xlfn.XLOOKUP(EDATE(_xlpm.d,-12),CPI_Downloader!$A$2:$A$5000,CPI_Downloader!$B$2:$B$5000,""),""),IF(OR(_xlpm.v="",_xlpm.p=""),"",IFERROR(_xlpm.v/_xlpm.p-1,"")))))} | C5: {=_xlfn.MAP(_xlfn.ANCHORARRAY($A$5),_xlfn.LAMBDA(_xlpm.d,_xlfn.LET(_xlpm.v,_xlfn.XLOOKUP(_xlpm.d,CPI_Downloader!$A$2:$A$5000,CPI_Downloader!$C$2:$C$5000,""),_xlpm.p,IFERROR(_xlfn.XLOOKUP(EDATE(_xlpm.d,-1),CPI_Downloader!$A$2:$A$5000,CPI_Downloader!$C$2:$C$5000,""),""),IF(OR(_xlpm.v="",_xlpm.p=""),"",IFERROR(_xlpm.v/_xlpm.p-1,"")))))} | D5: {=_xlfn.MAP(_xlfn.ANCHORARRAY($A$5),_xlfn.LAMBDA(_xlpm.d,_xlfn.LET(_xlpm.v,_xlfn.XLOOKUP(_xlpm.d,CPI_Downloader!$A$2:$A$5000,CPI_Downloader!$B$2:$B$5000,""),_xlpm.p,IFERROR(_xlfn.XLOOKUP(EDATE(_xlpm.d,-36),CPI_Downloader!$A$2:$A$5000,CPI_Downloader!$B$2:$B$5000,""),""),IF(OR(_xlpm.v="",_xlpm.p=""),"",IFERROR((_xlpm.v/_xlpm.p)^(1/3)-1,"")))))} | E5: {=_xlfn.MAP(_xlfn.ANCHORARRAY($A$5),_xlfn.LAMBDA(_xlpm.d,_xlfn.LET(_xlpm.v,_xlfn.XLOOKUP(_xlpm.d,CPI_Downloader!$A$2:$A$5000,CPI_Downloader!$B$2:$B$5000,""),_xlpm.p,IFERROR(_xlfn.XLOOKUP(EDATE(_xlpm.d,-60),CPI_Downloader!$A$2:$A$5000,CPI_Downloader!$B$2:$B$5000,""),""),IF(OR(_xlpm.v="",_xlpm.p=""),"",IFERROR((_xlpm.v/_xlpm.p)^(1/5)-1,"")))))} | F5: {=_xlfn.MAP(_xlfn.ANCHORARRAY($A$5),_xlfn.LAMBDA(_xlpm.d,_xlfn.LET(_xlpm.v,_xlfn.XLOOKUP(_xlpm.d,CPI_Downloader!$A$2:$A$5000,CPI_Downloader!$B$2:$B$5000,""),_xlpm.p,IFERROR(_xlfn.XLOOKUP(EDATE(_xlpm.d,-120),CPI_Downloader!$A$2:$A$5000,CPI_Downloader!$B$2:$B$5000,""),""),IF(OR(_xlpm.v="",_xlpm.p=""),"",IFERROR((_xlpm.v/_xlpm.p)^(1/10)-1,"")))))} | G5: {=_xlfn.MAP(_xlfn.ANCHORARRAY($A$5),_xlfn.LAMBDA(_xlpm.d,_xlfn.LET(_xlpm.v,_xlfn.XLOOKUP(_xlpm.d,CPI_Downloader!$A$2:$A$5000,CPI_Downloader!$B$2:$B$5000,""),_xlpm.p,IFERROR(_xlfn.XLOOKUP(EDATE(_xlpm.d,-240),CPI_Downloader!$A$2:$A$5000,CPI_Downloader!$B$2:$B$5000,""),""),IF(OR(_xlpm.v="",_xlpm.p=""),"",IFERROR((_xlpm.v/_xlpm.p)^(1/20)-1,"")))))} | H5: {=_xlfn.MAP(_xlfn.ANCHORARRAY($A$5),_xlfn.LAMBDA(_xlpm.d,_xlfn.LET(_xlpm.v,_xlfn.XLOOKUP(_xlpm.d,CPI_Downloader!$A$2:$A$5000,CPI_Downloader!$G$2:$G$5000,""),_xlpm.p,IFERROR(_xlfn.XLOOKUP(EDATE(_xlpm.d,-12),CPI_Downloader!$A$2:$A$5000,CPI_Downloader!$G$2:$G$5000,""),""),IF(OR(_xlpm.v="",_xlpm.p=""),"",IFERROR(_xlpm.v/_xlpm.p-1,"")))))} | I5: {=_xlfn.LET(_xlpm.v,_xlfn.XLOOKUP(_xlfn.ANCHORARRAY($A$5),CPI_Downloader!$A$2:$A$5000,CPI_Downloader!$B$2:$B$5000,""),IF(_xlpm.v="","",_xlpm.v))} | J5: {=_xlfn.LET(_xlpm.v,_xlfn.XLOOKUP(_xlfn.ANCHORARRAY($A$5),CPI_Downloader!$A$2:$A$5000,CPI_Downloader!$C$2:$C$5000,""),IF(_xlpm.v="","",_xlpm.v))} | L5: {=_xlfn.MAP(_xlfn.ANCHORARRAY($A$5),_xlfn.LAMBDA(_xlpm.d,_xlfn.LET(_xlpm.v,_xlfn.XLOOKUP(_xlpm.d,CPI_Downloader!$A$2:$A$5000,CPI_Downloader!$D$2:$D$5000,""),_xlpm.p,IFERROR(_xlfn.XLOOKUP(EDATE(_xlpm.d,-12),CPI_Downloader!$A$2:$A$5000,CPI_Downloader!$D$2:$D$5000,""),""),IF(OR(_xlpm.v="",_xlpm.p=""),"",IFERROR(_xlpm.v/_xlpm.p-1,"")))))} | M5: {=_xlfn.MAP(_xlfn.ANCHORARRAY($A$5),_xlfn.LAMBDA(_xlpm.d,_xlfn.LET(_xlpm.v,_xlfn.XLOOKUP(_xlpm.d,CPI_Downloader!$A$2:$A$5000,CPI_Downloader!$E$2:$E$5000,""),_xlpm.p,IFERROR(_xlfn.XLOOKUP(EDATE(_xlpm.d,-1),CPI_Downloader!$A$2:$A$5000,CPI_Downloader!$E$2:$E$5000,""),""),IF(OR(_xlpm.v="",_xlpm.p=""),"",IFERROR(_xlpm.v/_xlpm.p-1,"")))))} | N5: {=_xlfn.MAP(_xlfn.ANCHORARRAY($A$5),_xlfn.LAMBDA(_xlpm.d,_xlfn.LET(_xlpm.v,_xlfn.XLOOKUP(_xlpm.d,CPI_Downloader!$A$2:$A$5000,CPI_Downloader!$D$2:$D$5000,""),_xlpm.p,IFERROR(_xlfn.XLOOKUP(EDATE(_xlpm.d,-36),CPI_Downloader!$A$2:$A$5000,CPI_Downloader!$D$2:$D$5000,""),""),IF(OR(_xlpm.v="",_xlpm.p=""),"",IFERROR((_xlpm.v/_xlpm.p)^(1/3)-1,"")))))} | O5: {=_xlfn.MAP(_xlfn.ANCHORARRAY($A$5),_xlfn.LAMBDA(_xlpm.d,_xlfn.LET(_xlpm.v,_xlfn.XLOOKUP(_xlpm.d,CPI_Downloader!$A$2:$A$5000,CPI_Downloader!$D$2:$D$5000,""),_xlpm.p,IFERROR(_xlfn.XLOOKUP(EDATE(_xlpm.d,-60),CPI_Downloader!$A$2:$A$5000,CPI_Downloader!$D$2:$D$5000,""),""),IF(OR(_xlpm.v="",_xlpm.p=""),"",IFERROR((_xlpm.v/_xlpm.p)^(1/5)-1,"")))))} | P5: {=_xlfn.MAP(_xlfn.ANCHORARRAY($A$5),_xlfn.LAMBDA(_xlpm.d,_xlfn.LET(_xlpm.v,_xlfn.XLOOKUP(_xlpm.d,CPI_Downloader!$A$2:$A$5000,CPI_Downloader!$D$2:$D$5000,""),_xlpm.p,IFERROR(_xlfn.XLOOKUP(EDATE(_xlpm.d,-120),CPI_Downloader!$A$2:$A$5000,CPI_Downloader!$D$2:$D$5000,""),""),IF(OR(_xlpm.v="",_xlpm.p=""),"",IFERROR((_xlpm.v/_xlpm.p)^(1/10)-1,"")))))} | Q5: {=_xlfn.MAP(_xlfn.ANCHORARRAY($A$5),_xlfn.LAMBDA(_xlpm.d,_xlfn.LET(_xlpm.v,_xlfn.XLOOKUP(_xlpm.d,CPI_Downloader!$A$2:$A$5000,CPI_Downloader!$D$2:$D$5000,""),_xlpm.p,IFERROR(_xlfn.XLOOKUP(EDATE(_xlpm.d,-240),CPI_Downloader!$A$2:$A$5000,CPI_Downloader!$D$2:$D$5000,""),""),IF(OR(_xlpm.v="",_xlpm.p=""),"",IFERROR((_xlpm.v/_xlpm.p)^(1/20)-1,"")))))} | R5: {=_xlfn.MAP(_xlfn.ANCHORARRAY($A$5),_xlfn.LAMBDA(_xlpm.d,_xlfn.LET(_xlpm.v,_xlfn.XLOOKUP(_xlpm.d,CPI_Downloader!$A$2:$A$5000,CPI_Downloader!$I$2:$I$5000,""),_xlpm.p,IFERROR(_xlfn.XLOOKUP(EDATE(_xlpm.d,-12),CPI_Downloader!$A$2:$A$5000,CPI_Downloader!$I$2:$I$5000,""),""),IF(OR(_xlpm.v="",_xlpm.p=""),"",IFERROR(_xlpm.v/_xlpm.p-1,"")))))} | S5: {=_xlfn.LET(_xlpm.v,_xlfn.XLOOKUP(_xlfn.ANCHORARRAY($A$5),CPI_Downloader!$A$2:$A$5000,CPI_Downloader!$D$2:$D$5000,""),IF(_xlpm.v="","",_xlpm.v))} | T5: {=_xlfn.LET(_xlpm.v,_xlfn.XLOOKUP(_xlfn.ANCHORARRAY($A$5),CPI_Downloader!$A$2:$A$5000,CPI_Downloader!$E$2:$E$5000,""),IF(_xlpm.v="","",_xlpm.v))} | V5: {=_xlfn.MAP(_xlfn.ANCHORARRAY($A$5),_xlfn.LAMBDA(_xlpm.d,_xlfn.LET(_xlpm.v,_xlfn.XLOOKUP(_xlpm.d,CPI_Downloader!$A$2:$A$5000,CPI_Downloader!$F$2:$F$5000,""),_xlpm.p,IFERROR(_xlfn.XLOOKUP(EDATE(_xlpm.d,-12),CPI_Downloader!$A$2:$A$5000,CPI_Downloader!$F$2:$F$5000,""),""),IF(OR(_xlpm.v="",_xlpm.p=""),"",IFERROR(_xlpm.v/_xlpm.p-1,"")))))} | W5: {=_xlfn.MAP(_xlfn.ANCHORARRAY($A$5),_xlfn.LAMBDA(_xlpm.d,_xlfn.LET(_xlpm.v,_xlfn.XLOOKUP(_xlpm.d,CPI_Downloader!$A$2:$A$5000,CPI_Downloader!$F$2:$F$5000,""),_xlpm.p,IFERROR(_xlfn.XLOOKUP(EDATE(_xlpm.d,-36),CPI_Downloader!$A$2:$A$5000,CPI_Downloader!$F$2:$F$5000,""),""),IF(OR(_xlpm.v="",_xlpm.p=""),"",IFERROR((_xlpm.v/_xlpm.p)^(1/3)-1,"")))))} | X5: {=_xlfn.MAP(_xlfn.ANCHORARRAY($A$5),_xlfn.LAMBDA(_xlpm.d,_xlfn.LET(_xlpm.v,_xlfn.XLOOKUP(_xlpm.d,CPI_Downloader!$A$2:$A$5000,CPI_Downloader!$F$2:$F$5000,""),_xlpm.p,IFERROR(_xlfn.XLOOKUP(EDATE(_xlpm.d,-60),CPI_Downloader!$A$2:$A$5000,CPI_Downloader!$F$2:$F$5000,""),""),IF(OR(_xlpm.v="",_xlpm.p=""),"",IFERROR((_xlpm.v/_xlpm.p)^(1/5)-1,"")))))} | Y5: {=_xlfn.MAP(_xlfn.ANCHORARRAY($A$5),_xlfn.LAMBDA(_xlpm.d,_xlfn.LET(_xlpm.v,_xlfn.XLOOKUP(_xlpm.d,CPI_Downloader!$A$2:$A$5000,CPI_Downloader!$F$2:$F$5000,""),_xlpm.p,IFERROR(_xlfn.XLOOKUP(EDATE(_xlpm.d,-120),CPI_Downloader!$A$2:$A$5000,CPI_Downloader!$F$2:$F$5000,""),""),IF(OR(_xlpm.v="",_xlpm.p=""),"",IFERROR((_xlpm.v/_xlpm.p)^(1/10)-1,"")))))} | Z5: {=_xlfn.MAP(_xlfn.ANCHORARRAY($A$5),_xlfn.LAMBDA(_xlpm.d,_xlfn.LET(_xlpm.v,_xlfn.XLOOKUP(_xlpm.d,CPI_Downloader!$A$2:$A$5000,CPI_Downloader!$F$2:$F$5000,""),_xlpm.p,IFERROR(_xlfn.XLOOKUP(EDATE(_xlpm.d,-240),CPI_Downloader!$A$2:$A$5000,CPI_Downloader!$F$2:$F$5000,""),""),IF(OR(_xlpm.v="",_xlpm.p=""),"",IFERROR((_xlpm.v/_xlpm.p)^(1/20)-1,"")))))} | AA5: {=_xlfn.LET(_xlpm.v,_xlfn.XLOOKUP(_xlfn.ANCHORARRAY($A$5),CPI_Downloader!$A$2:$A$5000,CPI_Downloader!$F$2:$F$5000,""),IF(_xlpm.v="","",_xlpm.v))}
A6: 4781
A7: 4809
A8: 4840
A9: 4870
A10: 4901
A11: 4931
A12: 4962
A13: 4993
A14: 5023
A15: 5054
A16: 5084
A17: 5115 | H17: 0.020408163 | I17: 6
A18: 5146 | H18: 0.010204082 | I18: 6
A19: 5174 | H19: 0.010204082 | I19: 6
A20: 5205 | H20: 0 | I20: 6
A21: 5235 | H21: 0.020618557 | I21: 5.9
A22: 5266 | H22: 0.010204082 | I22: 6
A23: 5296 | H23: 0.01010101 | I23: 5.9
A24: 5327 | H24: 0.03030303 | I24: 6
A25: 5358 | H25: 0.02 | I25: 6
A26: 5388 | H26: 0.01 | I26: 6.1
A27: 5419 | H27: 0.0099009901 | I27: 6.1
A28: 5449 | H28: 0.01 | I28: 6.1
A29: 5480 | B29: 0.016666667 | H29: 0.01 | I29: 6.1
A30: 5511 | B30: 0.016666667 | H30: 0.01010101 | I30: 6.1
A31: 5539 | B31: 0.016666667 | H31: 0 | I31: 6.1
A32: 5570 | B32: 0.016666667 | H32: 0.020408163 | I32: 6.1
A33: 5600 | B33: 0.033898305 | H33: 0.02020202 | I33: 6.1
A34: 5631 | B34: 0.016666667 | H34: 0.02020202 | I34: 6.1
A35: 5661 | B35: 0.033898305 | H35: 0.01 | I35: 6.1
A36: 5692 | B36: 0.016666667 | H36: -0.0098039216 | I36: 6.1
A37: 5723 | B37: 0.016666667 | H37: -0.0098039216 | I37: 6.1
A38: 5753 | B38: 0 | H38: 0.0099009901 | I38: 6.1
A39: 5784 | B39: 0.032786885 | H39: 0.0098039216 | I39: 6.3
A40: 5814 | B40: 0.032786885 | H40: 0.01980198 | I40: 6.3
... A52: 6180 | B52: 0.14285714 | H52: 0.12621359 | I52: 7.2
A53: 6211 | B53: 0.15625 | D53: 0.072408275 | H53: 0.125 | I53: 7.4
A54: 6242 | B54: 0.13846154 | D54: 0.072408275 | H54: 0.15384615 | I54: 7.4
A55: 6270 | B55: 0.16923077 | D55: 0.081983856 | H55: 0.14285714 | I55: 7.6
A56: 6301 | B56: 0.16923077 | D56: 0.081983856 | H56: 0.18867925 | I56: 7.6
A57: 6331 | B57: 0.21538462 | D57: 0.10219481 | H57: 0.19626168 | I57: 7.9
A58: 6362 | B58: 0.21212121 | D58: 0.10064242 | H58: 0.2037037 | I58: 8
A59: 6392 | B59: 0.21212121 | D59: 0.10682593 | H59: 0.18518519 | I59: 8
A60: 6423 | B60: 0.21212121 | D60: 0.10064242 | H60: 0.19266055 | I60: 8
A61: 6454 | B61: 0.17647059 | D61: 0.10064242 | H61: 0.1981982 | I61: 8
A62: 6484 | B62: 0.1884058 | D62: 0.10364146 | H62: 0.19469027 | I62: 8.2
A63: 6515 | B63: 0.15492958 | D63: 0.10364146 | H63: 0.17391304 | I63: 8.2
A64: 6545 | B64: 0.15277778 | D64: 0.10810969 | H64: 0.18103448 | I64: 8.3
... A76: 6910 | B76: 0.13253012 | D76: 0.14269178 | H76: 0.20437956 | I76: 9.4
A77: 6941 | B77: 0.13095238 | D77: 0.14072566 | E77: 0.096262279 | H77: 0.17857143 | I77: 9.5
A78: 6972 | B78: 0.10588235 | D78: 0.13084956 | E78: 0.093944579 | H78: 0.14893617 | I78: 9.4
A79: 7000 | B79: 0.093023256 | D79: 0.13084956 | E79: 0.093944579 | H79: 0.17142857 | I79: 9.4
A80: 7031 | B80: 0.093023256 | D80: 0.13084956 | E80: 0.093944579 | H80: 0.17605634 | I80: 9.4
A81: 7061 | B81: 0.11494253 | D81: 0.14275411 | E81: 0.10454635 | H81: 0.16551724 | I81: 9.7
A82: 7092 | B82: 0.10227273 | D82: 0.13695323 | E82: 0.10083973 | H82: 0.14965986 | I82: 9.7
A83: 7122 | B83: 0.1011236 | D83: 0.14084694 | E83: 0.10681443 | H83: 0.15231788 | I83: 9.8
A84: 7153 | B84: 0.086956522 | D84: 0.14855559 | E84: 0.10756634 | H84: 0.14935065 | I84: 10
A85: 7184 | B85: 0.086956522 | D85: 0.13718301 | E85: 0.10756634 | H85: 0.13375796 | I85: 10
A86: 7214 | B86: 0.075268817 | D86: 0.13166262 | E86: 0.10391093 | H86: 0.13125 | I86: 10
A87: 7245 | B87: 0.074468085 | D87: 0.12465938 | E87: 0.10610997 | H87: 0.13496933 | I87: 10.1
A88: 7275 | B88: 0.085106383 | D88: 0.12311068 | E88: 0.10829167 | H88: 0.14545455 | I88: 10.2
... A136: 8736 | B136: 0 | D136: -0.063466605 | E136: -0.004292004 | H136: 0.023668639 | I136: 9.2
A137: 8767 | B137: 0 | D137: -0.057824701 | E137: -0.0063971137 | F137: 0.0436711 | H137: 0.029761905 | I137: 9.2
A138: 8798 | B138: 0 | D138: -0.05204434 | E138: -0.004292004 | F138: 0.0436711 | H138: 0.023809524 | I138: 9.2
A139: 8827 | B139: -0.010752688 | D139: -0.043100834 | E139: -0.004292004 | F139: 0.0436711 | H139: 0.017857143 | I139: 9.2
A140: 8858 | B140: -0.02173913 | D140: -0.040862703 | E140: -0.0086593127 | F140: 0.041379744 | H140: 0.0059171598 | I140: 9
A141: 8888 | B141: -0.032608696 | D141: -0.038099828 | E141: -0.017067592 | F141: 0.041966604 | H141: 0.0059171598 | I141: 8.9
A142: 8919 | B142: -0.043478261 | D142: -0.031936945 | E142: -0.019286423 | F142: 0.039042094 | H142: 0 | I142: 8.8
A143: 8949 | B143: -0.032967033 | D143: -0.031936945 | E143: -0.021296099 | F143: 0.040789893 | H143: -0.0058139535 | I143: 8.8
A144: 8980 | B144: -0.02173913 | D144: -0.024658002 | E144: -0.020851638 | F144: 0.041379744 | H144: -0.0058479532 | I144: 9
A145: 9011 | B145: -0.02173913 | D145: -0.024658002 | E145: -0.020851638 | F145: 0.041379744 | H145: -0.0058139535 | I145: 9
A146: 9041 | B146: -0.02173913 | D146: -0.024658002 | E146: -0.020851638 | F146: 0.039659838 | H146: -0.0057803468 | I146: 9
A147: 9072 | B147: -0.010869565 | D147: -0.010753522 | E147: -0.020636298 | F147: 0.04080928 | H147: -0.0057803468 | I147: 9.1
A148: 9102 | B148: -0.010869565 | D148: -0.010753522 | E148: -0.022564194 | F148: 0.04080928 | H148: 0 | I148: 9.1
... A256: 12389 | B256: -0.02739726 | D256: -0.069052424 | E256: -0.050501891 | F256: -0.025578064 | H256: 0.0076335878 | I256: 7.1
A257: 12420 | B257: 0 | D257: -0.061132265 | E257: -0.04784219 | F257: -0.02421426 | G257: 0.0091577558 | H257: 0.023255814 | I257: 7.2
A258: 12451 | B258: 0 | D258: -0.057507257 | E258: -0.04784219 | F258: -0.02421426 | G258: 0.0091577558 | H258: 0.047244094 | I258: 7.2
A259: 12479 | B259: 0.028169014 | D259: -0.049465295 | E259: -0.04521188 | F259: -0.022867399 | G259: 0.0098539778 | H259: 0.055555556 | I259: 7.3
A260: 12510 | B260: 0.028169014 | D260: -0.045708202 | E260: -0.043122608 | F260: -0.020717407 | G260: 0.0098539778 | H260: 0.055555556 | I260: 7.3
A261: 12540 | B261: 0.014084507 | D261: -0.046286051 | E261: -0.04784219 | F261: -0.020973947 | G261: 0.010006164 | H261: 0.055555556 | I261: 7.2
A262: 12571 | B262: 0.014084507 | D262: -0.042424819 | E262: -0.04784219 | F262: -0.019867066 | G262: 0.0091577558 | H262: 0.05511811 | I262: 7.2
A263: 12601 | B263: 0.014084507 | D263: -0.038500286 | E263: -0.04784219 | F263: -0.019867066 | G263: 0.010006164 | H263: 0.022900763 | I263: 7.2
A264: 12632 | B264: 0 | D264: -0.042424819 | E264: -0.04784219 | F264: -0.022067231 | G264: 0.0091577558 | H264: 0.015151515 | I264: 7.2
A265: 12663 | B265: 0 | D265: -0.038500286 | E265: -0.04784219 | F265: -0.022067231 | G265: 0.0091577558 | H265: 0.03030303 | I265: 7.2
A266: 12693 | B266: 0.014084507 | D266: -0.03045389 | E266: -0.049898706 | F266: -0.022067231 | G266: 0.0083240667 | H266: 0.022727273 | I266: 7.2
A267: 12724 | B267: 0.014084507 | D267: -0.03045389 | E267: -0.049898706 | F267: -0.023147234 | G267: 0.0083240667 | H267: 0.022727273 | I267: 7.2
A268: 12754 | B268: 0.014084507 | D268: -0.03045389 | E268: -0.051928856 | F268: -0.023147234 | G268: 0.0083240667 | H268: 0.015151515 | I268: 7.2
... A544: 21155 | B544: 0.020547945 | D544: 0.018565711 | E544: 0.011098419 | F544: 0.0298793 | G544: 0.032891214 | H544: 0.028985507 | I544: 14.9
A545: 21186 | B545: 0.02739726 | D545: 0.020839303 | E545: 0.012451969 | F545: 0.029644547 | G545: 0.03390355 | H545: 0.036231884 | I545: 15 | R545: 0.031578947
A546: 21217 | B546: 0.02739726 | D546: 0.020839303 | E546: 0.013894214 | F546: 0.027823731 | G546: 0.03390355 | H546: 0.032490975 | I546: 15 | R546: 0.031578947
A547: 21245 | B547: 0.034246575 | D547: 0.023102812 | E547: 0.016699077 | F547: 0.0285069 | G547: 0.033580048 | H547: 0.035971223 | I547: 15.1 | R547: 0.027874564
A548: 21276 | B548: 0.027210884 | D548: 0.023102812 | E548: 0.016699077 | F548: 0.027609027 | G548: 0.033580048 | H548: 0.035842294 | I548: 15.1 | R548: 0.024305556
A549: 21306 | B549: 0.027210884 | D549: 0.023102812 | E549: 0.016699077 | F549: 0.026719702 | G549: 0.034247098 | H549: 0.032142857 | I549: 15.1 | R549: 0.024305556
A550: 21337 | B550: 0.02027027 | D550: 0.023102812 | E550: 0.016699077 | F550: 0.024966082 | G550: 0.034247098 | H550: 0.028469751 | I550: 15.1 | R550: 0.020761246
A551: 21367 | B551: 0.02027027 | D551: 0.023102812 | E551: 0.016699077 | F551: 0.024966082 | G551: 0.033580048 | H551: 0.024734982 | I551: 15.1 | R551: 0.024221453
...

Sheet Data Visualizations
B2: US Headline CPI | E2: Start Date | F2: 36526 | H2: End Date | I2: =TODAY() -> 46280 | T2: Canadian Headline CPI | X2: Start Date | Y2: 36526 | AA2: End Date | AB2: =TODAY() -> 46280 | AI2: US Recessions, Unemployment, Fed Funds & S&P 500 | AR2: Start Date | AS2: 36526 | AU2: End Date | AV2: =TODAY() -> 46280
CQ4: Month | CR4: Monthly CPI - SA | CS4: Annual CPI - U | CT4: US Recession | CV4: Month | CW4: Monthly CDN Headline CPI - SA | CX4: Annual CDN Headline CPI - U | CY4: Annual Alberta Headline CPI - U | DA4: Month | DB4: Monthly US Core CPI - SA | DC4: Annual US Core CPI - U | DE4: Month | DF4: Monthly CDN Core CPI - SA | DG4: Annual CDN Core CPI - U | DI4: Month | DJ4: Recession Shade | DK4: Monthly Unemployment - SA | DL4: Effective Fed Funds Rate - Monthly Avg | DM4: S&P 500 (EOM) | DO4: Chart Axis Setting | DP4: Value | DR4: US Recession Shade (Lower)
CQ5: {=_xlfn.LET( _xlpm.d,_xlfn.ANCHORARRAY('US Data'!$A$5), _xlpm.a,_xlfn.ANCHORARRAY('US Data'!$B$5), _xlpm.m,_xlfn.ANCHORARRAY('US Data'!$C$5), _xlpm.base,_xlfn._xlws.FILTER(_xlpm.d,((_xlpm.a<>"")+(_xlpm.m<>""))>0), _xlpm.s,$F$2, _xlpm.e,$I$2, _xlpm.valid,IFERROR(AND(ISNUMBER(_xlpm.s),ISNUMBER(_xlpm.e),_xlpm.s<=_xlpm.e),FALSE), _xlpm.lo,MIN(_xlpm.base), _xlpm.hi,MAX(_xlpm.base), _xlpm.startDate,MAX(_xlpm.lo,MIN(IF(ISNUMBER(_xlpm.s),_xlpm.s,_xlpm.lo),_xlpm.hi)), _xlpm.endDate,MAX(_xlpm.lo,MIN(IF(ISNUMBER(_xlpm.e),_xlpm.e,_xlpm.hi),_xlpm.hi)), IF(_xlpm.valid,_xlfn._xlws.FILTER(_xlpm.base,(_xlpm.base>=_xlpm.startDate)*(_xlpm.base<=_xlpm.endDate)),_xlpm.base) )} -> 36526 | CR5: {=_xlfn.LET(_xlpm.v,_xlfn.XLOOKUP(_xlfn.ANCHORARRAY(CQ5),_xlfn.ANCHORARRAY('US Data'!$A$5),_xlfn.ANCHORARRAY('US Data'!$C$5),""),IF(_xlpm.v="",NA(),_xlpm.v))} -> 0.0029620853 | CS5: {=_xlfn.LET(_xlpm.v,_xlfn.XLOOKUP(_xlfn.ANCHORARRAY(CQ5),_xlfn.ANCHORARRAY('US Data'!$A$5),_xlfn.ANCHORARRAY('US Data'!$B$5),""),IF(_xlpm.v="",NA(),_xlpm.v))} -> 0.027388923 | CT5: {=_xlfn.LET(_xlpm.r,_xlfn.XLOOKUP(_xlfn.ANCHORARRAY(CQ5),_xlfn.ANCHORARRAY('US Data'!$A$5),_xlfn.TAKE('US Data'!$AD$5:$AD$5000,ROWS(_xlfn.ANCHORARRAY('US Data'!$A$5))),""),IF(_xlpm.r=1,1,NA()))} -> #N/A | CV5: {=_xlfn.LET( _xlpm.d,_xlfn.ANCHORARRAY('CDN Data'!$A$5), _xlpm.a,_xlfn.ANCHORARRAY('CDN Data'!$B$5), _xlpm.m,_xlfn.ANCHORARRAY('CDN Data'!$C$5), _xlpm.ab,_xlfn.ANCHORARRAY('CDN Data'!$V$5), _xlpm.base,_xlfn._xlws.FILTER(_xlpm.d,((_xlpm.a<>"")+(_xlpm.m<>"")+(_xlpm.ab<>""))>0), _xlpm.s,$Y$2, _xlpm.e,$AB$2, _xlpm.valid,IFERROR(AND(ISNUMBER(_xlpm.s),ISNUMBER(_xlpm.e),_xlpm.s<=_xlpm.e),FALSE), _xlpm.lo,MIN(_xlpm.base), _xlpm.hi,MAX(_xlpm.base), _xlpm.startDate,MAX(_xlpm.lo,MIN(IF(ISNUMBER(_xlpm.s),_xlpm.s,_xlpm.lo),_xlpm.hi)), _xlpm.endDate,MAX(_xlpm.lo,MIN(IF(ISNUMBER(_xlpm.e),_xlpm.e,_xlpm.hi),_xlpm.hi)), IF(_xlpm.valid,_xlfn._xlws.FILTER(_xlpm.base,(_xlpm.base>=_xlpm.startDate)*(_xlpm.base<=_xlpm.endDate)),_xlpm.base) )} -> 36526 | CW5: {=_xlfn.LET(_xlpm.v,_xlfn.XLOOKUP(_xlfn.ANCHORARRAY(CV5),_xlfn.ANCHORARRAY('CDN Data'!$A$5),_xlfn.ANCHORARRAY('CDN Data'!$C$5),""),IF(_xlpm.v="",NA(),_xlpm.v))} -> 0 | CX5: {=_xlfn.LET(_xlpm.v,_xlfn.XLOOKUP(_xlfn.ANCHORARRAY(CV5),_xlfn.ANCHORARRAY('CDN Data'!$A$5),_xlfn.ANCHORARRAY('CDN Data'!$B$5),""),IF(_xlpm.v="",NA(),_xlpm.v))} -> 0.021857923 | CY5: {=_xlfn.LET(_xlpm.v,_xlfn.XLOOKUP(_xlfn.ANCHORARRAY(CV5),_xlfn.ANCHORARRAY('CDN Data'!$A$5),_xlfn.ANCHORARRAY('CDN Data'!$V$5),""),IF(_xlpm.v="",NA(),_xlpm.v))} -> 0.027808676 | DA5: {=_xlfn.LET( _xlpm.d,_xlfn.ANCHORARRAY('US Data'!$A$5), _xlpm.a,_xlfn.ANCHORARRAY('US Data'!$L$5), _xlpm.m,_xlfn.ANCHORARRAY('US Data'!$M$5), _xlpm.base,_xlfn._xlws.FILTER(_xlpm.d,((_xlpm.a<>"")+(_xlpm.m<>""))>0), _xlpm.s,$F$27, _xlpm.e,$I$27, _xlpm.valid,IFERROR(AND(ISNUMBER(_xlpm.s),ISNUMBER(_xlpm.e),_xlpm.s<=_xlpm.e),FALSE), _xlpm.lo,MIN(_xlpm.base), _xlpm.hi,MAX(_xlpm.base), _xlpm.startDate,MAX(_xlpm.lo,MIN(IF(ISNUMBER(_xlpm.s),_xlpm.s,_xlpm.lo),_xlpm.hi)), _xlpm.endDate,MAX(_xlpm.lo,MIN(IF(ISNUMBER(_xlpm.e),_xlpm.e,_xlpm.hi),_xlpm.hi)), IF(_xlpm.valid,_xlfn._xlws.FILTER(_xlpm.base,(_xlpm.base>=_xlpm.startDate)*(_xlpm.base<=_xlpm.endDate)),_xlpm.base) )} -> 36526 | DB5: {=_xlfn.LET(_xlpm.v,_xlfn.XLOOKUP(_xlfn.ANCHORARRAY(DA5),_xlfn.ANCHORARRAY('US Data'!$A$5),_xlfn.ANCHORARRAY('US Data'!$M$5),""),IF(_xlpm.v="",NA(),_xlpm.v))} -> 0.0033575825 | DC5: {=_xlfn.LET(_xlpm.v,_xlfn.XLOOKUP(_xlfn.ANCHORARRAY(DA5),_xlfn.ANCHORARRAY('US Data'!$A$5),_xlfn.ANCHORARRAY('US Data'!$L$5),""),IF(_xlpm.v="",NA(),_xlpm.v))} -> 0.019965773 | DE5: {=_xlfn.LET( _xlpm.d,_xlfn.ANCHORARRAY('CDN Data'!$A$5), _xlpm.a,_xlfn.ANCHORARRAY('CDN Data'!$L$5), _xlpm.m,_xlfn.ANCHORARRAY('CDN Data'!$M$5), _xlpm.base,_xlfn._xlws.FILTER(_xlpm.d,((_xlpm.a<>"")+(_xlpm.m<>""))>0), _xlpm.s,$Y$27, _xlpm.e,$AB$27, _xlpm.valid,IFERROR(AND(ISNUMBER(_xlpm.s),ISNUMBER(_xlpm.e),_xlpm.s<=_xlpm.e),FALSE), _xlpm.lo,MIN(_xlpm.base), _xlpm.hi,MAX(_xlpm.base), _xlpm.startDate,MAX(_xlpm.lo,MIN(IF(ISNUMBER(_xlpm.s),_xlpm.s,_xlpm.lo),_xlpm.hi)), _xlpm.endDate,MAX(_xlpm.lo,MIN(IF(ISNUMBER(_xlpm.e),_xlpm.e,_xlpm.hi),_xlpm.hi)), IF(_xlpm.valid,_xlfn._xlws.FILTER(_xlpm.base,(_xlpm.base>=_xlpm.startDate)*(_xlpm.base<=_xlpm.endDate)),_xlpm.base) )} -> 36526 | DF5: {=_xlfn.LET(_xlpm.v,_xlfn.XLOOKUP(_xlfn.ANCHORARRAY(DE5),_xlfn.ANCHORARRAY('CDN Data'!$A$5),_xlfn.ANCHORARRAY('CDN Data'!$M$5),""),IF(_xlpm.v="",NA(),_xlpm.v))} -> 0 | DG5: {=_xlfn.LET(_xlpm.v,_xlfn.XLOOKUP(_xlfn.ANCHORARRAY(DE5),_xlfn.ANCHORARRAY('CDN Data'!$A$5),_xlfn.ANCHORARRAY('CDN Data'!$L$5),""),IF(_xlpm.v="",NA(),_xlpm.v))} -> 0.015086207 | DI5: {=_xlfn.LET( _xlpm.d,_xlfn.ANCHORARRAY('US Data'!$A$5), _xlpm.u,_xlfn.ANCHORARRAY('US Data'!$W$5), _xlpm.f,_xlfn.ANCHORARRAY('US Data'!$AB$5), _xlpm.sp,_xlfn.ANCHORARRAY('US Data'!$AG$5), _xlpm.base,_xlfn._xlws.FILTER(_xlpm.d,((_xlpm.u<>"")+(_xlpm.f<>"")+(_xlpm.sp<>""))>0), _xlpm.s,$AS$2, _xlpm.e,$AV$2, _xlpm.valid,IFERROR(AND(ISNUMBER(_xlpm.s),ISNUMBER(_xlpm.e),_xlpm.s<=_xlpm.e),FALSE), _xlpm.lo,MIN(_xlpm.base), _xlpm.hi,MAX(_xlpm.base), _xlpm.startDate,MAX(_xlpm.lo,MIN(IF(ISNUMBER(_xlpm.s),_xlpm.s,_xlpm.lo),_xlpm.hi)), _xlpm.endDate,MAX(_xlpm.lo,MIN(IF(ISNUMBER(_xlpm.e),_xlpm.e,_xlpm.hi),_xlpm.hi)), IF(_xlpm.valid,_xlfn._xlws.FILTER(_xlpm.base,(_xlpm.base>=_xlpm.startDate)*(_xlpm.base<=_xlpm.endDate)),_xlpm.base) )} -> 36526 | DJ5: {=_xlfn.LET(_xlpm.r,_xlfn.XLOOKUP(_xlfn.ANCHORARRAY(DI5),_xlfn.ANCHORARRAY('US Data'!$A$5),_xlfn.TAKE('US Data'!$AD$5:$AD$5000,ROWS(_xlfn.ANCHORARRAY('US Data'!$A$5))),""),IF(_xlpm.r=1,$DP$5,NA()))} -> #N/A | DK5: {=_xlfn.LET(_xlpm.v,_xlfn.XLOOKUP(_xlfn.ANCHORARRAY(DI5),_xlfn.ANCHORARRAY('US Data'!$A$5),_xlfn.ANCHORARRAY('US Data'!$W$5),""),IF(_xlpm.v="",NA(),_xlpm.v))} -> 0.04 | DL5: {=_xlfn.LET(_xlpm.v,_xlfn.XLOOKUP(_xlfn.ANCHORARRAY(DI5),_xlfn.ANCHORARRAY('US Data'!$A$5),_xlfn.ANCHORARRAY('US Data'!$AB$5),""),IF(_xlpm.v="",NA(),_xlpm.v))} -> 0.0545 | DM5: {=_xlfn.LET(_xlpm.v,_xlfn.XLOOKUP(_xlfn.ANCHORARRAY(DI5),_xlfn.ANCHORARRAY('US Data'!$A$5),_xlfn.ANCHORARRAY('US Data'!$AG$5),""),IF(_xlpm.v="",NA(),_xlpm.v))} -> #N/A | DO5: Recession/Unemployment chart - primary axis max (recession shade) | DP5: 0.3 | DR5: {=IF(ISNUMBER(_xlfn.ANCHORARRAY(CT5)),-1,NA())} -> #N/A
CQ6: 36557 | CR6: 0.0041346722 | CS6: 0.032218845 | CT6: #N/A | CV6: 36557 | CW6: 0.0031914894 | CX6: 0.027292576 | CY6: 0.026696329 | DA6: 36557 | DB6: 0.00055772448 | DC6: 0.021627775 | DE6: 36557 | DF6: 0.0021141649 | DG6: 0.016111708 | DI6: 36557 | DJ6: #N/A | DK6: 0.041 | DL6: 0.0573 | DM6: #N/A | DR6: #N/A
CQ7: 36586 | CR7: 0.0058823529 | CS7: 0.037575758 | CT7: #N/A | CV7: 36586 | CW7: 0.0053022269 | CX7: 0.030434783 | CY7: 0.035516093 | DA7: 36586 | DB7: 0.0033444816 | DC7: 0.024404086 | DE7: 36586 | DF7: 0.0021097046 | DG7: 0.016042781 | DI7: 36586 | DJ7: #N/A | DK7: 0.04 | DL7: 0.0585 | DM7: #N/A | DR7: #N/A
CQ8: 36617 | CR8: -0.00058479532 | CS8: 0.030685921 | CT8: #N/A | CV8: 36617 | CW8: -0.0042194093 | CX8: 0.021621622 | CY8: 0.033222591 | DA8: 36617 | DB8: 0.0016666667 | DC8: 0.023190045 | DE8: 36617 | DF8: 0 | DG8: 0.012793177 | DI8: 36617 | DJ8: #N/A | DK8: 0.038 | DL8: 0.0602 | DM8: #N/A | DR8: #N/A
CQ9: 36647 | CR9: 0.0017554125 | CS9: 0.03188929 | CT9: #N/A | CV9: 36647 | CW9: 0.0031779661 | CX9: 0.02373247 | CY9: 0.031868132 | DA9: 36647 | DB9: 0.0022185247 | DC9: 0.024348811 | DE9: 36647 | DF9: 0.0021052632 | DG9: 0.013829787 | DI9: 36647 | DJ9: #N/A | DK9: 0.04 | DL9: 0.0627 | DM9: #N/A | DR9: #N/A
CQ10: 36678 | CR10: 0.0058411215 | CS10: 0.037304452 | CT10: #N/A | CV10: 36678 | CW10: 0.0063357973 | CX10: 0.027987083 | CY10: 0.033991228 | DA10: 36678 | DB10: 0.0022136137 | DC10: 0.024915062 | DE10: 36678 | DF10: 0.0021008403 | DG10: 0.01487779 | DI10: 36678 | DJ10: #N/A | DK10: 0.04 | DL10: 0.0653 | DM10: #N/A | DR10: #N/A
CQ11: 36708 | CR11: 0.0029036005 | CS11: 0.036592681 | CT11: #N/A | CV11: 36708 | CW11: 0.0031479538 | CX11: 0.029001074 | CY11: 0.041575492 | DA11: 36708 | DB11: 0.0022087245 | DC11: 0.024872809 | DE11: 36708 | DF11: 0.001048218 | DG11: 0.015923567 | DI11: 36708 | DJ11: #N/A | DK11: 0.04 | DL11: 0.0654 | DM11: #N/A | DR11: #N/A
CQ12: 36739 | CR12: 0 | CS12: 0.034111311 | CT12: #N/A | CV12: 36739 | CW12: -0.0010460251 | CX12: 0.025723473 | CY12: 0.034744843 | DA12: 36739 | DB12: 0.0022038567 | DC12: 0.025974026 | DE12: 36739 | DF12: 0.0010471204 | DG12: 0.014830508 | DI12: 36739 | DJ12: #N/A | DK12: 0.041 | DL12: 0.065 | DM12: #N/A | DR12: #N/A
CQ13: 36770 | CR13: 0.0052113492 | CS13: 0.034544372 | CT13: #N/A | CV13: 36770 | CW13: 0.0041884817 | CX13: 0.026709402 | CY13: 0.035637149 | DA13: 36770 | DB13: 0.0021990104 | DC13: 0.025886325 | DE13: 36770 | DF13: 0.0020920502 | DG13: 0.012658228 | DI13: 36770 | DJ13: #N/A | DK13: 0.039 | DL13: 0.0652 | DM13: #N/A | DR13: #N/A
CQ14: 36800 | CR14: 0.0017281106 | CS14: 0.034482759 | CT14: #N/A | CV14: 36800 | CW14: 0.0041710115 | CX14: 0.027748132 | CY14: 0.035598706 | DA14: 36800 | DB14: 0.0016456391 | DC14: 0.025238362 | DE14: 36800 | DF14: 0.0010438413 | DG14: 0.014783527 | DI14: 36800 | DJ14: #N/A | DK14: 0.039 | DL14: 0.0651 | DM14: #N/A | DR14: #N/A
CQ15: 36831 | CR15: 0.0017251294 | CS15: 0.03446227 | CT15: #N/A | CV15: 36831 | CW15: 0.005192108 | CX15: 0.032051282 | CY15: 0.043336945 | DA15: 36831 | DB15: 0.0027382256 | DC15: 0.025784753 | DE15: 36831 | DF15: 0.0041710115 | DG15: 0.017989418 | DI15: 36831 | DJ15: #N/A | DK15: 0.039 | DL15: 0.0651 | DM15: #N/A | DR15: #N/A
CQ16: 36861 | CR16: 0.0022962113 | CS16: 0.033868093 | CT16: #N/A | CV16: 36861 | CW16: 0.0020661157 | CX16: 0.032017076 | CY16: 0.038834951 | DA16: 36861 | DB16: 0.0010922993 | DC16: 0.025813692 | DE16: 36861 | DF16: 0.0010384216 | DG16: 0.019067797 | DI16: 36861 | DJ16: #N/A | DK16: 0.039 | DL16: 0.064 | DM16: #N/A | DR16: #N/A
CQ17: 36892 | CR17: 0.0057273769 | CS17: 0.037322275 | CT17: #N/A | CV17: 36892 | CW17: -0.0020618557 | CX17: 0.029946524 | CY17: 0.010822511 | DA17: 36892 | DB17: 0.0032733224 | DC17: 0.026286353 | DE17: 36892 | DF17: 0.0010373444 | DG17: 0.01910828 | DI17: 36892 | DJ17: #N/A | DK17: 0.042 | DL17: 0.0598 | DM17: #N/A | DR17: #N/A
... CQ19: 36951 | CR19: 0.00056818182 | CS19: 0.029205607 | CT19: #N/A | CV19: 36951 | CW19: 0.0020639835 | CX19: 0.024261603 | CY19: 0.024651661 | DA19: 36951 | DB19: 0.001626898 | DC19: 0.026592798 | DE19: 36951 | DF19: 0 | DG19: 0.016842105 | DI19: 36951 | DJ19: #N/A | DK19: 0.043 | DL19: 0.0531 | DM19: #N/A | DR19: #N/A
CQ20: 36982 | CR20: 0.0017035775 | CS20: 0.032691185 | CT20: 1 | CV20: 36982 | CW20: 0.0072090628 | CX20: 0.034920635 | CY20: 0.025723473 | DA20: 36982 | DB20: 0.0021656741 | DC20: 0.025981205 | DE20: 36982 | DF20: 0.0031023785 | DG20: 0.021052632 | DI20: 36982 | DJ20: 0.3 | DK20: 0.044 | DL20: 0.048 | DM20: #N/A | DR20: -1
CQ21: 37012 | CR21: 0.0051020408 | CS21: 0.036151603 | CT21: 1 | CV21: 37012 | CW21: 0.0061349693 | CX21: 0.038988409 | CY21: 0.056443024 | DA21: 37012 | DB21: 0.001080497 | DC21: 0.025428413 | DE21: 37012 | DF21: 0.0010309278 | DG21: 0.020986359 | DI21: 37012 | DJ21: 0.3 | DK21: 0.043 | DL21: 0.0421 | DM21: #N/A | DR21: -1
CQ22: 37043 | CR22: 0.0022560632 | CS22: 0.032482599 | CT22: 1 | CV22: 37043 | CW22: 0 | CX22: 0.033507853 | CY22: 0.05514316 | DA22: 37043 | DB22: 0.0037776579 | DC22: 0.027071823 | DE22: 37043 | DF22: 0.0020597322 | DG22: 0.019895288 | DI22: 37043 | DJ22: 0.3 | DK22: 0.045 | DL22: 0.0397 | DM22: #N/A | DR22: -1
CQ23: 37073 | CR23: -0.0016882386 | CS23: 0.027199074 | CT23: 1 | CV23: 37073 | CW23: -0.0030487805 | CX23: 0.027139875 | CY23: 0.028361345 | DA23: 37073 | DB23: 0.0021505376 | DC23: 0.027027027 | DE23: 37073 | DF23: 0.0020554985 | DG23: 0.021943574 | DI23: 37073 | DJ23: 0.3 | DK23: 0.046 | DL23: 0.0377 | DM23: #N/A | DR23: -1
CQ24: 37104 | CR24: 0 | CS24: 0.027199074 | CT24: 1 | CV24: 37104 | CW24: 0.001019368 | CX24: 0.028213166 | CY24: 0.026232949 | DA24: 37104 | DB24: 0.0016094421 | DC24: 0.026967529 | DE24: 37104 | DF24: 0.0020512821 | DG24: 0.021920668 | DI24: 37104 | DJ24: 0.3 | DK24: 0.049 | DL24: 0.0365 | DM24: #N/A | DR24: -1
CQ25: 37135 | CR25: 0.003945885 | CS25: 0.026482441 | CT25: 1 | CV25: 37135 | CW25: 0.0020366599 | CX25: 0.026014568 | CY25: 0.028154327 | DA25: 37135 | DB25: 0.0021424746 | DC25: 0.026330225 | DE25: 37135 | DF25: 0.0020470829 | DG25: 0.021875 | DI25: 37135 | DJ25: 0.3 | DK25: 0.05 | DL25: 0.0307 | DM25: #N/A | DR25: -1
CQ26: 37165 | CR26: -0.0028074116 | CS26: 0.021264368 | CT26: 1 | CV26: 37165 | CW26: -0.0030487805 | CX26: 0.018691589 | CY26: 0.014583333 | DA26: 37165 | DB26: 0.0016034206 | DC26: 0.026258206 | DE26: 37165 | DF26: 0 | DG26: 0.019771072 | DI26: 37165 | DJ26: 0.3 | DK26: 0.053 | DL26: 0.0249 | DM26: #N/A | DR26: -1
B27: US Core CPI | E27: Start Date | F27: 36526 | H27: End Date | I27: =TODAY() -> 46280 | T27: Canadian Core CPI | X27: Start Date | Y27: 36526 | AA27: End Date | AB27: =TODAY() -> 46280 | CQ27: 37196 | CR27: -0.00056306306 | CS27: 0.018954624 | CT27: 1 | CV27: 37196 | CW27: -0.0071355759 | CX27: 0.0062111801 | CY27: -0.024922118 | DA27: 37196 | DB27: 0.0037353255 | DC27: 0.027868852 | DE27: 37196 | DF27: -0.0010214505 | DG27: 0.016632017 | DI27: 37196 | DJ27: 0.3 | DK27: 0.055 | DL27: 0.0209 | DM27: #N/A | DR27: -1
CQ28: 37226 | CR28: -0.00056338028 | CS28: 0.015517241 | CT28: #N/A | CV28: 37226 | CW28: 0.0030800821 | CX28: 0.0072388831 | CY28: -0.0093457944 | DA28: 37226 | DB28: 0.0015948963 | DC28: 0.027352298 | DE28: 37226 | DF28: 0.0020449898 | DG28: 0.015592516 | DI28: 37226 | DJ28: #N/A | DK28: 0.057 | DL28: 0.0182 | DM28: #N/A | DR28: #N/A
CQ29: 37257 | CR29: 0.0016910936 | CS29: 0.011422045 | CT29: #N/A | CV29: 37257 | CW29: 0.0040941658 | CX29: 0.013499481 | CY29: 0.035331906 | DA29: 37257 | DB29: 0.0015923567 | DC29: 0.025613079 | DE29: 37257 | DF29: 0.0010204082 | DG29: 0.016666667 | DI29: 37257 | DJ29: #N/A | DK29: 0.057 | DL29: 0.0173 | DM29: #N/A | DR29: #N/A
CQ30: 37288 | CR30: 0.0016882386 | CS30: 0.011376564 | CT30: #N/A | CV30: 37288 | CW30: 0.003058104 | CX30: 0.01446281 | CY30: 0.015673981 | DA30: 37288 | DB30: 0.0021197668 | DC30: 0.026030369 | DE30: 37288 | DF30: 0.003058104 | DG30: 0.01761658 | DI30: 37288 | DJ30: #N/A | DK30: 0.057 | DL30: 0.0174 | DM30: #N/A | DR30: #N/A
CQ31: 37316 | CR31: 0.0028089888 | CS31: 0.014755959 | CT31: #N/A | CV31: 37316 | CW31: 0.0040650407 | CX31: 0.01853759 | CY31: 0.019874477 | DA31: 37316 | DB31: 0.00052882073 | DC31: 0.024284943 | DE31: 37316 | DF31: 0.0030487805 | DG31: 0.02173913 | DI31: 37316 | DJ31: #N/A | DK31: 0.057 | DL31: 0.0173 | DM31: #N/A | DR31: #N/A
CQ32: 37347 | CR32: 0.0044817927 | CS32: 0.016393443 | CT32: #N/A | CV32: 37347 | CW32: 0.0070850202 | CX32: 0.017382413 | CY32: 0.034482759 | DA32: 37347 | DB32: 0.0026427061 | DC32: 0.025323276 | DE32: 37347 | DF32: 0.0050658561 | DG32: 0.022680412 | DI32: 37347 | DJ32: #N/A | DK32: 0.059 | DL32: 0.0175 | DM32: #N/A | DR32: #N/A
CQ33: 37377 | CR33: 0.001115449 | CS33: 0.01181767 | CT33: #N/A | CV33: 37377 | CW33: -0.0010050251 | CX33: 0.011156187 | CY33: 0.002016129 | DA33: 37377 | DB33: 0.0015814444 | DC33: 0.025336927 | DE33: 37377 | DF33: 0.0030241935 | DG33: 0.023638232 | DI33: 37377 | DJ33: #N/A | DK33: 0.058 | DL33: 0.0175 | DM33: #N/A | DR33: #N/A
CQ34: 37408 | CR34: 0.00055710306 | CS34: 0.010674157 | CT34: #N/A | CV34: 37408 | CW34: 0.0020120724 | CX34: 0.012158055 | CY34: 0.0040201005 | DA34: 37408 | DB34: 0.0010526316 | DC34: 0.022592792 | DE34: 37408 | DF34: 0.0040201005 | DG34: 0.026694045 | DI34: 37408 | DJ34: #N/A | DK34: 0.058 | DL34: 0.0175 | DM34: #N/A | DR34: #N/A
CQ35: 37438 | CR35: 0.0022271715 | CS35: 0.014647887 | CT35: #N/A | CV35: 37438 | CW35: 0.0070281124 | CX35: 0.021341463 | CY35: 0.020429009 | DA35: 37438 | DB35: 0.0015772871 | DC35: 0.022019334 | DE35: 37438 | DF35: 0.005005005 | DG35: 0.028629857 | DI35: 37438 | DJ35: #N/A | DK35: 0.058 | DL35: 0.0173 | DM35: #N/A | DR35: #N/A
CQ36: 37469 | CR36: 0.0027777778 | CS36: 0.018028169 | CT36: #N/A | CV36: 37469 | CW36: 0.0039880359 | CX36: 0.025406504 | CY36: 0.023517382 | DA36: 37469 | DB36: 0.0031496063 | DC36: 0.02357985 | DE36: 37469 | DF36: 0.0029880478 | DG36: 0.030643514 | DI36: 37469 | DJ36: #N/A | DK36: 0.057 | DL36: 0.0174 | DM36: #N/A | DR36: #N/A
CQ37: 37500 | CR37: 0.0016620499 | CS37: 0.015143017 | CT37: #N/A | CV37: 37500 | CW37: 0.00099304866 | CX37: 0.023326572 | CY37: 0.028397566 | DA37: 37500 | DB37: 0.0010465725 | DC37: 0.022447889 | DE37: 37500 | DF37: 0.0019860973 | DG37: 0.029561672 | DI37: 37500 | DJ37: #N/A | DK37: 0.057 | DL37: 0.0175 | DM37: #N/A | DR37: #N/A
CQ38: 37530 | CR38: 0.0022123894 | CS38: 0.020258863 | CT38: #N/A | CV38: 37530 | CW38: 0.0049603175 | CX38: 0.031600408 | CY38: 0.052361396 | DA38: 37530 | DB38: 0.0010454783 | DC38: 0.02238806 | DE38: 37530 | DF38: 0.0019821606 | DG38: 0.032653061 | DI38: 37530 | DJ38: #N/A | DK38: 0.057 | DL38: 0.0175 | DM38: #N/A | DR38: #N/A
CQ39: 37561 | CR39: 0.0016556291 | CS39: 0.021984216 | CT39: #N/A | CV39: 37561 | CW39: 0.0029615005 | CX39: 0.044238683 | CY39: 0.096911608 | DA39: 37561 | DB39: 0.0020887728 | DC39: 0.019670388 | DE39: 37561 | DF39: 0.0029673591 | DG39: 0.036809816 | DI39: 37561 | DJ39: #N/A | DK39: 0.059 | DL39: 0.0134 | DM39: #N/A | DR39: #N/A
... CQ100: 39417 | CR100: 0.0028980146 | CS100: 0.040812686 | CT100: #N/A | CV100: 39417 | CW100: 0.0035650624 | CX100: 0.023765996 | CY100: 0.041155867 | DA100: 39417 | DB100: 0.0023887896 | DC100: 0.024389773 | DE100: 39417 | DF100: 0.00091407678 | DG100: 0.016728625 | DI100: 39417 | DJ100: #N/A | DK100: 0.05 | DL100: 0.0424 | DM100: #N/A | DR100: #N/A
CQ101: 39448 | CR101: 0.0034477051 | CS101: 0.04280294 | CT101: 1 | CV101: 39448 | CW101: -0.0017761989 | CX101: 0.021937843 | CY101: 0.035745423 | DA101: 39448 | DB101: 0.0028287548 | DC101: 0.024657587 | DE101: 39448 | DF101: -0.00091324201 | DG101: 0.013011152 | DI101: 39448 | DJ101: 0.3 | DK101: 0.05 | DL101: 0.0394 | DM101: #N/A | DR101: -1
CQ102: 39479 | CR102: 0.0024178269 | CS102: 0.040265554 | CT102: 1 | CV102: 39479 | CW102: 0.0017793594 | CX102: 0.01814882 | CY102: 0.034782609 | DA102: 39479 | DB102: 0.0007858877 | DC102: 0.022734229 | DE102: 39479 | DF102: 0.0018281536 | DG102: 0.012962963 | DI102: 39479 | DJ102: 0.3 | DK102: 0.049 | DL102: 0.0298 | DM102: #N/A | DR102: -1
CQ103: 39508 | CR103: 0.0035780278 | CS103: 0.039814562 | CT103: 1 | CV103: 39508 | CW103: 0.0017761989 | CX103: 0.01350135 | CY103: 0.029209622 | DA103: 39508 | DB103: 0.0022483044 | DC103: 0.023546729 | DE103: 39508 | DF103: 0.00091240876 | DG103: 0.010138249 | DI103: 39508 | DJ103: 0.3 | DK103: 0.051 | DL103: 0.0261 | DM103: #N/A | DR103: -1
CQ104: 39539 | CR104: 0.002314381 | CS104: 0.039368898 | CT104: 1 | CV104: 39539 | CW104: 0.0044326241 | CX104: 0.01702509 | CY104: 0.032340426 | DA104: 39539 | DB104: 0.00065292417 | DC104: 0.02257609 | DE104: 39539 | DF104: 0.0018231541 | DG104: 0.011039558 | DI104: 39539 | DJ104: 0.3 | DK104: 0.05 | DL104: 0.0228 | DM104: #N/A | DR104: -1
CQ105: 39569 | CR105: 0.0059174917 | CS105: 0.04175543 | CT105: 1 | CV105: 39569 | CW105: 0.0070609003 | CX105: 0.022301517 | CY105: 0.037351443 | DA105: 39569 | DB105: 0.0017524236 | DC105: 0.023127104 | DE105: 39569 | DF105: 0.00090991811 | DG105: 0.011926606 | DI105: 39569 | DJ105: 0.3 | DK105: 0.054 | DL105: 0.0198 | DM105: #N/A | DR105: -1
CQ106: 39600 | CR106: 0.010478235 | CS106: 0.0502179 | CT106: 1 | CV106: 39600 | CW106: 0.0070113935 | CX106: 0.031277927 | CY106: 0.043771044 | DA106: 39600 | DB106: 0.0022704433 | DC106: 0.024131247 | DE106: 39600 | DF106: 0.0027272727 | DG106: 0.011926606 | DI106: 39600 | DJ106: 0.3 | DK106: 0.056 | DL106: 0.02 | DM106: #N/A | DR106: -1
CQ107: 39630 | CR107: 0.0071414448 | CS107: 0.056001229 | CT107: 1 | CV107: 39630 | CW107: 0.0043516101 | CX107: 0.033928571 | CY107: 0.035264484 | DA107: 39630 | DB107: 0.0025113265 | DC107: 0.025095371 | DE107: 39630 | DF107: 0.00090661831 | DG107: 0.011915674 | DI107: 39630 | DJ107: 0.3 | DK107: 0.058 | DL107: 0.0201 | DM107: #N/A | DR107: -1
CQ108: 39661 | CR108: -0.0014884757 | CS108: 0.053718551 | CT108: 1 | CV108: 39661 | CW108: 0 | CX108: 0.034914951 | CY108: 0.040234702 | DA108: 39661 | DB108: 0.0019818026 | DC108: 0.025413171 | DE108: 39661 | DF108: 0.0018115942 | DG108: 0.011904762 | DI108: 39661 | DJ108: 0.3 | DK108: 0.061 | DL108: 0.02 | DM108: #N/A | DR108: -1
CQ109: 39692 | CR109: 0.00085509168 | CS109: 0.049369274 | CT109: 1 | CV109: 39692 | CW109: 0.00086655113 | CX109: 0.033958892 | CY109: 0.028475712 | DA109: 39692 | DB109: 0.0014787909 | DC109: 0.024732077 | DE109: 39692 | DF109: 0 | DG109: 0.010027347 | DI109: 39692 | DJ109: 0.3 | DK109: 0.061 | DL109: 0.0181 | DM109: #N/A | DR109: -1
CQ110: 39722 | CR110: -0.0085984366 | CS110: 0.036551863 | CT110: 1 | CV110: 39722 | CW110: -0.0069264069 | CX110: 0.025985663 | CY110: 0.024451939 | DA110: 39722 | DB110: 0.00034607984 | DC110: 0.022160156 | DE110: 39722 | DF110: -0.0018083183 | DG110: 0.0091240876 | DI110: 39722 | DJ110: 0.3 | DK110: 0.065 | DL110: 0.0097 | DM110: #N/A | DR110: -1
CQ111: 39753 | CR111: -0.017705477 | CS111: 0.010695747 | CT111: 1 | CV111: 39753 | CW111: -0.0034873583 | CX111: 0.019660411 | CY111: 0.020990764 | DA111: 39753 | DB111: 0.00073343543 | DC111: 0.020029656 | DE111: 39753 | DF111: 0.0054347826 | DG111: 0.015510949 | DI111: 39753 | DJ111: 0.3 | DK111: 0.068 | DL111: 0.0039 | DM111: #N/A | DR111: -1
CQ112: 39783 | CR112: -0.0082335224 | CS112: 0.00091412901 | CT112: 1 | CV112: 39783 | CW112: -0.0034995626 | CX112: 0.011607143 | CY112: 0.019343987 | DA112: 39783 | DB112: -0.00010140726 | DC112: 0.017630771 | DE112: 39783 | DF112: 0.0009009009 | DG112: 0.014625229 | DI112: 39783 | DJ112: 0.3 | DK112: 0.073 | DL112: 0.0016 | DM112: #N/A | DR112: -1
... CQ118: 39965 | CR118: 0.0082996122 | CS118: -0.01426776 | CT118: 1 | CV118: 39965 | CW118: 0.0043782837 | CX118: -0.0025996534 | CY118: -0.016129032 | DA118: 39965 | DB118: 0.00095018821 | DC118: 0.017304329 | DE118: 39965 | DF118: 0.0017953321 | DG118: 0.012692656 | DI118: 39965 | DJ118: 0.3 | DK118: 0.095 | DL118: 0.0021 | DM118: #N/A | DR118: -1
CQ119: 39995 | CR119: -0.00029796545 | CS119: -0.020971614 | CT119: #N/A | CV119: 39995 | CW119: -0.0034873583 | CX119: -0.0094991364 | CY119: -0.01459854 | DA119: 39995 | DB119: 0.00068914528 | DC119: 0.015297739 | DE119: 39995 | DF119: 0 | DG119: 0.0099637681 | DI119: 39995 | DJ119: #N/A | DK119: 0.095 | DL119: 0.0016 | DM119: #N/A | DR119: #N/A
CQ120: 40026 | CR120: 0.0033484534 | CS120: -0.014843486 | CT120: #N/A | CV120: 40026 | CW120: 0.0017497813 | CX120: -0.0077854671 | CY120: -0.016921837 | DA120: 40026 | DB120: 0.0010626508 | DC120: 0.014412683 | DE120: 40026 | DF120: 0 | DG120: 0.0090497738 | DI120: 40026 | DJ120: #N/A | DK120: 0.096 | DL120: 0.0016 | DM120: #N/A | DR120: #N/A
CQ121: 40057 | CR121: 0.0019308872 | CS121: -0.01286206 | CT121: #N/A | CV121: 40057 | CW121: 0.00087336245 | CX121: -0.0086430424 | CY121: -0.010586319 | DA121: 40057 | DB121: 0.0019316981 | DC121: 0.01510177 | DE121: 40057 | DF121: 0 | DG121: 0.0090252708 | DI121: 40057 | DJ121: #N/A | DK121: 0.098 | DL121: 0.0015 | DM121: #N/A | DR121: #N/A
CQ122: 40087 | CR122: 0.0030019318 | CS122: -0.0018284828 | CT122: #N/A | CV122: 40087 | CW122: 0.0017452007 | CX122: 0.00087336245 | CY122: 0.00082304527 | DA122: 40087 | DB122: 0.0026418698 | DC122: 0.017085747 | DE122: 40087 | DF122: 0.00089605735 | DG122: 0.012658228 | DI122: 40087 | DJ122: #N/A | DK122: 0.1 | DL122: 0.0012 | DM122: #N/A | DR122: #N/A
CQ123: 40118 | CR123: 0.0033485906 | CS123: 0.018382959 | CT123: #N/A | CV123: 40118 | CW123: 0.0052264808 | CX123: 0.0096406661 | CY123: 0.0082236842 | DA123: 40118 | DB123: 0.00074829593 | DC123: 0.017047395 | DE123: 40118 | DF123: 0.0017905103 | DG123: 0.0080862534 | DI123: 40118 | DJ123: #N/A | DK123: 0.099 | DL123: 0.0012 | DM123: #N/A | DR123: #N/A
CQ124: 40148 | CR124: 0.0005201764 | CS124: 0.027213311 | CT124: #N/A | CV124: 40148 | CW124: 0 | CX124: 0.013239188 | CY124: 0.0057755776 | DA124: 40148 | DB124: 0.00097432319 | DC124: 0.018162888 | DE124: 40148 | DF124: 0 | DG124: 0.0063063063 | DI124: 40148 | DJ124: #N/A | DK124: 0.099 | DL124: 0.0012 | DM124: #N/A | DR124: #N/A
CQ125: 40179 | CR125: 0.00064873221 | CS125: 0.026257086 | CT125: #N/A | CV125: 40179 | CW125: 0.0034662045 | CX125: 0.018584071 | CY125: 0.017470882 | DA125: 40179 | DB125: -0.0011227765 | DC125: 0.015536247 | DE125: 40179 | DF125: 0.0017873101 | DG125: 0.011786038 | DI125: 40179 | DJ125: #N/A | DK125: 0.098 | DL125: 0.0011 | DM125: #N/A | DR125: #N/A
CQ126: 40210 | CR126: -0.00095177665 | CS126: 0.021433318 | CT126: #N/A | CV126: 40210 | CW126: 0.00086355786 | CX126: 0.015817223 | CY126: 0.0098765432 | DA126: 40210 | DB126: 0.00044417653 | DC126: 0.013400096 | DE126: 40210 | DF126: 0.0044603033 | DG126: 0.014440433 | DI126: 40210 | DJ126: #N/A | DK126: 0.098 | DL126: 0.0013 | DM126: #N/A | DR126: #N/A
CQ127: 40238 | CR127: 0.00033136814 | CS127: 0.023139594 | CT127: #N/A | CV127: 40238 | CW127: -0.0025884383 | CX127: 0.014035088 | CY127: 0.0099255583 | DA127: 40238 | DB127: 0.00023558087 | DC127: 0.011068474 | DE127: 40238 | DF127: -0.0044404973 | DG127: 0.0090009001 | DI127: 40238 | DJ127: #N/A | DK127: 0.099 | DL127: 0.0016 | DM127: #N/A | DR127: #N/A
CQ128: 40269 | CR128: 0.00023004053 | CS128: 0.022364472 | CT128: #N/A | CV128: 40269 | CW128: 0 | CX128: 0.018437226 | CY128: 0.015780731 | DA128: 40269 | DB128: 0.00017664404 | DC128: 0.0092314151 | DE128: 40269 | DF128: 0.0035682426 | DG128: 0.011690647 | DI128: 40269 | DJ128: #N/A | DK128: 0.099 | DL128: 0.002 | DM128: #N/A | DR128: #N/A
CQ129: 40299 | CR129: -0.00051977204 | CS129: 0.020209861 | CT129: #N/A | CV129: 40299 | CW129: 0.0008650519 | CX129: 0.013949433 | CY129: 0.010708402 | DA129: 40299 | DB129: 0.0006339948 | DC129: 0.0094237158 | DE129: 40299 | DF129: 0 | DG129: 0.0098478066 | DI129: 40299 | DJ129: #N/A | DK129: 0.096 | DL129: 0.002 | DM129: #N/A | DR129: #N/A
CQ130: 40330 | CR130: -0.00041879516 | CS130: 0.01053349 | CT130: #N/A | CV130: 40330 | CW130: 0.0025929127 | CX130: 0.009556907 | CY130: 0.0057377049 | DA130: 40330 | DB130: 0.0010499543 | DC130: 0.0090385484 | DE130: 40330 | DF130: 0.0026666667 | DG130: 0.0089525515 | DI130: 40330 | DJ130: #N/A | DK130: 0.094 | DL130: 0.0018 | DM130: #N/A | DR130: #N/A
... CQ204: 42583 | CR204: 0.0018492218 | CS204: 0.010628745 | CT204: #N/A | CV204: 42583 | CW204: 0.00077821012 | CX204: 0.010997643 | CY204: 0.0066666667 | DA204: 42583 | DB204: 0.0023968139 | DC204: 0.023189684 | DE204: 42583 | DF204: 0.00080775444 | DG204: 0.018930041 | DI204: 42583 | DJ204: #N/A | DK204: 0.049 | DL204: 0.004 | DM204: #N/A | DR204: #N/A
CQ205: 42614 | CR205: 0.0026232098 | CS205: 0.014637836 | CT205: #N/A | CV205: 42614 | CW205: 0.00155521 | CX205: 0.013375295 | CY205: 0.0052005944 | DA205: 42614 | DB205: 0.0016866393 | DC205: 0.022074384 | DE205: 42614 | DF205: 0.001614205 | DG205: 0.019688269 | DI205: 42614 | DJ205: #N/A | DK205: 0.05 | DL205: 0.004 | DM205: 2168.27 | DR205: #N/A
CQ206: 42644 | CR206: 0.0023426875 | CS206: 0.016359875 | CT206: #N/A | CV206: 42644 | CW206: 0.0023291925 | CX206: 0.014937107 | CY206: 0.0051813472 | DA206: 42644 | DB206: 0.0012055843 | DC206: 0.02144804 | DE206: 42644 | DF206: 0 | DG206: 0.018821604 | DI206: 42644 | DJ206: #N/A | DK206: 0.049 | DL206: 0.004 | DM206: 2126.15 | DR206: #N/A
CQ207: 42675 | CR207: 0.0011789477 | CS207: 0.016925372 | CT207: #N/A | CV207: 42675 | CW207: -0.0015491867 | CX207: 0.011801731 | CY207: 0.0022271715 | DA207: 42675 | DB207: 0.0013606698 | DC207: 0.021108266 | DE207: 42675 | DF207: 0 | DG207: 0.017227235 | DI207: 42675 | DJ207: #N/A | DK207: 0.047 | DL207: 0.0041 | DM207: 2198.81 | DR207: #N/A
CQ208: 42705 | CR208: 0.0025245222 | CS208: 0.020746221 | CT208: #N/A | CV208: 42705 | CW208: 0.0031031808 | CX208: 0.015019763 | CY208: 0.010486891 | DA208: 42705 | DB208: 0.001759653 | DC208: 0.021966617 | DE208: 42705 | DF208: 0.0024174053 | DG208: 0.018136851 | DI208: 42705 | DJ208: #N/A | DK208: 0.047 | DL208: 0.0054 | DM208: 2238.83 | DR208: #N/A
CQ209: 42736 | CR209: 0.0040430767 | CS209: 0.025000422 | CT209: #N/A | CV209: 42736 | CW209: 0.0061871616 | CX209: 0.021293375 | CY209: 0.024682124 | DA209: 42736 | DB209: 0.0021887004 | DC209: 0.022717235 | DE209: 42736 | DF209: 0.0040192926 | DG209: 0.022203947 | DI209: 42736 | DJ209: #N/A | DK209: 0.047 | DL209: 0.0065 | DM209: 2278.87 | DR209: #N/A
CQ210: 42767 | CR210: 0.0015926574 | CS210: 0.027379582 | CT210: #N/A | CV210: 42767 | CW210: -0.001537279 | CX210: 0.020456334 | CY210: 0.021674141 | DA210: 42767 | DB210: 0.0021200398 | DC210: 0.022236242 | DE210: 42767 | DF210: 0 | DG210: 0.020441537 | DI210: 42767 | DJ210: #N/A | DK210: 0.046 | DL210: 0.0066 | DM210: 2363.64 | DR210: #N/A
CQ211: 42795 | CR211: -0.00046720163 | CS211: 0.023806124 | CT211: #N/A | CV211: 42795 | CW211: -0.0015396459 | CX211: 0.015637217 | CY211: 0.013333333 | DA211: 42795 | DB211: -0.00021514116 | DC211: 0.020019646 | DE211: 42795 | DF211: 0 | DG211: 0.017059301 | DI211: 42795 | DJ211: #N/A | DK211: 0.044 | DL211: 0.0079 | DM211: 2362.72 | DR211: #N/A
CQ212: 42826 | CR212: 0.0012341528 | CS212: 0.021996899 | CT212: #N/A | CV212: 42826 | CW212: 0.0030840401 | CX212: 0.016367888 | CY212: 0.017024426 | DA212: 42826 | DB212: 0.0011277416 | DC212: 0.018826521 | DE212: 42826 | DF212: 0 | DG212: 0.01540957 | DI212: 42826 | DJ212: #N/A | DK212: 0.044 | DL212: 0.009 | DM212: 2384.2 | DR212: #N/A
CQ213: 42856 | CR213: -0.00077397796 | CS213: 0.018748777 | CT213: #N/A | CV213: 42856 | CW213: -0.001537279 | CX213: 0.013198758 | CY213: 0.01179941 | DA213: 42856 | DB213: 0.00080803417 | DC213: 0.017334292 | DE213: 42856 | DF213: 0.001601281 | DG213: 0.013731826 | DI213: 42856 | DJ213: #N/A | DK213: 0.044 | DL213: 0.0091 | DM213: 2411.8 | DR213: #N/A
CQ214: 42887 | CR214: 0.00065162866 | CS214: 0.01633488 | CT214: #N/A | CV214: 42887 | CW214: 0 | CX214: 0.010069713 | CY214: 0.0044020543 | DA214: 42887 | DB214: 0.001256811 | DC214: 0.017030275 | DE214: 42887 | DF214: 0.001598721 | DG214: 0.013720743 | DI214: 42887 | DJ214: #N/A | DK214: 0.043 | DL214: 0.0104 | DM214: 2423.41 | DR214: #N/A
CQ215: 42917 | CR215: 0.00032764997 | CS215: 0.017279785 | CT215: #N/A | CV215: 42917 | CW215: 0.0015396459 | CX215: 0.011636928 | CY215: 0.010324484 | DA215: 42917 | DB215: 0.0009493696 | DC215: 0.016920692 | DE215: 42917 | DF215: 0.0015961692 | DG215: 0.01453958 | DI215: 42917 | DJ215: #N/A | DK215: 0.043 | DL215: 0.0115 | DM215: 2470.3 | DR215: #N/A
CQ216: 42948 | CR216: 0.0038486262 | CS216: 0.019389742 | CT216: #N/A | CV216: 42948 | CW216: 0.0023059185 | CX216: 0.013986014 | CY216: 0.011037528 | DA216: 42948 | DB216: 0.0021826696 | DC216: 0.016844022 | DE216: 42948 | DF216: 0.00079681275 | DG216: 0.01453958 | DI216: 42948 | DJ216: #N/A | DK216: 0.044 | DL216: 0.0116 | DM216: 2471.65 | DR216: #N/A
... CQ246: 43862 | CR246: 0.00047467072 | CS246: 0.023348736 | CT246: #N/A | CV246: 43862 | CW246: 0.0014545455 | CX246: 0.021561338 | CY246: 0.024647887 | DA246: 43862 | DB246: 0.0024520464 | DC246: 0.02356825 | DE246: 43862 | DF246: 0.0038022814 | DG246: 0.019290123 | DI246: 43862 | DJ246: #N/A | DK246: 0.035 | DL246: 0.0158 | DM246: 2954.22 | DR246: #N/A
CQ247: 43891 | CR247: -0.0045284474 | CS247: 0.01539327 | CT247: 1 | CV247: 43891 | CW247: -0.01016703 | CX247: 0.0088626292 | CY247: 0.0069881202 | DA247: 43891 | DB247: -0.0011818828 | DC247: 0.020913854 | DE247: 43891 | DF247: -0.00075757576 | DG247: 0.016923077 | DI247: 43891 | DJ247: 0.3 | DK247: 0.044 | DL247: 0.0065 | DM247: 2584.59 | DR247: -1
CQ248: 43922 | CR248: -0.0079201476 | CS248: 0.0032909669 | CT248: 1 | CV248: 43922 | CW248: -0.00513573 | CX248: -0.0022058824 | CY248: -0.0048712596 | DA248: 43922 | DB248: -0.0048978858 | DC248: 0.014321547 | DE248: 43922 | DF248: -0.0015163002 | DG248: 0.013066872 | DI248: 43922 | DJ248: 0.3 | DK248: 0.148 | DL248: 0.0005 | DM248: 2912.43 | DR248: -1
CQ249: 43952 | CR249: -0.00089832521 | CS249: 0.0011792637 | CT249: #N/A | CV249: 43952 | CW249: -0.0014749263 | CX249: -0.0036603221 | CY249: 0.00069444444 | DA249: 43952 | DB249: -0.0012568392 | DC249: 0.012220572 | DE249: 43952 | DF249: -0.0022779043 | DG249: 0.0061208875 | DI249: 43952 | DJ249: #N/A | DK249: 0.132 | DL249: 0.0005 | DM249: 3044.31 | DR249: #N/A
CQ250: 43983 | CR250: 0.0048474992 | CS250: 0.0064573305 | CT250: #N/A | CV250: 43983 | CW250: 0.0081240768 | CX250: 0.0066030814 | CY250: 0.01611773 | DA250: 43983 | DB250: 0.0016464968 | DC250: 0.011874138 | DE250: 43983 | DF250: 0.00304414 | DG250: 0.0099388379 | DI250: 43983 | DJ250: #N/A | DK250: 0.11 | DL250: 0.0008 | DM250: 3100.29 | DR250: #N/A
CQ251: 44013 | CR251: 0.0050964434 | CS251: 0.0098608183 | CT251: #N/A | CV251: 44013 | CW251: 0 | CX251: 0.001459854 | CY251: 0.0090529248 | DA251: 44013 | DB251: 0.0057927621 | DC251: 0.015696258 | DE251: 44013 | DF251: -0.002276176 | DG251: 0.0045696877 | DI251: 44013 | DJ251: #N/A | DK251: 0.102 | DL251: 0.0009 | DM251: 3271.12 | DR251: #N/A
CQ252: 44044 | CR252: 0.0037313433 | CS252: 0.013096454 | CT252: #N/A | CV252: 44044 | CW252: 0.0021978022 | CX252: 0.0014619883 | CY252: 0.0055788006 | DA252: 44044 | DB252: 0.0038632853 | DC252: 0.017363884 | DE252: 44044 | DF252: 0.0015209125 | DG252: 0.0045696877 | DI252: 44044 | DJ252: #N/A | DK252: 0.084 | DL252: 0.001 | DM252: 3500.31 | DR252: #N/A
CQ253: 44075 | CR253: 0.0026261395 | CS253: 0.013713249 | CT253: #N/A | CV253: 44075 | CW253: 0.0021929825 | CX253: 0.0051395007 | CY253: 0.014695591 | DA253: 44075 | DB253: 0.0019037188 | DC253: 0.01713279 | DE253: 44075 | DF253: 0.0022779043 | DG253: 0.0084097859 | DI253: 44075 | DJ253: #N/A | DK253: 0.078 | DL253: 0.0009 | DM253: 3363 | DR253: #N/A
CQ254: 44105 | CR254: 0.0012384758 | CS254: 0.011820662 | CT254: #N/A | CV254: 44105 | CW254: 0.0029175784 | CX254: 0.0065885798 | CY254: 0.011142061 | DA254: 44105 | DB254: 0.0013869626 | DC254: 0.016105848 | DE254: 44105 | DF254: 0.0022727273 | DG254: 0.0083713851 | DI254: 44105 | DJ254: #N/A | DK254: 0.069 | DL254: 0.0009 | DM254: 3269.96 | DR254: #N/A
CQ255: 44136 | CR255: 0.0022741329 | CS255: 0.011745358 | CT255: #N/A | CV255: 44136 | CW255: 0.0036363636 | CX255: 0.0095307918 | CY255: 0.012534819 | DA255: 44136 | DB255: 0.0025064425 | DC255: 0.016464988 | DE255: 44136 | DF255: 0.0037792895 | DG255: 0.012977099 | DI255: 44136 | DJ255: #N/A | DK255: 0.067 | DL255: 0.0009 | DM255: 3621.63 | DR255: #N/A
CQ256: 44166 | CR256: 0.0043463097 | CS256: 0.013620055 | CT256: #N/A | CV256: 44166 | CW256: 0.0036231884 | CX256: 0.0073313783 | CY256: 0.0076548365 | DA256: 44166 | DB256: 0.0013334272 | DC256: 0.016196426 | DE256: 44166 | DF256: 0.00075301205 | DG256: 0.010703364 | DI256: 44166 | DJ256: #N/A | DK256: 0.067 | DL256: 0.0009 | DM256: 3756.07 | DR256: #N/A
CQ257: 44197 | CR257: 0.0024499609 | CS257: 0.013997697 | CT257: #N/A | CV257: 44197 | CW257: 0.00433213 | CX257: 0.010233918 | CY257: 0.007601935 | DA257: 44197 | DB257: 0.00017015547 | DC257: 0.014101292 | DE257: 44197 | DF257: 0.0037622272 | DG257: 0.013740458 | DI257: 44197 | DJ257: #N/A | DK257: 0.064 | DL257: 0.0009 | DM257: 3714.24 | DR257: #N/A
CQ258: 44228 | CR258: 0.0033956762 | CS258: 0.016762152 | CT258: #N/A | CV258: 44228 | CW258: 0.0021567218 | CX258: 0.010917031 | CY258: 0.006185567 | DA258: 44228 | DB258: 0.0015015515 | DC258: 0.012826077 | DE258: 44228 | DF258: -0.00074962519 | DG258: 0.0075700227 | DI258: 44228 | DJ258: #N/A | DK258: 0.062 | DL258: 0.0008 | DM258: 3811.15 | DR258: #N/A
CQ259: 44256 | CR259: 0.0052432098 | CS259: 0.026197625 | CT259: #N/A | CV259: 44256 | CW259: 0.00071736011 | CX259: 0.021961933 | CY259: 0.019430951 | DA259: 44256 | DB259: 0.0024594432 | DC259: 0.016463907 | DE259: 44256 | DF259: 0.00075018755 | DG259: 0.0090771558 | DI259: 44256 | DJ259: #N/A | DK259: 0.061 | DL259: 0.0007 | DM259: 3972.89 | DR259: #N/A
CQ260: 44287 | CR260: 0.006238654 | CS260: 0.041596948 | CT260: #N/A | CV260: 44287 | CW260: 0.0028673835 | CX260: 0.033898305 | CY260: 0.032867133 | DA260: 44287 | DB260: 0.0081080384 | DC260: 0.029610394 | DE260: 44287 | DF260: 0.0044977511 | DG260: 0.018209408 | DI260: 44287 | DJ260: #N/A | DK260: 0.061 | DL260: 0.0007 | DM260: 4181.17 | DR260: #N/A
... CQ313: 45901 | CR313: 0.0029509018 | CS313: 0.030126768 | CT313: #N/A | CV313: 45901 | CW313: 0.0042604991 | CX313: 0.023587834 | CY313: 0.01891253 | DA313: 45901 | DB313: 0.0021777373 | DC313: 0.03019224 | DE313: 45901 | DF313: 0.001931745 | DG313: 0.024390244 | DI313: 45901 | DJ313: #N/A | DK313: 0.044 | DL313: 0.0422 | DM313: 6688.46 | DR313: #N/A
CQ314: 45962 | CR314: #N/A | CS314: 0.027350845 | CT314: #N/A | CV314: 45931 | CW314: 0.0012121212 | CX314: 0.021631644 | CY314: 0.018224574 | DA314: 45962 | DB314: #N/A | DC314: 0.026333527 | DE314: 45931 | DF314: 0.0025706941 | DG314: 0.026902887 | DI314: 45931 | DJ314: #N/A | DK314: #N/A | DL314: 0.0409 | DM314: 6840.2 | DR314: #N/A
CQ315: 45992 | CR315: 0.0029778843 | CS315: 0.026770805 | CT315: #N/A | CV315: 45962 | CW315: 0.0024213075 | CX315: 0.022249691 | CY315: 0.01880141 | DA315: 45992 | DB315: 0.0023290026 | DC315: 0.026393836 | DE315: 45962 | DF315: 0.00064102564 | DG315: 0.024310118 | DI315: 45962 | DJ315: #N/A | DK315: 0.045 | DL315: 0.0388 | DM315: 6849.09 | DR315: #N/A
CQ316: 46023 | CR316: 0.0017084265 | CS316: 0.023864312 | CT316: #N/A | CV316: 45992 | CW316: 0.0030193237 | CX316: 0.023573201 | CY316: 0.021213907 | DA316: 46023 | DB316: 0.0029504481 | DC316: 0.025036901 | DE316: 45992 | DF316: 0.00256246 | DG316: 0.024983563 | DI316: 45992 | DJ316: #N/A | DK316: 0.044 | DL316: 0.0372 | DM316: 6845.5 | DR316: #N/A
CQ317: 46054 | CR317: 0.0026700307 | CS317: 0.02414113 | CT317: #N/A | CV317: 46023 | CW317: 0.00060204696 | CX317: 0.022938624 | CY317: 0.019988242 | DA317: 46054 | DB317: 0.0021605022 | DC317: 0.024565568 | DE317: 46023 | DF317: 0.00063897764 | DG317: 0.023684211 | DI317: 46023 | DJ317: #N/A | DK317: 0.043 | DL317: 0.0364 | DM317: 6939.03 | DR317: #N/A
CQ318: 46082 | CR318: 0.0086514383 | CS318: 0.032564204 | CT318: #N/A | CV318: 46054 | CW318: 0.0018050542 | CX318: 0.017791411 | CY318: 0.017502917 | DA318: 46082 | DB318: 0.0019579505 | DC318: 0.025950119 | DE318: 46054 | DF318: 0.0012771392 | DG318: 0.019556714 | DI318: 46054 | DJ318: #N/A | DK318: 0.044 | DL318: 0.0364 | DM318: 6878.88 | DR318: #N/A
CQ319: 46113 | CR319: 0.0064003778 | CS319: 0.038108449 | CT319: #N/A | CV319: 46082 | CW319: 0.0048048048 | CX319: 0.023853211 | CY319: 0.022674419 | DA319: 46113 | DB319: 0.0037646073 | DC319: 0.027501798 | DE319: 46082 | DF319: -0.0006377551 | DG319: 0.018867925 | DI319: 46082 | DJ319: #N/A | DK319: 0.043 | DL319: 0.0364 | DM319: 6528.52 | DR319: #N/A
CQ320: 46143 | CR320: 0.0047291423 | CS320: 0.04248674 | CT320: #N/A | CV320: 46113 | CW320: 0.0035863718 | CX320: 0.028151775 | CY320: 0.032144944 | DA320: 46143 | DB320: 0.0020809545 | DC320: 0.02850914 | DE320: 46113 | DF320: 0.00063816209 | DG320: 0.014896373 | DI320: 46113 | DJ320: #N/A | DK320: 0.043 | DL320: 0.0364 | DM320: 7209.01 | DR320: #N/A
CQ321: 46174 | CR321: -0.0042248165 | CS321: 0.035314251 | CT321: #N/A | CV321: 46143 | CW321: 0.0041691483 | CX321: 0.032258065 | CY321: 0.037230948 | DA321: 46174 | DB321: -0.00016660667 | DC321: 0.025940724 | DE321: 46143 | DF321: 0.0025510204 | DG321: 0.016097875 | DI321: 46143 | DJ321: #N/A | DK321: 0.043 | DL321: 0.0363 | DM321: 7580.06 | DR321: #N/A
CQ322: 46204 | CR322: 0.00073669144 | CS322: 0.03364825 | CT322: #N/A | CV322: 46174 | CW322: -0.00059311981 | CX322: 0.027980535 | CY322: 0.0342426 | DA322: 46204 | DB322: 0.0021543451 | DC322: 0.024782662 | DE322: 46174 | DF322: 0.0031806616 | DG322: 0.018018018 | DI322: 46174 | DJ322: #N/A | DK322: 0.042 | DL322: 0.0363 | DM322: 7499.36 | DR322: #N/A
...
